region,year,month,month_name,date,arrivals
Africa,2008,1,Jan,2008-01-01,9504
Americas,2008,1,Jan,2008-01-01,47540
Australia,2008,1,Jan,2008-01-01,82778
Bangladesh,2008,1,Jan,2008-01-01,7252
Belgium & Luxembourg,2008,1,Jan,2008-01-01,1574
Brunei Darussalam,2008,1,Jan,2008-01-01,4126
Canada,2008,1,Jan,2008-01-01,8760
China,2008,1,Jan,2008-01-01,108486
Denmark,2008,1,Jan,2008-01-01,3348
Egypt,2008,1,Jan,2008-01-01,426
Europe,2008,1,Jan,2008-01-01,124515
Finland,2008,1,Jan,2008-01-01,1513
France,2008,1,Jan,2008-01-01,8771
Germany,2008,1,Jan,2008-01-01,14269
Greater China,2008,1,Jan,2008-01-01,145726
Hong Kong SAR,2008,1,Jan,2008-01-01,19817
India,2008,1,Jan,2008-01-01,58365
Indonesia,2008,1,Jan,2008-01-01,155708
Iran,2008,1,Jan,2008-01-01,1045
Israel,2008,1,Jan,2008-01-01,1147
Italy,2008,1,Jan,2008-01-01,3719
Japan,2008,1,Jan,2008-01-01,52973
Kuwait,2008,1,Jan,2008-01-01,308
Malaysia,2008,1,Jan,2008-01-01,45984
Mauritius,2008,1,Jan,2008-01-01,1015
Myanmar,2008,1,Jan,2008-01-01,6090
Netherlands,2008,1,Jan,2008-01-01,5988
New Zealand,2008,1,Jan,2008-01-01,8994
North Asia,2008,1,Jan,2008-01-01,103460
Norway,2008,1,Jan,2008-01-01,3269
Oceania,2008,1,Jan,2008-01-01,93022
Other Markets In Africa,2008,1,Jan,2008-01-01,3656
Other Markets In Americas,2008,1,Jan,2008-01-01,2333
Other Markets In Europe,2008,1,Jan,2008-01-01,11108
Other Markets In Greater China,2008,1,Jan,2008-01-01,1081
Other Markets In North Asia,2008,1,Jan,2008-01-01,55
Other Markets In Oceania,2008,1,Jan,2008-01-01,1250
Other Markets In South Asia,2008,1,Jan,2008-01-01,2660
Other Markets In Southeast Asia,2008,1,Jan,2008-01-01,2236
Other Markets In West Asia,2008,1,Jan,2008-01-01,1317
Others,2008,1,Jan,2008-01-01,571
Pakistan,2008,1,Jan,2008-01-01,1701
Philippines,2008,1,Jan,2008-01-01,24635
Rep Of Ireland,2008,1,Jan,2008-01-01,2703
Russian Federation,2008,1,Jan,2008-01-01,8683
Saudi Arabia,2008,1,Jan,2008-01-01,443
South Africa (Rep Of),2008,1,Jan,2008-01-01,4407
South Asia,2008,1,Jan,2008-01-01,76189
South Korea,2008,1,Jan,2008-01-01,50432
Southeast Asia,2008,1,Jan,2008-01-01,277557
Spain,2008,1,Jan,2008-01-01,2032
Sri Lanka,2008,1,Jan,2008-01-01,6211
Sweden,2008,1,Jan,2008-01-01,5036
Switzerland,2008,1,Jan,2008-01-01,4884
Taiwan,2008,1,Jan,2008-01-01,16342
Thailand,2008,1,Jan,2008-01-01,25851
Total International Visitor Arrivals By Place Of Residence,2008,1,Jan,2008-01-01,885290
USA,2008,1,Jan,2008-01-01,36447
United Arab Emirates,2008,1,Jan,2008-01-01,2946
United Kingdom,2008,1,Jan,2008-01-01,47618
Vietnam,2008,1,Jan,2008-01-01,12927
West Asia,2008,1,Jan,2008-01-01,7206
Africa,2008,2,Feb,2008-02-01,5022
Americas,2008,2,Feb,2008-02-01,42718
Australia,2008,2,Feb,2008-02-01,52457
Bangladesh,2008,2,Feb,2008-02-01,6700
Belgium & Luxembourg,2008,2,Feb,2008-02-01,1672
Brunei Darussalam,2008,2,Feb,2008-02-01,3338
Canada,2008,2,Feb,2008-02-01,7661
China,2008,2,Feb,2008-02-01,121031
Denmark,2008,2,Feb,2008-02-01,3992
Egypt,2008,2,Feb,2008-02-01,312
Europe,2008,2,Feb,2008-02-01,122346
Finland,2008,2,Feb,2008-02-01,1554
France,2008,2,Feb,2008-02-01,9093
Germany,2008,2,Feb,2008-02-01,15670
Greater China,2008,2,Feb,2008-02-01,167633
Hong Kong SAR,2008,2,Feb,2008-02-01,27263
India,2008,2,Feb,2008-02-01,49078
Indonesia,2008,2,Feb,2008-02-01,124940
Iran,2008,2,Feb,2008-02-01,1259
Israel,2008,2,Feb,2008-02-01,1149
Italy,2008,2,Feb,2008-02-01,3226
Japan,2008,2,Feb,2008-02-01,47449
Kuwait,2008,2,Feb,2008-02-01,310
Malaysia,2008,2,Feb,2008-02-01,50318
Mauritius,2008,2,Feb,2008-02-01,745
Myanmar,2008,2,Feb,2008-02-01,5329
Netherlands,2008,2,Feb,2008-02-01,5948
New Zealand,2008,2,Feb,2008-02-01,5365
North Asia,2008,2,Feb,2008-02-01,88478
Norway,2008,2,Feb,2008-02-01,3348
Oceania,2008,2,Feb,2008-02-01,58822
Other Markets In Africa,2008,2,Feb,2008-02-01,2072
Other Markets In Americas,2008,2,Feb,2008-02-01,2051
Other Markets In Europe,2008,2,Feb,2008-02-01,9823
Other Markets In Greater China,2008,2,Feb,2008-02-01,1510
Other Markets In North Asia,2008,2,Feb,2008-02-01,31
Other Markets In Oceania,2008,2,Feb,2008-02-01,1000
Other Markets In South Asia,2008,2,Feb,2008-02-01,2272
Other Markets In Southeast Asia,2008,2,Feb,2008-02-01,2457
Other Markets In West Asia,2008,2,Feb,2008-02-01,1085
Others,2008,2,Feb,2008-02-01,489
Pakistan,2008,2,Feb,2008-02-01,1252
Philippines,2008,2,Feb,2008-02-01,28674
Rep Of Ireland,2008,2,Feb,2008-02-01,2137
Russian Federation,2008,2,Feb,2008-02-01,3954
Saudi Arabia,2008,2,Feb,2008-02-01,640
South Africa (Rep Of),2008,2,Feb,2008-02-01,1893
South Asia,2008,2,Feb,2008-02-01,65091
South Korea,2008,2,Feb,2008-02-01,40998
Southeast Asia,2008,2,Feb,2008-02-01,255547
Spain,2008,2,Feb,2008-02-01,1795
Sri Lanka,2008,2,Feb,2008-02-01,5789
Sweden,2008,2,Feb,2008-02-01,4112
Switzerland,2008,2,Feb,2008-02-01,4834
Taiwan,2008,2,Feb,2008-02-01,17829
Thailand,2008,2,Feb,2008-02-01,23320
Total International Visitor Arrivals By Place Of Residence,2008,2,Feb,2008-02-01,813028
USA,2008,2,Feb,2008-02-01,33006
United Arab Emirates,2008,2,Feb,2008-02-01,2439
United Kingdom,2008,2,Feb,2008-02-01,51188
Vietnam,2008,2,Feb,2008-02-01,17171
West Asia,2008,2,Feb,2008-02-01,6882
Africa,2008,3,Mar,2008-03-01,7734
Americas,2008,3,Mar,2008-03-01,50240
Australia,2008,3,Mar,2008-03-01,61681
Bangladesh,2008,3,Mar,2008-03-01,7986
Belgium & Luxembourg,2008,3,Mar,2008-03-01,2152
Brunei Darussalam,2008,3,Mar,2008-03-01,5406
Canada,2008,3,Mar,2008-03-01,8239
China,2008,3,Mar,2008-03-01,98180
Denmark,2008,3,Mar,2008-03-01,3720
Egypt,2008,3,Mar,2008-03-01,338
Europe,2008,3,Mar,2008-03-01,141721
Finland,2008,3,Mar,2008-03-01,1431
France,2008,3,Mar,2008-03-01,9707
Germany,2008,3,Mar,2008-03-01,18467
Greater China,2008,3,Mar,2008-03-01,140905
Hong Kong SAR,2008,3,Mar,2008-03-01,27600
India,2008,3,Mar,2008-03-01,57776
Indonesia,2008,3,Mar,2008-03-01,155238
Iran,2008,3,Mar,2008-03-01,6760
Israel,2008,3,Mar,2008-03-01,1024
Italy,2008,3,Mar,2008-03-01,3420
Japan,2008,3,Mar,2008-03-01,57364
Kuwait,2008,3,Mar,2008-03-01,250
Malaysia,2008,3,Mar,2008-03-01,56359
Mauritius,2008,3,Mar,2008-03-01,736
Myanmar,2008,3,Mar,2008-03-01,6989
Netherlands,2008,3,Mar,2008-03-01,6107
New Zealand,2008,3,Mar,2008-03-01,6846
North Asia,2008,3,Mar,2008-03-01,97077
Norway,2008,3,Mar,2008-03-01,4554
Oceania,2008,3,Mar,2008-03-01,69741
Other Markets In Africa,2008,3,Mar,2008-03-01,2771
Other Markets In Americas,2008,3,Mar,2008-03-01,2997
Other Markets In Europe,2008,3,Mar,2008-03-01,10467
Other Markets In Greater China,2008,3,Mar,2008-03-01,1347
Other Markets In North Asia,2008,3,Mar,2008-03-01,30
Other Markets In Oceania,2008,3,Mar,2008-03-01,1214
Other Markets In South Asia,2008,3,Mar,2008-03-01,2570
Other Markets In Southeast Asia,2008,3,Mar,2008-03-01,1931
Other Markets In West Asia,2008,3,Mar,2008-03-01,1204
Others,2008,3,Mar,2008-03-01,548
Pakistan,2008,3,Mar,2008-03-01,2055
Philippines,2008,3,Mar,2008-03-01,37117
Rep Of Ireland,2008,3,Mar,2008-03-01,2900
Russian Federation,2008,3,Mar,2008-03-01,4815
Saudi Arabia,2008,3,Mar,2008-03-01,687
South Africa (Rep Of),2008,3,Mar,2008-03-01,3889
South Asia,2008,3,Mar,2008-03-01,76460
South Korea,2008,3,Mar,2008-03-01,39683
Southeast Asia,2008,3,Mar,2008-03-01,312642
Spain,2008,3,Mar,2008-03-01,2819
Sri Lanka,2008,3,Mar,2008-03-01,6073
Sweden,2008,3,Mar,2008-03-01,4248
Switzerland,2008,3,Mar,2008-03-01,5642
Taiwan,2008,3,Mar,2008-03-01,13778
Thailand,2008,3,Mar,2008-03-01,31641
Total International Visitor Arrivals By Place Of Residence,2008,3,Mar,2008-03-01,910635
USA,2008,3,Mar,2008-03-01,39004
United Arab Emirates,2008,3,Mar,2008-03-01,3642
United Kingdom,2008,3,Mar,2008-03-01,61272
Vietnam,2008,3,Mar,2008-03-01,17961
West Asia,2008,3,Mar,2008-03-01,13567
Africa,2008,4,Apr,2008-04-01,7903
Americas,2008,4,Apr,2008-04-01,39477
Australia,2008,4,Apr,2008-04-01,63079
Bangladesh,2008,4,Apr,2008-04-01,7718
Belgium & Luxembourg,2008,4,Apr,2008-04-01,1598
Brunei Darussalam,2008,4,Apr,2008-04-01,3409
Canada,2008,4,Apr,2008-04-01,6058
China,2008,4,Apr,2008-04-01,107639
Denmark,2008,4,Apr,2008-04-01,2454
Egypt,2008,4,Apr,2008-04-01,388
Europe,2008,4,Apr,2008-04-01,107745
Finland,2008,4,Apr,2008-04-01,982
France,2008,4,Apr,2008-04-01,9897
Germany,2008,4,Apr,2008-04-01,14169
Greater China,2008,4,Apr,2008-04-01,142790
Hong Kong SAR,2008,4,Apr,2008-04-01,20232
India,2008,4,Apr,2008-04-01,62908
Indonesia,2008,4,Apr,2008-04-01,131809
Iran,2008,4,Apr,2008-04-01,772
Israel,2008,4,Apr,2008-04-01,816
Italy,2008,4,Apr,2008-04-01,3556
Japan,2008,4,Apr,2008-04-01,36301
Kuwait,2008,4,Apr,2008-04-01,220
Malaysia,2008,4,Apr,2008-04-01,53749
Mauritius,2008,4,Apr,2008-04-01,1216
Myanmar,2008,4,Apr,2008-04-01,8873
Netherlands,2008,4,Apr,2008-04-01,5805
New Zealand,2008,4,Apr,2008-04-01,8378
North Asia,2008,4,Apr,2008-04-01,70311
Norway,2008,4,Apr,2008-04-01,2500
Oceania,2008,4,Apr,2008-04-01,72444
Other Markets In Africa,2008,4,Apr,2008-04-01,2462
Other Markets In Americas,2008,4,Apr,2008-04-01,2230
Other Markets In Europe,2008,4,Apr,2008-04-01,8587
Other Markets In Greater China,2008,4,Apr,2008-04-01,975
Other Markets In North Asia,2008,4,Apr,2008-04-01,64
Other Markets In Oceania,2008,4,Apr,2008-04-01,987
Other Markets In South Asia,2008,4,Apr,2008-04-01,2531
Other Markets In Southeast Asia,2008,4,Apr,2008-04-01,4427
Other Markets In West Asia,2008,4,Apr,2008-04-01,1140
Others,2008,4,Apr,2008-04-01,588
Pakistan,2008,4,Apr,2008-04-01,1502
Philippines,2008,4,Apr,2008-04-01,39347
Rep Of Ireland,2008,4,Apr,2008-04-01,1939
Russian Federation,2008,4,Apr,2008-04-01,4102
Saudi Arabia,2008,4,Apr,2008-04-01,719
South Africa (Rep Of),2008,4,Apr,2008-04-01,3837
South Asia,2008,4,Apr,2008-04-01,84085
South Korea,2008,4,Apr,2008-04-01,33946
Southeast Asia,2008,4,Apr,2008-04-01,296937
Spain,2008,4,Apr,2008-04-01,1970
Sri Lanka,2008,4,Apr,2008-04-01,9426
Sweden,2008,4,Apr,2008-04-01,2538
Switzerland,2008,4,Apr,2008-04-01,5993
Taiwan,2008,4,Apr,2008-04-01,13944
Thailand,2008,4,Apr,2008-04-01,36226
Total International Visitor Arrivals By Place Of Residence,2008,4,Apr,2008-04-01,829438
USA,2008,4,Apr,2008-04-01,31189
United Arab Emirates,2008,4,Apr,2008-04-01,3491
United Kingdom,2008,4,Apr,2008-04-01,41655
Vietnam,2008,4,Apr,2008-04-01,19097
West Asia,2008,4,Apr,2008-04-01,7158
Africa,2008,5,May,2008-05-01,5910
Americas,2008,5,May,2008-05-01,38871
Australia,2008,5,May,2008-05-01,65901
Bangladesh,2008,5,May,2008-05-01,8495
Belgium & Luxembourg,2008,5,May,2008-05-01,1449
Brunei Darussalam,2008,5,May,2008-05-01,3927
Canada,2008,5,May,2008-05-01,5699
China,2008,5,May,2008-05-01,86785
Denmark,2008,5,May,2008-05-01,1915
Egypt,2008,5,May,2008-05-01,295
Europe,2008,5,May,2008-05-01,85942
Finland,2008,5,May,2008-05-01,854
France,2008,5,May,2008-05-01,8451
Germany,2008,5,May,2008-05-01,11609
Greater China,2008,5,May,2008-05-01,124860
Hong Kong SAR,2008,5,May,2008-05-01,22867
India,2008,5,May,2008-05-01,103468
Indonesia,2008,5,May,2008-05-01,137243
Iran,2008,5,May,2008-05-01,634
Israel,2008,5,May,2008-05-01,828
Italy,2008,5,May,2008-05-01,2638
Japan,2008,5,May,2008-05-01,42382
Kuwait,2008,5,May,2008-05-01,157
Malaysia,2008,5,May,2008-05-01,52115
Mauritius,2008,5,May,2008-05-01,662
Myanmar,2008,5,May,2008-05-01,6199
Netherlands,2008,5,May,2008-05-01,5542
New Zealand,2008,5,May,2008-05-01,9880
North Asia,2008,5,May,2008-05-01,78866
Norway,2008,5,May,2008-05-01,1675
Oceania,2008,5,May,2008-05-01,76912
Other Markets In Africa,2008,5,May,2008-05-01,2548
Other Markets In Americas,2008,5,May,2008-05-01,2310
Other Markets In Europe,2008,5,May,2008-05-01,7494
Other Markets In Greater China,2008,5,May,2008-05-01,932
Other Markets In North Asia,2008,5,May,2008-05-01,72
Other Markets In Oceania,2008,5,May,2008-05-01,1131
Other Markets In South Asia,2008,5,May,2008-05-01,2677
Other Markets In Southeast Asia,2008,5,May,2008-05-01,2892
Other Markets In West Asia,2008,5,May,2008-05-01,954
Others,2008,5,May,2008-05-01,594
Pakistan,2008,5,May,2008-05-01,1663
Philippines,2008,5,May,2008-05-01,41872
Rep Of Ireland,2008,5,May,2008-05-01,1730
Russian Federation,2008,5,May,2008-05-01,4272
Saudi Arabia,2008,5,May,2008-05-01,533
South Africa (Rep Of),2008,5,May,2008-05-01,2405
South Asia,2008,5,May,2008-05-01,122586
South Korea,2008,5,May,2008-05-01,36412
Southeast Asia,2008,5,May,2008-05-01,292928
Spain,2008,5,May,2008-05-01,1715
Sri Lanka,2008,5,May,2008-05-01,6283
Sweden,2008,5,May,2008-05-01,1768
Switzerland,2008,5,May,2008-05-01,5038
Taiwan,2008,5,May,2008-05-01,14276
Thailand,2008,5,May,2008-05-01,30487
Total International Visitor Arrivals By Place Of Residence,2008,5,May,2008-05-01,833604
USA,2008,5,May,2008-05-01,30862
United Arab Emirates,2008,5,May,2008-05-01,3029
United Kingdom,2008,5,May,2008-05-01,29792
Vietnam,2008,5,May,2008-05-01,18193
West Asia,2008,5,May,2008-05-01,6135
Africa,2008,6,Jun,2008-06-01,6431
Americas,2008,6,Jun,2008-06-01,42579
Australia,2008,6,Jun,2008-06-01,73802
Bangladesh,2008,6,Jun,2008-06-01,8853
Belgium & Luxembourg,2008,6,Jun,2008-06-01,1409
Brunei Darussalam,2008,6,Jun,2008-06-01,5959
Canada,2008,6,Jun,2008-06-01,5078
China,2008,6,Jun,2008-06-01,70565
Denmark,2008,6,Jun,2008-06-01,2003
Egypt,2008,6,Jun,2008-06-01,371
Europe,2008,6,Jun,2008-06-01,79538
Finland,2008,6,Jun,2008-06-01,806
France,2008,6,Jun,2008-06-01,7147
Germany,2008,6,Jun,2008-06-01,10893
Greater China,2008,6,Jun,2008-06-01,108212
Hong Kong SAR,2008,6,Jun,2008-06-01,23055
India,2008,6,Jun,2008-06-01,84143
Indonesia,2008,6,Jun,2008-06-01,154546
Iran,2008,6,Jun,2008-06-01,1021
Israel,2008,6,Jun,2008-06-01,905
Italy,2008,6,Jun,2008-06-01,2450
Japan,2008,6,Jun,2008-06-01,40879
Kuwait,2008,6,Jun,2008-06-01,404
Malaysia,2008,6,Jun,2008-06-01,53217
Mauritius,2008,6,Jun,2008-06-01,846
Myanmar,2008,6,Jun,2008-06-01,6292
Netherlands,2008,6,Jun,2008-06-01,4945
New Zealand,2008,6,Jun,2008-06-01,10554
North Asia,2008,6,Jun,2008-06-01,76951
Norway,2008,6,Jun,2008-06-01,2680
Oceania,2008,6,Jun,2008-06-01,85419
Other Markets In Africa,2008,6,Jun,2008-06-01,2379
Other Markets In Americas,2008,6,Jun,2008-06-01,2197
Other Markets In Europe,2008,6,Jun,2008-06-01,6233
Other Markets In Greater China,2008,6,Jun,2008-06-01,1446
Other Markets In North Asia,2008,6,Jun,2008-06-01,74
Other Markets In Oceania,2008,6,Jun,2008-06-01,1063
Other Markets In South Asia,2008,6,Jun,2008-06-01,2865
Other Markets In Southeast Asia,2008,6,Jun,2008-06-01,2359
Other Markets In West Asia,2008,6,Jun,2008-06-01,1621
Others,2008,6,Jun,2008-06-01,588
Pakistan,2008,6,Jun,2008-06-01,2551
Philippines,2008,6,Jun,2008-06-01,33708
Rep Of Ireland,2008,6,Jun,2008-06-01,2316
Russian Federation,2008,6,Jun,2008-06-01,3626
Saudi Arabia,2008,6,Jun,2008-06-01,885
South Africa (Rep Of),2008,6,Jun,2008-06-01,2835
South Asia,2008,6,Jun,2008-06-01,104211
South Korea,2008,6,Jun,2008-06-01,35998
Southeast Asia,2008,6,Jun,2008-06-01,309564
Spain,2008,6,Jun,2008-06-01,1672
Sri Lanka,2008,6,Jun,2008-06-01,5799
Sweden,2008,6,Jun,2008-06-01,1944
Switzerland,2008,6,Jun,2008-06-01,3830
Taiwan,2008,6,Jun,2008-06-01,13146
Thailand,2008,6,Jun,2008-06-01,26211
Total International Visitor Arrivals By Place Of Residence,2008,6,Jun,2008-06-01,822954
USA,2008,6,Jun,2008-06-01,35304
United Arab Emirates,2008,6,Jun,2008-06-01,4625
United Kingdom,2008,6,Jun,2008-06-01,27584
Vietnam,2008,6,Jun,2008-06-01,27272
West Asia,2008,6,Jun,2008-06-01,9461
Africa,2008,7,Jul,2008-07-01,8293
Americas,2008,7,Jul,2008-07-01,48591
Australia,2008,7,Jul,2008-07-01,79776
Bangladesh,2008,7,Jul,2008-07-01,9581
Belgium & Luxembourg,2008,7,Jul,2008-07-01,2243
Brunei Darussalam,2008,7,Jul,2008-07-01,4505
Canada,2008,7,Jul,2008-07-01,6838
China,2008,7,Jul,2008-07-01,105528
Denmark,2008,7,Jul,2008-07-01,3121
Egypt,2008,7,Jul,2008-07-01,565
Europe,2008,7,Jul,2008-07-01,106176
Finland,2008,7,Jul,2008-07-01,784
France,2008,7,Jul,2008-07-01,11267
Germany,2008,7,Jul,2008-07-01,13500
Greater China,2008,7,Jul,2008-07-01,154705
Hong Kong SAR,2008,7,Jul,2008-07-01,28218
India,2008,7,Jul,2008-07-01,63373
Indonesia,2008,7,Jul,2008-07-01,168492
Iran,2008,7,Jul,2008-07-01,844
Israel,2008,7,Jul,2008-07-01,863
Italy,2008,7,Jul,2008-07-01,3971
Japan,2008,7,Jul,2008-07-01,47659
Kuwait,2008,7,Jul,2008-07-01,1022
Malaysia,2008,7,Jul,2008-07-01,46968
Mauritius,2008,7,Jul,2008-07-01,1062
Myanmar,2008,7,Jul,2008-07-01,7068
Netherlands,2008,7,Jul,2008-07-01,7759
New Zealand,2008,7,Jul,2008-07-01,13056
North Asia,2008,7,Jul,2008-07-01,87345
Norway,2008,7,Jul,2008-07-01,3126
Oceania,2008,7,Jul,2008-07-01,93866
Other Markets In Africa,2008,7,Jul,2008-07-01,3251
Other Markets In Americas,2008,7,Jul,2008-07-01,2666
Other Markets In Europe,2008,7,Jul,2008-07-01,9177
Other Markets In Greater China,2008,7,Jul,2008-07-01,1561
Other Markets In North Asia,2008,7,Jul,2008-07-01,72
Other Markets In Oceania,2008,7,Jul,2008-07-01,1034
Other Markets In South Asia,2008,7,Jul,2008-07-01,2482
Other Markets In Southeast Asia,2008,7,Jul,2008-07-01,2856
Other Markets In West Asia,2008,7,Jul,2008-07-01,2658
Others,2008,7,Jul,2008-07-01,591
Pakistan,2008,7,Jul,2008-07-01,3749
Philippines,2008,7,Jul,2008-07-01,34135
Rep Of Ireland,2008,7,Jul,2008-07-01,2443
Russian Federation,2008,7,Jul,2008-07-01,3922
Saudi Arabia,2008,7,Jul,2008-07-01,1592
South Africa (Rep Of),2008,7,Jul,2008-07-01,3415
South Asia,2008,7,Jul,2008-07-01,85471
South Korea,2008,7,Jul,2008-07-01,39614
Southeast Asia,2008,7,Jul,2008-07-01,322370
Spain,2008,7,Jul,2008-07-01,3364
Sri Lanka,2008,7,Jul,2008-07-01,6286
Sweden,2008,7,Jul,2008-07-01,2114
Switzerland,2008,7,Jul,2008-07-01,5896
Taiwan,2008,7,Jul,2008-07-01,19398
Thailand,2008,7,Jul,2008-07-01,28884
Total International Visitor Arrivals By Place Of Residence,2008,7,Jul,2008-07-01,922569
USA,2008,7,Jul,2008-07-01,39087
United Arab Emirates,2008,7,Jul,2008-07-01,8182
United Kingdom,2008,7,Jul,2008-07-01,33489
Vietnam,2008,7,Jul,2008-07-01,29462
West Asia,2008,7,Jul,2008-07-01,15161
Africa,2008,8,Aug,2008-08-01,8727
Americas,2008,8,Aug,2008-08-01,40453
Australia,2008,8,Aug,2008-08-01,65465
Bangladesh,2008,8,Aug,2008-08-01,8481
Belgium & Luxembourg,2008,8,Aug,2008-08-01,2108
Brunei Darussalam,2008,8,Aug,2008-08-01,4627
Canada,2008,8,Aug,2008-08-01,6026
China,2008,8,Aug,2008-08-01,91325
Denmark,2008,8,Aug,2008-08-01,2056
Egypt,2008,8,Aug,2008-08-01,521
Europe,2008,8,Aug,2008-08-01,115651
Finland,2008,8,Aug,2008-08-01,648
France,2008,8,Aug,2008-08-01,13597
Germany,2008,8,Aug,2008-08-01,14690
Greater China,2008,8,Aug,2008-08-01,136725
Hong Kong SAR,2008,8,Aug,2008-08-01,26847
India,2008,8,Aug,2008-08-01,58626
Indonesia,2008,8,Aug,2008-08-01,134811
Iran,2008,8,Aug,2008-08-01,1714
Israel,2008,8,Aug,2008-08-01,892
Italy,2008,8,Aug,2008-08-01,6556
Japan,2008,8,Aug,2008-08-01,53699
Kuwait,2008,8,Aug,2008-08-01,1094
Malaysia,2008,8,Aug,2008-08-01,44118
Mauritius,2008,8,Aug,2008-08-01,1010
Myanmar,2008,8,Aug,2008-08-01,6680
Netherlands,2008,8,Aug,2008-08-01,7241
New Zealand,2008,8,Aug,2008-08-01,10578
North Asia,2008,8,Aug,2008-08-01,96109
Norway,2008,8,Aug,2008-08-01,1943
Oceania,2008,8,Aug,2008-08-01,77039
Other Markets In Africa,2008,8,Aug,2008-08-01,4443
Other Markets In Americas,2008,8,Aug,2008-08-01,1987
Other Markets In Europe,2008,8,Aug,2008-08-01,9707
Other Markets In Greater China,2008,8,Aug,2008-08-01,1630
Other Markets In North Asia,2008,8,Aug,2008-08-01,72
Other Markets In Oceania,2008,8,Aug,2008-08-01,996
Other Markets In South Asia,2008,8,Aug,2008-08-01,2760
Other Markets In Southeast Asia,2008,8,Aug,2008-08-01,3140
Other Markets In West Asia,2008,8,Aug,2008-08-01,2399
Others,2008,8,Aug,2008-08-01,572
Pakistan,2008,8,Aug,2008-08-01,2492
Philippines,2008,8,Aug,2008-08-01,34984
Rep Of Ireland,2008,8,Aug,2008-08-01,2064
Russian Federation,2008,8,Aug,2008-08-01,4385
Saudi Arabia,2008,8,Aug,2008-08-01,1911
South Africa (Rep Of),2008,8,Aug,2008-08-01,2753
South Asia,2008,8,Aug,2008-08-01,80388
South Korea,2008,8,Aug,2008-08-01,42338
Southeast Asia,2008,8,Aug,2008-08-01,279089
Spain,2008,8,Aug,2008-08-01,4595
Sri Lanka,2008,8,Aug,2008-08-01,8029
Sweden,2008,8,Aug,2008-08-01,1598
Switzerland,2008,8,Aug,2008-08-01,5361
Taiwan,2008,8,Aug,2008-08-01,16923
Thailand,2008,8,Aug,2008-08-01,25901
Total International Visitor Arrivals By Place Of Residence,2008,8,Aug,2008-08-01,850016
USA,2008,8,Aug,2008-08-01,32440
United Arab Emirates,2008,8,Aug,2008-08-01,7253
United Kingdom,2008,8,Aug,2008-08-01,39102
Vietnam,2008,8,Aug,2008-08-01,24828
West Asia,2008,8,Aug,2008-08-01,15263
Africa,2008,9,Sep,2008-09-01,6013
Americas,2008,9,Sep,2008-09-01,31823
Australia,2008,9,Sep,2008-09-01,72816
Bangladesh,2008,9,Sep,2008-09-01,7914
Belgium & Luxembourg,2008,9,Sep,2008-09-01,1440
Brunei Darussalam,2008,9,Sep,2008-09-01,3569
Canada,2008,9,Sep,2008-09-01,4273
China,2008,9,Sep,2008-09-01,66582
Denmark,2008,9,Sep,2008-09-01,1966
Egypt,2008,9,Sep,2008-09-01,241
Europe,2008,9,Sep,2008-09-01,94826
Finland,2008,9,Sep,2008-09-01,1181
France,2008,9,Sep,2008-09-01,7682
Germany,2008,9,Sep,2008-09-01,14033
Greater China,2008,9,Sep,2008-09-01,100597
Hong Kong SAR,2008,9,Sep,2008-09-01,20765
India,2008,9,Sep,2008-09-01,53488
Indonesia,2008,9,Sep,2008-09-01,144158
Iran,2008,9,Sep,2008-09-01,1336
Israel,2008,9,Sep,2008-09-01,912
Italy,2008,9,Sep,2008-09-01,3397
Japan,2008,9,Sep,2008-09-01,48771
Kuwait,2008,9,Sep,2008-09-01,137
Malaysia,2008,9,Sep,2008-09-01,44892
Mauritius,2008,9,Sep,2008-09-01,510
Myanmar,2008,9,Sep,2008-09-01,5815
Netherlands,2008,9,Sep,2008-09-01,5476
New Zealand,2008,9,Sep,2008-09-01,10776
North Asia,2008,9,Sep,2008-09-01,74721
Norway,2008,9,Sep,2008-09-01,2060
Oceania,2008,9,Sep,2008-09-01,84600
Other Markets In Africa,2008,9,Sep,2008-09-01,2481
Other Markets In Americas,2008,9,Sep,2008-09-01,2390
Other Markets In Europe,2008,9,Sep,2008-09-01,8183
Other Markets In Greater China,2008,9,Sep,2008-09-01,947
Other Markets In North Asia,2008,9,Sep,2008-09-01,36
Other Markets In Oceania,2008,9,Sep,2008-09-01,1008
Other Markets In South Asia,2008,9,Sep,2008-09-01,2022
Other Markets In Southeast Asia,2008,9,Sep,2008-09-01,2851
Other Markets In West Asia,2008,9,Sep,2008-09-01,797
Others,2008,9,Sep,2008-09-01,590
Pakistan,2008,9,Sep,2008-09-01,1115
Philippines,2008,9,Sep,2008-09-01,34314
Rep Of Ireland,2008,9,Sep,2008-09-01,2070
Russian Federation,2008,9,Sep,2008-09-01,3815
Saudi Arabia,2008,9,Sep,2008-09-01,474
South Africa (Rep Of),2008,9,Sep,2008-09-01,2781
South Asia,2008,9,Sep,2008-09-01,69508
South Korea,2008,9,Sep,2008-09-01,25914
Southeast Asia,2008,9,Sep,2008-09-01,276194
Spain,2008,9,Sep,2008-09-01,2550
Sri Lanka,2008,9,Sep,2008-09-01,4969
Sweden,2008,9,Sep,2008-09-01,1848
Switzerland,2008,9,Sep,2008-09-01,4873
Taiwan,2008,9,Sep,2008-09-01,12303
Thailand,2008,9,Sep,2008-09-01,24530
Total International Visitor Arrivals By Place Of Residence,2008,9,Sep,2008-09-01,745794
USA,2008,9,Sep,2008-09-01,25160
United Arab Emirates,2008,9,Sep,2008-09-01,3266
United Kingdom,2008,9,Sep,2008-09-01,34252
Vietnam,2008,9,Sep,2008-09-01,16065
West Asia,2008,9,Sep,2008-09-01,6922
Africa,2008,10,Oct,2008-10-01,7873
Americas,2008,10,Oct,2008-10-01,41640
Australia,2008,10,Oct,2008-10-01,75866
Bangladesh,2008,10,Oct,2008-10-01,8167
Belgium & Luxembourg,2008,10,Oct,2008-10-01,1563
Brunei Darussalam,2008,10,Oct,2008-10-01,3340
Canada,2008,10,Oct,2008-10-01,6708
China,2008,10,Oct,2008-10-01,76836
Denmark,2008,10,Oct,2008-10-01,2775
Egypt,2008,10,Oct,2008-10-01,337
Europe,2008,10,Oct,2008-10-01,110068
Finland,2008,10,Oct,2008-10-01,946
France,2008,10,Oct,2008-10-01,8200
Germany,2008,10,Oct,2008-10-01,16762
Greater China,2008,10,Oct,2008-10-01,111262
Hong Kong SAR,2008,10,Oct,2008-10-01,20016
India,2008,10,Oct,2008-10-01,67510
Indonesia,2008,10,Oct,2008-10-01,158276
Iran,2008,10,Oct,2008-10-01,1243
Israel,2008,10,Oct,2008-10-01,1075
Italy,2008,10,Oct,2008-10-01,3077
Japan,2008,10,Oct,2008-10-01,47736
Kuwait,2008,10,Oct,2008-10-01,265
Malaysia,2008,10,Oct,2008-10-01,54973
Mauritius,2008,10,Oct,2008-10-01,769
Myanmar,2008,10,Oct,2008-10-01,6581
Netherlands,2008,10,Oct,2008-10-01,6525
New Zealand,2008,10,Oct,2008-10-01,11008
North Asia,2008,10,Oct,2008-10-01,78748
Norway,2008,10,Oct,2008-10-01,2487
Oceania,2008,10,Oct,2008-10-01,88100
Other Markets In Africa,2008,10,Oct,2008-10-01,2908
Other Markets In Americas,2008,10,Oct,2008-10-01,3090
Other Markets In Europe,2008,10,Oct,2008-10-01,9786
Other Markets In Greater China,2008,10,Oct,2008-10-01,907
Other Markets In North Asia,2008,10,Oct,2008-10-01,82
Other Markets In Oceania,2008,10,Oct,2008-10-01,1226
Other Markets In South Asia,2008,10,Oct,2008-10-01,2198
Other Markets In Southeast Asia,2008,10,Oct,2008-10-01,2726
Other Markets In West Asia,2008,10,Oct,2008-10-01,1297
Others,2008,10,Oct,2008-10-01,568
Pakistan,2008,10,Oct,2008-10-01,1335
Philippines,2008,10,Oct,2008-10-01,38577
Rep Of Ireland,2008,10,Oct,2008-10-01,2439
Russian Federation,2008,10,Oct,2008-10-01,4748
Saudi Arabia,2008,10,Oct,2008-10-01,750
South Africa (Rep Of),2008,10,Oct,2008-10-01,3859
South Asia,2008,10,Oct,2008-10-01,85228
South Korea,2008,10,Oct,2008-10-01,30930
Southeast Asia,2008,10,Oct,2008-10-01,317385
Spain,2008,10,Oct,2008-10-01,2333
Sri Lanka,2008,10,Oct,2008-10-01,6018
Sweden,2008,10,Oct,2008-10-01,2684
Switzerland,2008,10,Oct,2008-10-01,6014
Taiwan,2008,10,Oct,2008-10-01,13503
Thailand,2008,10,Oct,2008-10-01,34193
Total International Visitor Arrivals By Place Of Residence,2008,10,Oct,2008-10-01,849400
USA,2008,10,Oct,2008-10-01,31842
United Arab Emirates,2008,10,Oct,2008-10-01,3898
United Kingdom,2008,10,Oct,2008-10-01,39729
Vietnam,2008,10,Oct,2008-10-01,18719
West Asia,2008,10,Oct,2008-10-01,8528
Africa,2008,11,Nov,2008-11-01,6482
Americas,2008,11,Nov,2008-11-01,40132
Australia,2008,11,Nov,2008-11-01,60257
Bangladesh,2008,11,Nov,2008-11-01,7379
Belgium & Luxembourg,2008,11,Nov,2008-11-01,2033
Brunei Darussalam,2008,11,Nov,2008-11-01,3989
Canada,2008,11,Nov,2008-11-01,7040
China,2008,11,Nov,2008-11-01,79096
Denmark,2008,11,Nov,2008-11-01,2507
Egypt,2008,11,Nov,2008-11-01,277
Europe,2008,11,Nov,2008-11-01,117515
Finland,2008,11,Nov,2008-11-01,1169
France,2008,11,Nov,2008-11-01,8782
Germany,2008,11,Nov,2008-11-01,16946
Greater China,2008,11,Nov,2008-11-01,111753
Hong Kong SAR,2008,11,Nov,2008-11-01,19197
India,2008,11,Nov,2008-11-01,56927
Indonesia,2008,11,Nov,2008-11-01,119530
Iran,2008,11,Nov,2008-11-01,1063
Israel,2008,11,Nov,2008-11-01,1002
Italy,2008,11,Nov,2008-11-01,3367
Japan,2008,11,Nov,2008-11-01,48225
Kuwait,2008,11,Nov,2008-11-01,221
Malaysia,2008,11,Nov,2008-11-01,60463
Mauritius,2008,11,Nov,2008-11-01,1177
Myanmar,2008,11,Nov,2008-11-01,5738
Netherlands,2008,11,Nov,2008-11-01,6121
New Zealand,2008,11,Nov,2008-11-01,7239
North Asia,2008,11,Nov,2008-11-01,72743
Norway,2008,11,Nov,2008-11-01,2615
Oceania,2008,11,Nov,2008-11-01,68586
Other Markets In Africa,2008,11,Nov,2008-11-01,2263
Other Markets In Americas,2008,11,Nov,2008-11-01,2379
Other Markets In Europe,2008,11,Nov,2008-11-01,10240
Other Markets In Greater China,2008,11,Nov,2008-11-01,925
Other Markets In North Asia,2008,11,Nov,2008-11-01,73
Other Markets In Oceania,2008,11,Nov,2008-11-01,1090
Other Markets In South Asia,2008,11,Nov,2008-11-01,2207
Other Markets In Southeast Asia,2008,11,Nov,2008-11-01,3000
Other Markets In West Asia,2008,11,Nov,2008-11-01,1137
Others,2008,11,Nov,2008-11-01,576
Pakistan,2008,11,Nov,2008-11-01,1739
Philippines,2008,11,Nov,2008-11-01,34208
Rep Of Ireland,2008,11,Nov,2008-11-01,2642
Russian Federation,2008,11,Nov,2008-11-01,5198
Saudi Arabia,2008,11,Nov,2008-11-01,607
South Africa (Rep Of),2008,11,Nov,2008-11-01,2765
South Asia,2008,11,Nov,2008-11-01,73883
South Korea,2008,11,Nov,2008-11-01,24445
Southeast Asia,2008,11,Nov,2008-11-01,266543
Spain,2008,11,Nov,2008-11-01,2623
Sri Lanka,2008,11,Nov,2008-11-01,5631
Sweden,2008,11,Nov,2008-11-01,2951
Switzerland,2008,11,Nov,2008-11-01,6570
Taiwan,2008,11,Nov,2008-11-01,12535
Thailand,2008,11,Nov,2008-11-01,21914
Total International Visitor Arrivals By Place Of Residence,2008,11,Nov,2008-11-01,765325
USA,2008,11,Nov,2008-11-01,30713
United Arab Emirates,2008,11,Nov,2008-11-01,3082
United Kingdom,2008,11,Nov,2008-11-01,43751
Vietnam,2008,11,Nov,2008-11-01,17701
West Asia,2008,11,Nov,2008-11-01,7112
Africa,2008,12,Dec,2008-12-01,10628
Americas,2008,12,Dec,2008-12-01,41347
Australia,2008,12,Dec,2008-12-01,79278
Bangladesh,2008,12,Dec,2008-12-01,7292
Belgium & Luxembourg,2008,12,Dec,2008-12-01,1859
Brunei Darussalam,2008,12,Dec,2008-12-01,8090
Canada,2008,12,Dec,2008-12-01,7664
China,2008,12,Dec,2008-12-01,66689
Denmark,2008,12,Dec,2008-12-01,2459
Egypt,2008,12,Dec,2008-12-01,382
Europe,2008,12,Dec,2008-12-01,116318
Finland,2008,12,Dec,2008-12-01,1512
France,2008,12,Dec,2008-12-01,8604
Germany,2008,12,Dec,2008-12-01,14272
Greater China,2008,12,Dec,2008-12-01,101998
Hong Kong SAR,2008,12,Dec,2008-12-01,22238
India,2008,12,Dec,2008-12-01,62641
Indonesia,2008,12,Dec,2008-12-01,180678
Iran,2008,12,Dec,2008-12-01,1392
Israel,2008,12,Dec,2008-12-01,789
Italy,2008,12,Dec,2008-12-01,3658
Japan,2008,12,Dec,2008-12-01,47602
Kuwait,2008,12,Dec,2008-12-01,450
Malaysia,2008,12,Dec,2008-12-01,84324
Mauritius,2008,12,Dec,2008-12-01,1682
Myanmar,2008,12,Dec,2008-12-01,6928
Netherlands,2008,12,Dec,2008-12-01,5773
New Zealand,2008,12,Dec,2008-12-01,8098
North Asia,2008,12,Dec,2008-12-01,69963
Norway,2008,12,Dec,2008-12-01,2559
Oceania,2008,12,Dec,2008-12-01,88456
Other Markets In Africa,2008,12,Dec,2008-12-01,3320
Other Markets In Americas,2008,12,Dec,2008-12-01,2106
Other Markets In Europe,2008,12,Dec,2008-12-01,11546
Other Markets In Greater China,2008,12,Dec,2008-12-01,1124
Other Markets In North Asia,2008,12,Dec,2008-12-01,53
Other Markets In Oceania,2008,12,Dec,2008-12-01,1080
Other Markets In South Asia,2008,12,Dec,2008-12-01,2942
Other Markets In Southeast Asia,2008,12,Dec,2008-12-01,2615
Other Markets In West Asia,2008,12,Dec,2008-12-01,1739
Others,2008,12,Dec,2008-12-01,74
Pakistan,2008,12,Dec,2008-12-01,1844
Philippines,2008,12,Dec,2008-12-01,37367
Rep Of Ireland,2008,12,Dec,2008-12-01,2653
Russian Federation,2008,12,Dec,2008-12-01,5138
Saudi Arabia,2008,12,Dec,2008-12-01,855
South Africa (Rep Of),2008,12,Dec,2008-12-01,5244
South Asia,2008,12,Dec,2008-12-01,84023
South Korea,2008,12,Dec,2008-12-01,22308
Southeast Asia,2008,12,Dec,2008-12-01,364652
Spain,2008,12,Dec,2008-12-01,2498
Sri Lanka,2008,12,Dec,2008-12-01,9304
Sweden,2008,12,Dec,2008-12-01,4322
Switzerland,2008,12,Dec,2008-12-01,5853
Taiwan,2008,12,Dec,2008-12-01,11947
Thailand,2008,12,Dec,2008-12-01,24747
Total International Visitor Arrivals By Place Of Residence,2008,12,Dec,2008-12-01,888001
USA,2008,12,Dec,2008-12-01,31577
United Arab Emirates,2008,12,Dec,2008-12-01,5317
United Kingdom,2008,12,Dec,2008-12-01,43612
Vietnam,2008,12,Dec,2008-12-01,19903
West Asia,2008,12,Dec,2008-12-01,10542
Africa,2009,1,Jan,2009-01-01,6874
Americas,2009,1,Jan,2009-01-01,38044
Australia,2009,1,Jan,2009-01-01,80008
Bangladesh,2009,1,Jan,2009-01-01,6209
Belgium & Luxembourg,2009,1,Jan,2009-01-01,1472
Brunei Darussalam,2009,1,Jan,2009-01-01,4080
Canada,2009,1,Jan,2009-01-01,7121
China,2009,1,Jan,2009-01-01,105144
Denmark,2009,1,Jan,2009-01-01,3373
Egypt,2009,1,Jan,2009-01-01,300
Europe,2009,1,Jan,2009-01-01,116663
Finland,2009,1,Jan,2009-01-01,1549
France,2009,1,Jan,2009-01-01,8168
Germany,2009,1,Jan,2009-01-01,14551
Greater China,2009,1,Jan,2009-01-01,145972
Hong Kong SAR,2009,1,Jan,2009-01-01,23399
India,2009,1,Jan,2009-01-01,46752
Indonesia,2009,1,Jan,2009-01-01,118342
Iran,2009,1,Jan,2009-01-01,1034
Israel,2009,1,Jan,2009-01-01,847
Italy,2009,1,Jan,2009-01-01,3564
Japan,2009,1,Jan,2009-01-01,38382
Kuwait,2009,1,Jan,2009-01-01,201
Malaysia,2009,1,Jan,2009-01-01,44243
Mauritius,2009,1,Jan,2009-01-01,894
Myanmar,2009,1,Jan,2009-01-01,5521
Netherlands,2009,1,Jan,2009-01-01,5696
New Zealand,2009,1,Jan,2009-01-01,7812
North Asia,2009,1,Jan,2009-01-01,63943
Norway,2009,1,Jan,2009-01-01,2734
Oceania,2009,1,Jan,2009-01-01,88918
Other Markets In Africa,2009,1,Jan,2009-01-01,2264
Other Markets In Americas,2009,1,Jan,2009-01-01,2078
Other Markets In Europe,2009,1,Jan,2009-01-01,11664
Other Markets In Greater China,2009,1,Jan,2009-01-01,1443
Other Markets In North Asia,2009,1,Jan,2009-01-01,45
Other Markets In Oceania,2009,1,Jan,2009-01-01,1098
Other Markets In South Asia,2009,1,Jan,2009-01-01,2488
Other Markets In Southeast Asia,2009,1,Jan,2009-01-01,2618
Other Markets In West Asia,2009,1,Jan,2009-01-01,983
Others,2009,1,Jan,2009-01-01,3
Pakistan,2009,1,Jan,2009-01-01,1257
Philippines,2009,1,Jan,2009-01-01,26249
Rep Of Ireland,2009,1,Jan,2009-01-01,2255
Russian Federation,2009,1,Jan,2009-01-01,8075
Saudi Arabia,2009,1,Jan,2009-01-01,446
South Africa (Rep Of),2009,1,Jan,2009-01-01,3416
South Asia,2009,1,Jan,2009-01-01,61028
South Korea,2009,1,Jan,2009-01-01,25516
Southeast Asia,2009,1,Jan,2009-01-01,243584
Spain,2009,1,Jan,2009-01-01,1957
Sri Lanka,2009,1,Jan,2009-01-01,4322
Sweden,2009,1,Jan,2009-01-01,4682
Switzerland,2009,1,Jan,2009-01-01,5378
Taiwan,2009,1,Jan,2009-01-01,15986
Thailand,2009,1,Jan,2009-01-01,22661
Total International Visitor Arrivals By Place Of Residence,2009,1,Jan,2009-01-01,772138
USA,2009,1,Jan,2009-01-01,28845
United Arab Emirates,2009,1,Jan,2009-01-01,3598
United Kingdom,2009,1,Jan,2009-01-01,41545
Vietnam,2009,1,Jan,2009-01-01,19870
West Asia,2009,1,Jan,2009-01-01,7109
Africa,2009,2,Feb,2009-02-01,4438
Americas,2009,2,Feb,2009-02-01,35014
Australia,2009,2,Feb,2009-02-01,51144
Bangladesh,2009,2,Feb,2009-02-01,6299
Belgium & Luxembourg,2009,2,Feb,2009-02-01,1447
Brunei Darussalam,2009,2,Feb,2009-02-01,3421
Canada,2009,2,Feb,2009-02-01,6443
China,2009,2,Feb,2009-02-01,80037
Denmark,2009,2,Feb,2009-02-01,3415
Egypt,2009,2,Feb,2009-02-01,362
Europe,2009,2,Feb,2009-02-01,116089
Finland,2009,2,Feb,2009-02-01,1827
France,2009,2,Feb,2009-02-01,9002
Germany,2009,2,Feb,2009-02-01,14985
Greater China,2009,2,Feb,2009-02-01,113312
Hong Kong SAR,2009,2,Feb,2009-02-01,19720
India,2009,2,Feb,2009-02-01,42275
Indonesia,2009,2,Feb,2009-02-01,103501
Iran,2009,2,Feb,2009-02-01,1525
Israel,2009,2,Feb,2009-02-01,994
Italy,2009,2,Feb,2009-02-01,3154
Japan,2009,2,Feb,2009-02-01,42807
Kuwait,2009,2,Feb,2009-02-01,228
Malaysia,2009,2,Feb,2009-02-01,45726
Mauritius,2009,2,Feb,2009-02-01,553
Myanmar,2009,2,Feb,2009-02-01,4909
Netherlands,2009,2,Feb,2009-02-01,5701
New Zealand,2009,2,Feb,2009-02-01,4327
North Asia,2009,2,Feb,2009-02-01,70257
Norway,2009,2,Feb,2009-02-01,2781
Oceania,2009,2,Feb,2009-02-01,56345
Other Markets In Africa,2009,2,Feb,2009-02-01,1507
Other Markets In Americas,2009,2,Feb,2009-02-01,1847
Other Markets In Europe,2009,2,Feb,2009-02-01,10084
Other Markets In Greater China,2009,2,Feb,2009-02-01,811
Other Markets In North Asia,2009,2,Feb,2009-02-01,63
Other Markets In Oceania,2009,2,Feb,2009-02-01,874
Other Markets In South Asia,2009,2,Feb,2009-02-01,1644
Other Markets In Southeast Asia,2009,2,Feb,2009-02-01,2079
Other Markets In West Asia,2009,2,Feb,2009-02-01,932
Others,2009,2,Feb,2009-02-01,0
Pakistan,2009,2,Feb,2009-02-01,1314
Philippines,2009,2,Feb,2009-02-01,28911
Rep Of Ireland,2009,2,Feb,2009-02-01,1967
Russian Federation,2009,2,Feb,2009-02-01,3828
Saudi Arabia,2009,2,Feb,2009-02-01,819
South Africa (Rep Of),2009,2,Feb,2009-02-01,2016
South Asia,2009,2,Feb,2009-02-01,56130
South Korea,2009,2,Feb,2009-02-01,27387
Southeast Asia,2009,2,Feb,2009-02-01,231174
Spain,2009,2,Feb,2009-02-01,1838
Sri Lanka,2009,2,Feb,2009-02-01,4598
Sweden,2009,2,Feb,2009-02-01,3343
Switzerland,2009,2,Feb,2009-02-01,5456
Taiwan,2009,2,Feb,2009-02-01,12744
Thailand,2009,2,Feb,2009-02-01,23335
Total International Visitor Arrivals By Place Of Residence,2009,2,Feb,2009-02-01,689935
USA,2009,2,Feb,2009-02-01,26724
United Arab Emirates,2009,2,Feb,2009-02-01,2678
United Kingdom,2009,2,Feb,2009-02-01,47261
Vietnam,2009,2,Feb,2009-02-01,19292
West Asia,2009,2,Feb,2009-02-01,7176
Africa,2009,3,Mar,2009-03-01,5570
Americas,2009,3,Mar,2009-03-01,41421
Australia,2009,3,Mar,2009-03-01,54821
Bangladesh,2009,3,Mar,2009-03-01,6699
Belgium & Luxembourg,2009,3,Mar,2009-03-01,1868
Brunei Darussalam,2009,3,Mar,2009-03-01,5390
Canada,2009,3,Mar,2009-03-01,7104
China,2009,3,Mar,2009-03-01,91275
Denmark,2009,3,Mar,2009-03-01,2949
Egypt,2009,3,Mar,2009-03-01,334
Europe,2009,3,Mar,2009-03-01,130029
Finland,2009,3,Mar,2009-03-01,1801
France,2009,3,Mar,2009-03-01,10418
Germany,2009,3,Mar,2009-03-01,19351
Greater China,2009,3,Mar,2009-03-01,125937
Hong Kong SAR,2009,3,Mar,2009-03-01,21290
India,2009,3,Mar,2009-03-01,46779
Indonesia,2009,3,Mar,2009-03-01,128446
Iran,2009,3,Mar,2009-03-01,8136
Israel,2009,3,Mar,2009-03-01,1025
Italy,2009,3,Mar,2009-03-01,3979
Japan,2009,3,Mar,2009-03-01,46797
Kuwait,2009,3,Mar,2009-03-01,188
Malaysia,2009,3,Mar,2009-03-01,59660
Mauritius,2009,3,Mar,2009-03-01,777
Myanmar,2009,3,Mar,2009-03-01,5916
Netherlands,2009,3,Mar,2009-03-01,5917
New Zealand,2009,3,Mar,2009-03-01,4819
North Asia,2009,3,Mar,2009-03-01,67628
Norway,2009,3,Mar,2009-03-01,3186
Oceania,2009,3,Mar,2009-03-01,60594
Other Markets In Africa,2009,3,Mar,2009-03-01,2119
Other Markets In Americas,2009,3,Mar,2009-03-01,2295
Other Markets In Europe,2009,3,Mar,2009-03-01,10593
Other Markets In Greater China,2009,3,Mar,2009-03-01,830
Other Markets In North Asia,2009,3,Mar,2009-03-01,72
Other Markets In Oceania,2009,3,Mar,2009-03-01,954
Other Markets In South Asia,2009,3,Mar,2009-03-01,2007
Other Markets In Southeast Asia,2009,3,Mar,2009-03-01,2404
Other Markets In West Asia,2009,3,Mar,2009-03-01,969
Others,2009,3,Mar,2009-03-01,103
Pakistan,2009,3,Mar,2009-03-01,1503
Philippines,2009,3,Mar,2009-03-01,35718
Rep Of Ireland,2009,3,Mar,2009-03-01,2211
Russian Federation,2009,3,Mar,2009-03-01,3939
Saudi Arabia,2009,3,Mar,2009-03-01,781
South Africa (Rep Of),2009,3,Mar,2009-03-01,2340
South Asia,2009,3,Mar,2009-03-01,61328
South Korea,2009,3,Mar,2009-03-01,20759
Southeast Asia,2009,3,Mar,2009-03-01,283896
Spain,2009,3,Mar,2009-03-01,2259
Sri Lanka,2009,3,Mar,2009-03-01,4340
Sweden,2009,3,Mar,2009-03-01,3114
Switzerland,2009,3,Mar,2009-03-01,5605
Taiwan,2009,3,Mar,2009-03-01,12542
Thailand,2009,3,Mar,2009-03-01,28055
Total International Visitor Arrivals By Place Of Residence,2009,3,Mar,2009-03-01,791236
USA,2009,3,Mar,2009-03-01,32022
United Arab Emirates,2009,3,Mar,2009-03-01,3631
United Kingdom,2009,3,Mar,2009-03-01,52839
Vietnam,2009,3,Mar,2009-03-01,18307
West Asia,2009,3,Mar,2009-03-01,14730
Africa,2009,4,Apr,2009-04-01,6044
Americas,2009,4,Apr,2009-04-01,36347
Australia,2009,4,Apr,2009-04-01,65046
Bangladesh,2009,4,Apr,2009-04-01,6521
Belgium & Luxembourg,2009,4,Apr,2009-04-01,1946
Brunei Darussalam,2009,4,Apr,2009-04-01,3759
Canada,2009,4,Apr,2009-04-01,5866
China,2009,4,Apr,2009-04-01,86525
Denmark,2009,4,Apr,2009-04-01,2511
Egypt,2009,4,Apr,2009-04-01,297
Europe,2009,4,Apr,2009-04-01,108721
Finland,2009,4,Apr,2009-04-01,1361
France,2009,4,Apr,2009-04-01,9831
Germany,2009,4,Apr,2009-04-01,15931
Greater China,2009,4,Apr,2009-04-01,128044
Hong Kong SAR,2009,4,Apr,2009-04-01,28587
India,2009,4,Apr,2009-04-01,55994
Indonesia,2009,4,Apr,2009-04-01,126815
Iran,2009,4,Apr,2009-04-01,911
Israel,2009,4,Apr,2009-04-01,606
Italy,2009,4,Apr,2009-04-01,2861
Japan,2009,4,Apr,2009-04-01,31633
Kuwait,2009,4,Apr,2009-04-01,197
Malaysia,2009,4,Apr,2009-04-01,51299
Mauritius,2009,4,Apr,2009-04-01,945
Myanmar,2009,4,Apr,2009-04-01,8226
Netherlands,2009,4,Apr,2009-04-01,5109
New Zealand,2009,4,Apr,2009-04-01,6620
North Asia,2009,4,Apr,2009-04-01,53014
Norway,2009,4,Apr,2009-04-01,3076
Oceania,2009,4,Apr,2009-04-01,72719
Other Markets In Africa,2009,4,Apr,2009-04-01,2079
Other Markets In Americas,2009,4,Apr,2009-04-01,2194
Other Markets In Europe,2009,4,Apr,2009-04-01,8433
Other Markets In Greater China,2009,4,Apr,2009-04-01,962
Other Markets In North Asia,2009,4,Apr,2009-04-01,58
Other Markets In Oceania,2009,4,Apr,2009-04-01,1053
Other Markets In South Asia,2009,4,Apr,2009-04-01,1907
Other Markets In Southeast Asia,2009,4,Apr,2009-04-01,4023
Other Markets In West Asia,2009,4,Apr,2009-04-01,1207
Others,2009,4,Apr,2009-04-01,2
Pakistan,2009,4,Apr,2009-04-01,1442
Philippines,2009,4,Apr,2009-04-01,44622
Rep Of Ireland,2009,4,Apr,2009-04-01,1878
Russian Federation,2009,4,Apr,2009-04-01,3436
Saudi Arabia,2009,4,Apr,2009-04-01,719
South Africa (Rep Of),2009,4,Apr,2009-04-01,2723
South Asia,2009,4,Apr,2009-04-01,73709
South Korea,2009,4,Apr,2009-04-01,21323
Southeast Asia,2009,4,Apr,2009-04-01,292558
Spain,2009,4,Apr,2009-04-01,1965
Sri Lanka,2009,4,Apr,2009-04-01,7845
Sweden,2009,4,Apr,2009-04-01,2597
Switzerland,2009,4,Apr,2009-04-01,6162
Taiwan,2009,4,Apr,2009-04-01,11970
Thailand,2009,4,Apr,2009-04-01,32151
Total International Visitor Arrivals By Place Of Residence,2009,4,Apr,2009-04-01,778975
USA,2009,4,Apr,2009-04-01,28287
United Arab Emirates,2009,4,Apr,2009-04-01,4177
United Kingdom,2009,4,Apr,2009-04-01,41624
Vietnam,2009,4,Apr,2009-04-01,21663
West Asia,2009,4,Apr,2009-04-01,7817
Africa,2009,5,May,2009-05-01,5007
Americas,2009,5,May,2009-05-01,33982
Australia,2009,5,May,2009-05-01,59136
Bangladesh,2009,5,May,2009-05-01,6427
Belgium & Luxembourg,2009,5,May,2009-05-01,1316
Brunei Darussalam,2009,5,May,2009-05-01,3935
Canada,2009,5,May,2009-05-01,4956
China,2009,5,May,2009-05-01,52058
Denmark,2009,5,May,2009-05-01,1682
Egypt,2009,5,May,2009-05-01,220
Europe,2009,5,May,2009-05-01,82992
Finland,2009,5,May,2009-05-01,1202
France,2009,5,May,2009-05-01,8642
Germany,2009,5,May,2009-05-01,11002
Greater China,2009,5,May,2009-05-01,86145
Hong Kong SAR,2009,5,May,2009-05-01,21529
India,2009,5,May,2009-05-01,90395
Indonesia,2009,5,May,2009-05-01,129444
Iran,2009,5,May,2009-05-01,790
Israel,2009,5,May,2009-05-01,745
Italy,2009,5,May,2009-05-01,3069
Japan,2009,5,May,2009-05-01,29800
Kuwait,2009,5,May,2009-05-01,276
Malaysia,2009,5,May,2009-05-01,54995
Mauritius,2009,5,May,2009-05-01,605
Myanmar,2009,5,May,2009-05-01,5512
Netherlands,2009,5,May,2009-05-01,4889
New Zealand,2009,5,May,2009-05-01,7963
North Asia,2009,5,May,2009-05-01,51730
Norway,2009,5,May,2009-05-01,1741
Oceania,2009,5,May,2009-05-01,68000
Other Markets In Africa,2009,5,May,2009-05-01,1964
Other Markets In Americas,2009,5,May,2009-05-01,2194
Other Markets In Europe,2009,5,May,2009-05-01,7129
Other Markets In Greater China,2009,5,May,2009-05-01,956
Other Markets In North Asia,2009,5,May,2009-05-01,76
Other Markets In Oceania,2009,5,May,2009-05-01,901
Other Markets In South Asia,2009,5,May,2009-05-01,1698
Other Markets In Southeast Asia,2009,5,May,2009-05-01,2941
Other Markets In West Asia,2009,5,May,2009-05-01,1212
Others,2009,5,May,2009-05-01,10
Pakistan,2009,5,May,2009-05-01,1460
Philippines,2009,5,May,2009-05-01,42460
Rep Of Ireland,2009,5,May,2009-05-01,1423
Russian Federation,2009,5,May,2009-05-01,3563
Saudi Arabia,2009,5,May,2009-05-01,671
South Africa (Rep Of),2009,5,May,2009-05-01,2218
South Asia,2009,5,May,2009-05-01,104524
South Korea,2009,5,May,2009-05-01,21854
Southeast Asia,2009,5,May,2009-05-01,286750
Spain,2009,5,May,2009-05-01,1898
Sri Lanka,2009,5,May,2009-05-01,4544
Sweden,2009,5,May,2009-05-01,1621
Switzerland,2009,5,May,2009-05-01,4392
Taiwan,2009,5,May,2009-05-01,11602
Thailand,2009,5,May,2009-05-01,27066
Total International Visitor Arrivals By Place Of Residence,2009,5,May,2009-05-01,726391
USA,2009,5,May,2009-05-01,26832
United Arab Emirates,2009,5,May,2009-05-01,3557
United Kingdom,2009,5,May,2009-05-01,29423
Vietnam,2009,5,May,2009-05-01,20397
West Asia,2009,5,May,2009-05-01,7251
Africa,2009,6,Jun,2009-06-01,5626
Americas,2009,6,Jun,2009-06-01,39140
Australia,2009,6,Jun,2009-06-01,65796
Bangladesh,2009,6,Jun,2009-06-01,7387
Belgium & Luxembourg,2009,6,Jun,2009-06-01,1447
Brunei Darussalam,2009,6,Jun,2009-06-01,5618
Canada,2009,6,Jun,2009-06-01,4495
China,2009,6,Jun,2009-06-01,41650
Denmark,2009,6,Jun,2009-06-01,1803
Egypt,2009,6,Jun,2009-06-01,383
Europe,2009,6,Jun,2009-06-01,78469
Finland,2009,6,Jun,2009-06-01,1332
France,2009,6,Jun,2009-06-01,7685
Germany,2009,6,Jun,2009-06-01,10373
Greater China,2009,6,Jun,2009-06-01,76165
Hong Kong SAR,2009,6,Jun,2009-06-01,21703
India,2009,6,Jun,2009-06-01,78538
Indonesia,2009,6,Jun,2009-06-01,159603
Iran,2009,6,Jun,2009-06-01,1362
Israel,2009,6,Jun,2009-06-01,846
Italy,2009,6,Jun,2009-06-01,3038
Japan,2009,6,Jun,2009-06-01,28060
Kuwait,2009,6,Jun,2009-06-01,572
Malaysia,2009,6,Jun,2009-06-01,61465
Mauritius,2009,6,Jun,2009-06-01,920
Myanmar,2009,6,Jun,2009-06-01,5150
Netherlands,2009,6,Jun,2009-06-01,4654
New Zealand,2009,6,Jun,2009-06-01,9342
North Asia,2009,6,Jun,2009-06-01,49216
Norway,2009,6,Jun,2009-06-01,2096
Oceania,2009,6,Jun,2009-06-01,76157
Other Markets In Africa,2009,6,Jun,2009-06-01,1888
Other Markets In Americas,2009,6,Jun,2009-06-01,2030
Other Markets In Europe,2009,6,Jun,2009-06-01,7017
Other Markets In Greater China,2009,6,Jun,2009-06-01,1326
Other Markets In North Asia,2009,6,Jun,2009-06-01,165
Other Markets In Oceania,2009,6,Jun,2009-06-01,1019
Other Markets In South Asia,2009,6,Jun,2009-06-01,2015
Other Markets In Southeast Asia,2009,6,Jun,2009-06-01,2184
Other Markets In West Asia,2009,6,Jun,2009-06-01,1750
Others,2009,6,Jun,2009-06-01,34
Pakistan,2009,6,Jun,2009-06-01,3014
Philippines,2009,6,Jun,2009-06-01,33487
Rep Of Ireland,2009,6,Jun,2009-06-01,1910
Russian Federation,2009,6,Jun,2009-06-01,2892
Saudi Arabia,2009,6,Jun,2009-06-01,849
South Africa (Rep Of),2009,6,Jun,2009-06-01,2435
South Asia,2009,6,Jun,2009-06-01,95946
South Korea,2009,6,Jun,2009-06-01,20991
Southeast Asia,2009,6,Jun,2009-06-01,320157
Spain,2009,6,Jun,2009-06-01,2152
Sri Lanka,2009,6,Jun,2009-06-01,4992
Sweden,2009,6,Jun,2009-06-01,1816
Switzerland,2009,6,Jun,2009-06-01,3709
Taiwan,2009,6,Jun,2009-06-01,11486
Thailand,2009,6,Jun,2009-06-01,24479
Total International Visitor Arrivals By Place Of Residence,2009,6,Jun,2009-06-01,750404
USA,2009,6,Jun,2009-06-01,32615
United Arab Emirates,2009,6,Jun,2009-06-01,4115
United Kingdom,2009,6,Jun,2009-06-01,26545
Vietnam,2009,6,Jun,2009-06-01,28171
West Asia,2009,6,Jun,2009-06-01,9494
Africa,2009,7,Jul,2009-07-01,7357
Americas,2009,7,Jul,2009-07-01,45315
Australia,2009,7,Jul,2009-07-01,79439
Bangladesh,2009,7,Jul,2009-07-01,9521
Belgium & Luxembourg,2009,7,Jul,2009-07-01,2387
Brunei Darussalam,2009,7,Jul,2009-07-01,3598
Canada,2009,7,Jul,2009-07-01,5732
China,2009,7,Jul,2009-07-01,72326
Denmark,2009,7,Jul,2009-07-01,3007
Egypt,2009,7,Jul,2009-07-01,397
Europe,2009,7,Jul,2009-07-01,107151
Finland,2009,7,Jul,2009-07-01,969
France,2009,7,Jul,2009-07-01,11867
Germany,2009,7,Jul,2009-07-01,13356
Greater China,2009,7,Jul,2009-07-01,124316
Hong Kong SAR,2009,7,Jul,2009-07-01,33382
India,2009,7,Jul,2009-07-01,65978
Indonesia,2009,7,Jul,2009-07-01,169634
Iran,2009,7,Jul,2009-07-01,1249
Israel,2009,7,Jul,2009-07-01,856
Italy,2009,7,Jul,2009-07-01,3623
Japan,2009,7,Jul,2009-07-01,46633
Kuwait,2009,7,Jul,2009-07-01,1843
Malaysia,2009,7,Jul,2009-07-01,54087
Mauritius,2009,7,Jul,2009-07-01,967
Myanmar,2009,7,Jul,2009-07-01,6147
Netherlands,2009,7,Jul,2009-07-01,9498
New Zealand,2009,7,Jul,2009-07-01,10879
North Asia,2009,7,Jul,2009-07-01,77111
Norway,2009,7,Jul,2009-07-01,2662
Oceania,2009,7,Jul,2009-07-01,91338
Other Markets In Africa,2009,7,Jul,2009-07-01,2689
Other Markets In Americas,2009,7,Jul,2009-07-01,2313
Other Markets In Europe,2009,7,Jul,2009-07-01,9554
Other Markets In Greater China,2009,7,Jul,2009-07-01,1257
Other Markets In North Asia,2009,7,Jul,2009-07-01,89
Other Markets In Oceania,2009,7,Jul,2009-07-01,1020
Other Markets In South Asia,2009,7,Jul,2009-07-01,1928
Other Markets In Southeast Asia,2009,7,Jul,2009-07-01,2837
Other Markets In West Asia,2009,7,Jul,2009-07-01,2244
Others,2009,7,Jul,2009-07-01,30
Pakistan,2009,7,Jul,2009-07-01,3756
Philippines,2009,7,Jul,2009-07-01,32072
Rep Of Ireland,2009,7,Jul,2009-07-01,2085
Russian Federation,2009,7,Jul,2009-07-01,3131
Saudi Arabia,2009,7,Jul,2009-07-01,1807
South Africa (Rep Of),2009,7,Jul,2009-07-01,3304
South Asia,2009,7,Jul,2009-07-01,87003
South Korea,2009,7,Jul,2009-07-01,30389
Southeast Asia,2009,7,Jul,2009-07-01,327832
Spain,2009,7,Jul,2009-07-01,2842
Sri Lanka,2009,7,Jul,2009-07-01,5820
Sweden,2009,7,Jul,2009-07-01,1829
Switzerland,2009,7,Jul,2009-07-01,6023
Taiwan,2009,7,Jul,2009-07-01,17351
Thailand,2009,7,Jul,2009-07-01,26643
Total International Visitor Arrivals By Place Of Residence,2009,7,Jul,2009-07-01,882107
USA,2009,7,Jul,2009-07-01,37270
United Arab Emirates,2009,7,Jul,2009-07-01,6655
United Kingdom,2009,7,Jul,2009-07-01,34318
Vietnam,2009,7,Jul,2009-07-01,32814
West Asia,2009,7,Jul,2009-07-01,14654
Africa,2009,8,Aug,2009-08-01,6801
Americas,2009,8,Aug,2009-08-01,40065
Australia,2009,8,Aug,2009-08-01,67152
Bangladesh,2009,8,Aug,2009-08-01,7442
Belgium & Luxembourg,2009,8,Aug,2009-08-01,2254
Brunei Darussalam,2009,8,Aug,2009-08-01,3520
Canada,2009,8,Aug,2009-08-01,5623
China,2009,8,Aug,2009-08-01,86530
Denmark,2009,8,Aug,2009-08-01,1885
Egypt,2009,8,Aug,2009-08-01,301
Europe,2009,8,Aug,2009-08-01,120519
Finland,2009,8,Aug,2009-08-01,704
France,2009,8,Aug,2009-08-01,16005
Germany,2009,8,Aug,2009-08-01,15563
Greater China,2009,8,Aug,2009-08-01,141676
Hong Kong SAR,2009,8,Aug,2009-08-01,36218
India,2009,8,Aug,2009-08-01,54631
Indonesia,2009,8,Aug,2009-08-01,131985
Iran,2009,8,Aug,2009-08-01,1864
Israel,2009,8,Aug,2009-08-01,1088
Italy,2009,8,Aug,2009-08-01,8871
Japan,2009,8,Aug,2009-08-01,50698
Kuwait,2009,8,Aug,2009-08-01,821
Malaysia,2009,8,Aug,2009-08-01,61893
Mauritius,2009,8,Aug,2009-08-01,1058
Myanmar,2009,8,Aug,2009-08-01,4850
Netherlands,2009,8,Aug,2009-08-01,8954
New Zealand,2009,8,Aug,2009-08-01,8957
North Asia,2009,8,Aug,2009-08-01,83076
Norway,2009,8,Aug,2009-08-01,1728
Oceania,2009,8,Aug,2009-08-01,77091
Other Markets In Africa,2009,8,Aug,2009-08-01,2910
Other Markets In Americas,2009,8,Aug,2009-08-01,1903
Other Markets In Europe,2009,8,Aug,2009-08-01,10719
Other Markets In Greater China,2009,8,Aug,2009-08-01,1438
Other Markets In North Asia,2009,8,Aug,2009-08-01,46
Other Markets In Oceania,2009,8,Aug,2009-08-01,982
Other Markets In South Asia,2009,8,Aug,2009-08-01,1924
Other Markets In Southeast Asia,2009,8,Aug,2009-08-01,2937
Other Markets In West Asia,2009,8,Aug,2009-08-01,1647
Others,2009,8,Aug,2009-08-01,0
Pakistan,2009,8,Aug,2009-08-01,2358
Philippines,2009,8,Aug,2009-08-01,35930
Rep Of Ireland,2009,8,Aug,2009-08-01,1835
Russian Federation,2009,8,Aug,2009-08-01,3643
Saudi Arabia,2009,8,Aug,2009-08-01,1503
South Africa (Rep Of),2009,8,Aug,2009-08-01,2532
South Asia,2009,8,Aug,2009-08-01,73878
South Korea,2009,8,Aug,2009-08-01,32332
Southeast Asia,2009,8,Aug,2009-08-01,289154
Spain,2009,8,Aug,2009-08-01,4449
Sri Lanka,2009,8,Aug,2009-08-01,7523
Sweden,2009,8,Aug,2009-08-01,1494
Switzerland,2009,8,Aug,2009-08-01,4832
Taiwan,2009,8,Aug,2009-08-01,17490
Thailand,2009,8,Aug,2009-08-01,23533
Total International Visitor Arrivals By Place Of Residence,2009,8,Aug,2009-08-01,844649
USA,2009,8,Aug,2009-08-01,32539
United Arab Emirates,2009,8,Aug,2009-08-01,5466
United Kingdom,2009,8,Aug,2009-08-01,37583
Vietnam,2009,8,Aug,2009-08-01,24506
West Asia,2009,8,Aug,2009-08-01,12389
Africa,2009,9,Sep,2009-09-01,5101
Americas,2009,9,Sep,2009-09-01,30958
Australia,2009,9,Sep,2009-09-01,73407
Bangladesh,2009,9,Sep,2009-09-01,7105
Belgium & Luxembourg,2009,9,Sep,2009-09-01,1707
Brunei Darussalam,2009,9,Sep,2009-09-01,4257
Canada,2009,9,Sep,2009-09-01,3761
China,2009,9,Sep,2009-09-01,59588
Denmark,2009,9,Sep,2009-09-01,1940
Egypt,2009,9,Sep,2009-09-01,200
Europe,2009,9,Sep,2009-09-01,98164
Finland,2009,9,Sep,2009-09-01,997
France,2009,9,Sep,2009-09-01,8383
Germany,2009,9,Sep,2009-09-01,14742
Greater China,2009,9,Sep,2009-09-01,92360
Hong Kong SAR,2009,9,Sep,2009-09-01,21509
India,2009,9,Sep,2009-09-01,57110
Indonesia,2009,9,Sep,2009-09-01,182901
Iran,2009,9,Sep,2009-09-01,1934
Israel,2009,9,Sep,2009-09-01,857
Italy,2009,9,Sep,2009-09-01,3727
Japan,2009,9,Sep,2009-09-01,52561
Kuwait,2009,9,Sep,2009-09-01,345
Malaysia,2009,9,Sep,2009-09-01,68008
Mauritius,2009,9,Sep,2009-09-01,612
Myanmar,2009,9,Sep,2009-09-01,5042
Netherlands,2009,9,Sep,2009-09-01,6076
New Zealand,2009,9,Sep,2009-09-01,9259
North Asia,2009,9,Sep,2009-09-01,68331
Norway,2009,9,Sep,2009-09-01,2159
Oceania,2009,9,Sep,2009-09-01,83704
Other Markets In Africa,2009,9,Sep,2009-09-01,1784
Other Markets In Americas,2009,9,Sep,2009-09-01,2007
Other Markets In Europe,2009,9,Sep,2009-09-01,8829
Other Markets In Greater China,2009,9,Sep,2009-09-01,820
Other Markets In North Asia,2009,9,Sep,2009-09-01,56
Other Markets In Oceania,2009,9,Sep,2009-09-01,1038
Other Markets In South Asia,2009,9,Sep,2009-09-01,1955
Other Markets In Southeast Asia,2009,9,Sep,2009-09-01,2689
Other Markets In West Asia,2009,9,Sep,2009-09-01,1192
Others,2009,9,Sep,2009-09-01,1
Pakistan,2009,9,Sep,2009-09-01,1055
Philippines,2009,9,Sep,2009-09-01,35289
Rep Of Ireland,2009,9,Sep,2009-09-01,1685
Russian Federation,2009,9,Sep,2009-09-01,3644
Saudi Arabia,2009,9,Sep,2009-09-01,771
South Africa (Rep Of),2009,9,Sep,2009-09-01,2505
South Asia,2009,9,Sep,2009-09-01,72841
South Korea,2009,9,Sep,2009-09-01,15714
Southeast Asia,2009,9,Sep,2009-09-01,339293
Spain,2009,9,Sep,2009-09-01,3032
Sri Lanka,2009,9,Sep,2009-09-01,5616
Sweden,2009,9,Sep,2009-09-01,1957
Switzerland,2009,9,Sep,2009-09-01,4533
Taiwan,2009,9,Sep,2009-09-01,10443
Thailand,2009,9,Sep,2009-09-01,23587
Total International Visitor Arrivals By Place Of Residence,2009,9,Sep,2009-09-01,799496
USA,2009,9,Sep,2009-09-01,25190
United Arab Emirates,2009,9,Sep,2009-09-01,3644
United Kingdom,2009,9,Sep,2009-09-01,34753
Vietnam,2009,9,Sep,2009-09-01,17520
West Asia,2009,9,Sep,2009-09-01,8743
Africa,2009,10,Oct,2009-10-01,6693
Americas,2009,10,Oct,2009-10-01,41428
Australia,2009,10,Oct,2009-10-01,81622
Bangladesh,2009,10,Oct,2009-10-01,8291
Belgium & Luxembourg,2009,10,Oct,2009-10-01,1806
Brunei Darussalam,2009,10,Oct,2009-10-01,3988
Canada,2009,10,Oct,2009-10-01,5752
China,2009,10,Oct,2009-10-01,83273
Denmark,2009,10,Oct,2009-10-01,2795
Egypt,2009,10,Oct,2009-10-01,390
Europe,2009,10,Oct,2009-10-01,114992
Finland,2009,10,Oct,2009-10-01,1137
France,2009,10,Oct,2009-10-01,10012
Germany,2009,10,Oct,2009-10-01,17384
Greater China,2009,10,Oct,2009-10-01,123066
Hong Kong SAR,2009,10,Oct,2009-10-01,25512
India,2009,10,Oct,2009-10-01,67239
Indonesia,2009,10,Oct,2009-10-01,137011
Iran,2009,10,Oct,2009-10-01,1336
Israel,2009,10,Oct,2009-10-01,1083
Italy,2009,10,Oct,2009-10-01,3695
Japan,2009,10,Oct,2009-10-01,43247
Kuwait,2009,10,Oct,2009-10-01,254
Malaysia,2009,10,Oct,2009-10-01,69426
Mauritius,2009,10,Oct,2009-10-01,997
Myanmar,2009,10,Oct,2009-10-01,6249
Netherlands,2009,10,Oct,2009-10-01,7021
New Zealand,2009,10,Oct,2009-10-01,9431
North Asia,2009,10,Oct,2009-10-01,59384
Norway,2009,10,Oct,2009-10-01,2566
Oceania,2009,10,Oct,2009-10-01,92106
Other Markets In Africa,2009,10,Oct,2009-10-01,2245
Other Markets In Americas,2009,10,Oct,2009-10-01,2942
Other Markets In Europe,2009,10,Oct,2009-10-01,9295
Other Markets In Greater China,2009,10,Oct,2009-10-01,1073
Other Markets In North Asia,2009,10,Oct,2009-10-01,68
Other Markets In Oceania,2009,10,Oct,2009-10-01,1053
Other Markets In South Asia,2009,10,Oct,2009-10-01,1902
Other Markets In Southeast Asia,2009,10,Oct,2009-10-01,2824
Other Markets In West Asia,2009,10,Oct,2009-10-01,948
Others,2009,10,Oct,2009-10-01,3
Pakistan,2009,10,Oct,2009-10-01,1461
Philippines,2009,10,Oct,2009-10-01,38367
Rep Of Ireland,2009,10,Oct,2009-10-01,1855
Russian Federation,2009,10,Oct,2009-10-01,4691
Saudi Arabia,2009,10,Oct,2009-10-01,666
South Africa (Rep Of),2009,10,Oct,2009-10-01,3061
South Asia,2009,10,Oct,2009-10-01,85135
South Korea,2009,10,Oct,2009-10-01,16069
Southeast Asia,2009,10,Oct,2009-10-01,314781
Spain,2009,10,Oct,2009-10-01,3155
Sri Lanka,2009,10,Oct,2009-10-01,6242
Sweden,2009,10,Oct,2009-10-01,2597
Switzerland,2009,10,Oct,2009-10-01,6314
Taiwan,2009,10,Oct,2009-10-01,13208
Thailand,2009,10,Oct,2009-10-01,35977
Total International Visitor Arrivals By Place Of Residence,2009,10,Oct,2009-10-01,844953
USA,2009,10,Oct,2009-10-01,32734
United Arab Emirates,2009,10,Oct,2009-10-01,3078
United Kingdom,2009,10,Oct,2009-10-01,40669
Vietnam,2009,10,Oct,2009-10-01,20939
West Asia,2009,10,Oct,2009-10-01,7365
Africa,2009,11,Nov,2009-11-01,6248
Americas,2009,11,Nov,2009-11-01,43839
Australia,2009,11,Nov,2009-11-01,68570
Bangladesh,2009,11,Nov,2009-11-01,6735
Belgium & Luxembourg,2009,11,Nov,2009-11-01,1967
Brunei Darussalam,2009,11,Nov,2009-11-01,5260
Canada,2009,11,Nov,2009-11-01,6391
China,2009,11,Nov,2009-11-01,90358
Denmark,2009,11,Nov,2009-11-01,2811
Egypt,2009,11,Nov,2009-11-01,365
Europe,2009,11,Nov,2009-11-01,122820
Finland,2009,11,Nov,2009-11-01,1395
France,2009,11,Nov,2009-11-01,10339
Germany,2009,11,Nov,2009-11-01,20619
Greater China,2009,11,Nov,2009-11-01,123723
Hong Kong SAR,2009,11,Nov,2009-11-01,20525
India,2009,11,Nov,2009-11-01,49836
Indonesia,2009,11,Nov,2009-11-01,143014
Iran,2009,11,Nov,2009-11-01,1722
Israel,2009,11,Nov,2009-11-01,1051
Italy,2009,11,Nov,2009-11-01,3436
Japan,2009,11,Nov,2009-11-01,38949
Kuwait,2009,11,Nov,2009-11-01,413
Malaysia,2009,11,Nov,2009-11-01,82747
Mauritius,2009,11,Nov,2009-11-01,1284
Myanmar,2009,11,Nov,2009-11-01,5694
Netherlands,2009,11,Nov,2009-11-01,6431
New Zealand,2009,11,Nov,2009-11-01,7570
North Asia,2009,11,Nov,2009-11-01,58613
Norway,2009,11,Nov,2009-11-01,2834
Oceania,2009,11,Nov,2009-11-01,77327
Other Markets In Africa,2009,11,Nov,2009-11-01,1943
Other Markets In Americas,2009,11,Nov,2009-11-01,3046
Other Markets In Europe,2009,11,Nov,2009-11-01,10438
Other Markets In Greater China,2009,11,Nov,2009-11-01,940
Other Markets In North Asia,2009,11,Nov,2009-11-01,44
Other Markets In Oceania,2009,11,Nov,2009-11-01,1187
Other Markets In South Asia,2009,11,Nov,2009-11-01,2084
Other Markets In Southeast Asia,2009,11,Nov,2009-11-01,2991
Other Markets In West Asia,2009,11,Nov,2009-11-01,1478
Others,2009,11,Nov,2009-11-01,2
Pakistan,2009,11,Nov,2009-11-01,1495
Philippines,2009,11,Nov,2009-11-01,37810
Rep Of Ireland,2009,11,Nov,2009-11-01,1830
Russian Federation,2009,11,Nov,2009-11-01,4900
Saudi Arabia,2009,11,Nov,2009-11-01,1069
South Africa (Rep Of),2009,11,Nov,2009-11-01,2656
South Asia,2009,11,Nov,2009-11-01,66228
South Korea,2009,11,Nov,2009-11-01,19620
Southeast Asia,2009,11,Nov,2009-11-01,321009
Spain,2009,11,Nov,2009-11-01,3008
Sri Lanka,2009,11,Nov,2009-11-01,6078
Sweden,2009,11,Nov,2009-11-01,2959
Switzerland,2009,11,Nov,2009-11-01,6119
Taiwan,2009,11,Nov,2009-11-01,11900
Thailand,2009,11,Nov,2009-11-01,23588
Total International Visitor Arrivals By Place Of Residence,2009,11,Nov,2009-11-01,830173
USA,2009,11,Nov,2009-11-01,34402
United Arab Emirates,2009,11,Nov,2009-11-01,4631
United Kingdom,2009,11,Nov,2009-11-01,43734
Vietnam,2009,11,Nov,2009-11-01,19905
West Asia,2009,11,Nov,2009-11-01,10364
Africa,2009,12,Dec,2009-12-01,10506
Americas,2009,12,Dec,2009-12-01,42170
Australia,2009,12,Dec,2009-12-01,84158
Bangladesh,2009,12,Dec,2009-12-01,8001
Belgium & Luxembourg,2009,12,Dec,2009-12-01,1748
Brunei Darussalam,2009,12,Dec,2009-12-01,9705
Canada,2009,12,Dec,2009-12-01,6790
China,2009,12,Dec,2009-12-01,87983
Denmark,2009,12,Dec,2009-12-01,2400
Egypt,2009,12,Dec,2009-12-01,312
Europe,2009,12,Dec,2009-12-01,110895
Finland,2009,12,Dec,2009-12-01,1761
France,2009,12,Dec,2009-12-01,9376
Germany,2009,12,Dec,2009-12-01,15824
Greater China,2009,12,Dec,2009-12-01,120167
Hong Kong SAR,2009,12,Dec,2009-12-01,21046
India,2009,12,Dec,2009-12-01,70097
Indonesia,2009,12,Dec,2009-12-01,214634
Iran,2009,12,Dec,2009-12-01,2054
Israel,2009,12,Dec,2009-12-01,886
Italy,2009,12,Dec,2009-12-01,3753
Japan,2009,12,Dec,2009-12-01,40420
Kuwait,2009,12,Dec,2009-12-01,412
Malaysia,2009,12,Dec,2009-12-01,110760
Mauritius,2009,12,Dec,2009-12-01,1806
Myanmar,2009,12,Dec,2009-12-01,7056
Netherlands,2009,12,Dec,2009-12-01,6413
New Zealand,2009,12,Dec,2009-12-01,6855
North Asia,2009,12,Dec,2009-12-01,60515
Norway,2009,12,Dec,2009-12-01,2791
Oceania,2009,12,Dec,2009-12-01,92248
Other Markets In Africa,2009,12,Dec,2009-12-01,3063
Other Markets In Americas,2009,12,Dec,2009-12-01,2136
Other Markets In Europe,2009,12,Dec,2009-12-01,9310
Other Markets In Greater China,2009,12,Dec,2009-12-01,1099
Other Markets In North Asia,2009,12,Dec,2009-12-01,62
Other Markets In Oceania,2009,12,Dec,2009-12-01,1235
Other Markets In South Asia,2009,12,Dec,2009-12-01,2800
Other Markets In Southeast Asia,2009,12,Dec,2009-12-01,2488
Other Markets In West Asia,2009,12,Dec,2009-12-01,1552
Others,2009,12,Dec,2009-12-01,2
Pakistan,2009,12,Dec,2009-12-01,2165
Philippines,2009,12,Dec,2009-12-01,41157
Rep Of Ireland,2009,12,Dec,2009-12-01,1786
Russian Federation,2009,12,Dec,2009-12-01,4606
Saudi Arabia,2009,12,Dec,2009-12-01,714
South Africa (Rep Of),2009,12,Dec,2009-12-01,5325
South Asia,2009,12,Dec,2009-12-01,91153
South Korea,2009,12,Dec,2009-12-01,20033
Southeast Asia,2009,12,Dec,2009-12-01,434660
Spain,2009,12,Dec,2009-12-01,2316
Sri Lanka,2009,12,Dec,2009-12-01,8090
Sweden,2009,12,Dec,2009-12-01,3915
Switzerland,2009,12,Dec,2009-12-01,5306
Taiwan,2009,12,Dec,2009-12-01,10039
Thailand,2009,12,Dec,2009-12-01,26830
Total International Visitor Arrivals By Place Of Residence,2009,12,Dec,2009-12-01,972233
USA,2009,12,Dec,2009-12-01,33244
United Arab Emirates,2009,12,Dec,2009-12-01,4299
United Kingdom,2009,12,Dec,2009-12-01,39590
Vietnam,2009,12,Dec,2009-12-01,22030
West Asia,2009,12,Dec,2009-12-01,9917
Africa,2010,1,Jan,2010-01-01,7363
Americas,2010,1,Jan,2010-01-01,44900
Australia,2010,1,Jan,2010-01-01,89584
Bangladesh,2010,1,Jan,2010-01-01,7762
Belgium & Luxembourg,2010,1,Jan,2010-01-01,1954
Brunei Darussalam,2010,1,Jan,2010-01-01,5245
Canada,2010,1,Jan,2010-01-01,6860
China,2010,1,Jan,2010-01-01,98918
Denmark,2010,1,Jan,2010-01-01,3453
Egypt,2010,1,Jan,2010-01-01,306
Europe,2010,1,Jan,2010-01-01,130002
Finland,2010,1,Jan,2010-01-01,1972
France,2010,1,Jan,2010-01-01,10010
Germany,2010,1,Jan,2010-01-01,18091
Greater China,2010,1,Jan,2010-01-01,135038
Hong Kong SAR,2010,1,Jan,2010-01-01,19415
India,2010,1,Jan,2010-01-01,57404
Indonesia,2010,1,Jan,2010-01-01,173640
Iran,2010,1,Jan,2010-01-01,1779
Israel,2010,1,Jan,2010-01-01,1277
Italy,2010,1,Jan,2010-01-01,4619
Japan,2010,1,Jan,2010-01-01,37747
Kuwait,2010,1,Jan,2010-01-01,443
Malaysia,2010,1,Jan,2010-01-01,67942
Mauritius,2010,1,Jan,2010-01-01,1174
Myanmar,2010,1,Jan,2010-01-01,5512
Netherlands,2010,1,Jan,2010-01-01,6597
New Zealand,2010,1,Jan,2010-01-01,8392
North Asia,2010,1,Jan,2010-01-01,77235
Norway,2010,1,Jan,2010-01-01,2974
Oceania,2010,1,Jan,2010-01-01,99207
Other Markets In Africa,2010,1,Jan,2010-01-01,2413
Other Markets In Americas,2010,1,Jan,2010-01-01,2526
Other Markets In Europe,2010,1,Jan,2010-01-01,12849
Other Markets In Greater China,2010,1,Jan,2010-01-01,1194
Other Markets In North Asia,2010,1,Jan,2010-01-01,51
Other Markets In Oceania,2010,1,Jan,2010-01-01,1231
Other Markets In South Asia,2010,1,Jan,2010-01-01,2500
Other Markets In Southeast Asia,2010,1,Jan,2010-01-01,3130
Other Markets In West Asia,2010,1,Jan,2010-01-01,1098
Others,2010,1,Jan,2010-01-01,16
Pakistan,2010,1,Jan,2010-01-01,1585
Philippines,2010,1,Jan,2010-01-01,32704
Rep Of Ireland,2010,1,Jan,2010-01-01,1928
Russian Federation,2010,1,Jan,2010-01-01,8063
Saudi Arabia,2010,1,Jan,2010-01-01,513
South Africa (Rep Of),2010,1,Jan,2010-01-01,3470
South Asia,2010,1,Jan,2010-01-01,74021
South Korea,2010,1,Jan,2010-01-01,39437
Southeast Asia,2010,1,Jan,2010-01-01,331917
Spain,2010,1,Jan,2010-01-01,2174
Sri Lanka,2010,1,Jan,2010-01-01,4770
Sweden,2010,1,Jan,2010-01-01,4708
Switzerland,2010,1,Jan,2010-01-01,6078
Taiwan,2010,1,Jan,2010-01-01,15511
Thailand,2010,1,Jan,2010-01-01,24635
Total International Visitor Arrivals By Place Of Residence,2010,1,Jan,2010-01-01,908495
USA,2010,1,Jan,2010-01-01,35514
United Arab Emirates,2010,1,Jan,2010-01-01,3686
United Kingdom,2010,1,Jan,2010-01-01,44532
Vietnam,2010,1,Jan,2010-01-01,19109
West Asia,2010,1,Jan,2010-01-01,8796
Africa,2010,2,Feb,2010-02-01,4418
Americas,2010,2,Feb,2010-02-01,39669
Australia,2010,2,Feb,2010-02-01,55364
Bangladesh,2010,2,Feb,2010-02-01,5726
Belgium & Luxembourg,2010,2,Feb,2010-02-01,1882
Brunei Darussalam,2010,2,Feb,2010-02-01,4139
Canada,2010,2,Feb,2010-02-01,6424
China,2010,2,Feb,2010-02-01,143050
Denmark,2010,2,Feb,2010-02-01,3786
Egypt,2010,2,Feb,2010-02-01,315
Europe,2010,2,Feb,2010-02-01,124919
Finland,2010,2,Feb,2010-02-01,1539
France,2010,2,Feb,2010-02-01,10684
Germany,2010,2,Feb,2010-02-01,17337
Greater China,2010,2,Feb,2010-02-01,187197
Hong Kong SAR,2010,2,Feb,2010-02-01,24904
India,2010,2,Feb,2010-02-01,46061
Indonesia,2010,2,Feb,2010-02-01,143921
Iran,2010,2,Feb,2010-02-01,4042
Israel,2010,2,Feb,2010-02-01,997
Italy,2010,2,Feb,2010-02-01,3821
Japan,2010,2,Feb,2010-02-01,40669
Kuwait,2010,2,Feb,2010-02-01,587
Malaysia,2010,2,Feb,2010-02-01,68678
Mauritius,2010,2,Feb,2010-02-01,944
Myanmar,2010,2,Feb,2010-02-01,4583
Netherlands,2010,2,Feb,2010-02-01,6328
New Zealand,2010,2,Feb,2010-02-01,4481
North Asia,2010,2,Feb,2010-02-01,70307
Norway,2010,2,Feb,2010-02-01,3263
Oceania,2010,2,Feb,2010-02-01,60674
Other Markets In Africa,2010,2,Feb,2010-02-01,1438
Other Markets In Americas,2010,2,Feb,2010-02-01,2078
Other Markets In Europe,2010,2,Feb,2010-02-01,10345
Other Markets In Greater China,2010,2,Feb,2010-02-01,1505
Other Markets In North Asia,2010,2,Feb,2010-02-01,49
Other Markets In Oceania,2010,2,Feb,2010-02-01,829
Other Markets In South Asia,2010,2,Feb,2010-02-01,1761
Other Markets In Southeast Asia,2010,2,Feb,2010-02-01,2786
Other Markets In West Asia,2010,2,Feb,2010-02-01,994
Others,2010,2,Feb,2010-02-01,10
Pakistan,2010,2,Feb,2010-02-01,1292
Philippines,2010,2,Feb,2010-02-01,32510
Rep Of Ireland,2010,2,Feb,2010-02-01,1555
Russian Federation,2010,2,Feb,2010-02-01,4465
Saudi Arabia,2010,2,Feb,2010-02-01,714
South Africa (Rep Of),2010,2,Feb,2010-02-01,1721
South Asia,2010,2,Feb,2010-02-01,59574
South Korea,2010,2,Feb,2010-02-01,29589
Southeast Asia,2010,2,Feb,2010-02-01,300249
Spain,2010,2,Feb,2010-02-01,2275
Sri Lanka,2010,2,Feb,2010-02-01,4734
Sweden,2010,2,Feb,2010-02-01,3956
Switzerland,2010,2,Feb,2010-02-01,6100
Taiwan,2010,2,Feb,2010-02-01,17738
Thailand,2010,2,Feb,2010-02-01,23154
Total International Visitor Arrivals By Place Of Residence,2010,2,Feb,2010-02-01,857387
USA,2010,2,Feb,2010-02-01,31167
United Arab Emirates,2010,2,Feb,2010-02-01,3036
United Kingdom,2010,2,Feb,2010-02-01,47583
Vietnam,2010,2,Feb,2010-02-01,20478
West Asia,2010,2,Feb,2010-02-01,10370
Africa,2010,3,Mar,2010-03-01,5907
Americas,2010,3,Mar,2010-03-01,46657
Australia,2010,3,Mar,2010-03-01,63659
Bangladesh,2010,3,Mar,2010-03-01,7747
Belgium & Luxembourg,2010,3,Mar,2010-03-01,2249
Brunei Darussalam,2010,3,Mar,2010-03-01,5692
Canada,2010,3,Mar,2010-03-01,7048
China,2010,3,Mar,2010-03-01,88038
Denmark,2010,3,Mar,2010-03-01,3584
Egypt,2010,3,Mar,2010-03-01,379
Europe,2010,3,Mar,2010-03-01,144873
Finland,2010,3,Mar,2010-03-01,1775
France,2010,3,Mar,2010-03-01,11349
Germany,2010,3,Mar,2010-03-01,24044
Greater China,2010,3,Mar,2010-03-01,130797
Hong Kong SAR,2010,3,Mar,2010-03-01,26245
India,2010,3,Mar,2010-03-01,53966
Indonesia,2010,3,Mar,2010-03-01,166036
Iran,2010,3,Mar,2010-03-01,10024
Israel,2010,3,Mar,2010-03-01,1175
Italy,2010,3,Mar,2010-03-01,4014
Japan,2010,3,Mar,2010-03-01,51836
Kuwait,2010,3,Mar,2010-03-01,468
Malaysia,2010,3,Mar,2010-03-01,81757
Mauritius,2010,3,Mar,2010-03-01,938
Myanmar,2010,3,Mar,2010-03-01,7000
Netherlands,2010,3,Mar,2010-03-01,6767
New Zealand,2010,3,Mar,2010-03-01,5602
North Asia,2010,3,Mar,2010-03-01,82015
Norway,2010,3,Mar,2010-03-01,3807
Oceania,2010,3,Mar,2010-03-01,70292
Other Markets In Africa,2010,3,Mar,2010-03-01,1936
Other Markets In Americas,2010,3,Mar,2010-03-01,2486
Other Markets In Europe,2010,3,Mar,2010-03-01,12137
Other Markets In Greater China,2010,3,Mar,2010-03-01,1294
Other Markets In North Asia,2010,3,Mar,2010-03-01,66
Other Markets In Oceania,2010,3,Mar,2010-03-01,1031
Other Markets In South Asia,2010,3,Mar,2010-03-01,2054
Other Markets In Southeast Asia,2010,3,Mar,2010-03-01,2599
Other Markets In West Asia,2010,3,Mar,2010-03-01,1160
Others,2010,3,Mar,2010-03-01,4
Pakistan,2010,3,Mar,2010-03-01,1662
Philippines,2010,3,Mar,2010-03-01,43959
Rep Of Ireland,2010,3,Mar,2010-03-01,2062
Russian Federation,2010,3,Mar,2010-03-01,5037
Saudi Arabia,2010,3,Mar,2010-03-01,689
South Africa (Rep Of),2010,3,Mar,2010-03-01,2654
South Asia,2010,3,Mar,2010-03-01,70804
South Korea,2010,3,Mar,2010-03-01,30113
Southeast Asia,2010,3,Mar,2010-03-01,360196
Spain,2010,3,Mar,2010-03-01,2940
Sri Lanka,2010,3,Mar,2010-03-01,5375
Sweden,2010,3,Mar,2010-03-01,4166
Switzerland,2010,3,Mar,2010-03-01,6485
Taiwan,2010,3,Mar,2010-03-01,15220
Thailand,2010,3,Mar,2010-03-01,31815
Total International Visitor Arrivals By Place Of Residence,2010,3,Mar,2010-03-01,928903
USA,2010,3,Mar,2010-03-01,37123
United Arab Emirates,2010,3,Mar,2010-03-01,3842
United Kingdom,2010,3,Mar,2010-03-01,54457
Vietnam,2010,3,Mar,2010-03-01,21338
West Asia,2010,3,Mar,2010-03-01,17358
Africa,2010,4,Apr,2010-04-01,6449
Americas,2010,4,Apr,2010-04-01,43034
Australia,2010,4,Apr,2010-04-01,70079
Bangladesh,2010,4,Apr,2010-04-01,7529
Belgium & Luxembourg,2010,4,Apr,2010-04-01,2089
Brunei Darussalam,2010,4,Apr,2010-04-01,3943
Canada,2010,4,Apr,2010-04-01,6734
China,2010,4,Apr,2010-04-01,91702
Denmark,2010,4,Apr,2010-04-01,2345
Egypt,2010,4,Apr,2010-04-01,363
Europe,2010,4,Apr,2010-04-01,113930
Finland,2010,4,Apr,2010-04-01,1064
France,2010,4,Apr,2010-04-01,11283
Germany,2010,4,Apr,2010-04-01,17908
Greater China,2010,4,Apr,2010-04-01,143627
Hong Kong SAR,2010,4,Apr,2010-04-01,35564
India,2010,4,Apr,2010-04-01,73219
Indonesia,2010,4,Apr,2010-04-01,163076
Iran,2010,4,Apr,2010-04-01,1184
Israel,2010,4,Apr,2010-04-01,957
Italy,2010,4,Apr,2010-04-01,3527
Japan,2010,4,Apr,2010-04-01,35179
Kuwait,2010,4,Apr,2010-04-01,305
Malaysia,2010,4,Apr,2010-04-01,77476
Mauritius,2010,4,Apr,2010-04-01,977
Myanmar,2010,4,Apr,2010-04-01,9646
Netherlands,2010,4,Apr,2010-04-01,5571
New Zealand,2010,4,Apr,2010-04-01,6639
North Asia,2010,4,Apr,2010-04-01,60001
Norway,2010,4,Apr,2010-04-01,2560
Oceania,2010,4,Apr,2010-04-01,77745
Other Markets In Africa,2010,4,Apr,2010-04-01,2387
Other Markets In Americas,2010,4,Apr,2010-04-01,2820
Other Markets In Europe,2010,4,Apr,2010-04-01,8776
Other Markets In Greater China,2010,4,Apr,2010-04-01,1852
Other Markets In North Asia,2010,4,Apr,2010-04-01,37
Other Markets In Oceania,2010,4,Apr,2010-04-01,1027
Other Markets In South Asia,2010,4,Apr,2010-04-01,2001
Other Markets In Southeast Asia,2010,4,Apr,2010-04-01,4705
Other Markets In West Asia,2010,4,Apr,2010-04-01,1385
Others,2010,4,Apr,2010-04-01,2
Pakistan,2010,4,Apr,2010-04-01,1707
Philippines,2010,4,Apr,2010-04-01,54454
Rep Of Ireland,2010,4,Apr,2010-04-01,1578
Russian Federation,2010,4,Apr,2010-04-01,3878
Saudi Arabia,2010,4,Apr,2010-04-01,1038
South Africa (Rep Of),2010,4,Apr,2010-04-01,2722
South Asia,2010,4,Apr,2010-04-01,94417
South Korea,2010,4,Apr,2010-04-01,24785
Southeast Asia,2010,4,Apr,2010-04-01,390638
Spain,2010,4,Apr,2010-04-01,2222
Sri Lanka,2010,4,Apr,2010-04-01,9961
Sweden,2010,4,Apr,2010-04-01,2839
Switzerland,2010,4,Apr,2010-04-01,6926
Taiwan,2010,4,Apr,2010-04-01,14509
Thailand,2010,4,Apr,2010-04-01,50657
Total International Visitor Arrivals By Place Of Residence,2010,4,Apr,2010-04-01,939013
USA,2010,4,Apr,2010-04-01,33480
United Arab Emirates,2010,4,Apr,2010-04-01,4301
United Kingdom,2010,4,Apr,2010-04-01,41364
Vietnam,2010,4,Apr,2010-04-01,26681
West Asia,2010,4,Apr,2010-04-01,9170
Africa,2010,5,May,2010-05-01,4999
Americas,2010,5,May,2010-05-01,40131
Australia,2010,5,May,2010-05-01,63517
Bangladesh,2010,5,May,2010-05-01,7704
Belgium & Luxembourg,2010,5,May,2010-05-01,1542
Brunei Darussalam,2010,5,May,2010-05-01,4796
Canada,2010,5,May,2010-05-01,5457
China,2010,5,May,2010-05-01,71636
Denmark,2010,5,May,2010-05-01,1666
Egypt,2010,5,May,2010-05-01,307
Europe,2010,5,May,2010-05-01,92340
Finland,2010,5,May,2010-05-01,878
France,2010,5,May,2010-05-01,10323
Germany,2010,5,May,2010-05-01,14058
Greater China,2010,5,May,2010-05-01,122304
Hong Kong SAR,2010,5,May,2010-05-01,32047
India,2010,5,May,2010-05-01,115965
Indonesia,2010,5,May,2010-05-01,185809
Iran,2010,5,May,2010-05-01,1448
Israel,2010,5,May,2010-05-01,1029
Italy,2010,5,May,2010-05-01,3406
Japan,2010,5,May,2010-05-01,36827
Kuwait,2010,5,May,2010-05-01,451
Malaysia,2010,5,May,2010-05-01,81937
Mauritius,2010,5,May,2010-05-01,640
Myanmar,2010,5,May,2010-05-01,6556
Netherlands,2010,5,May,2010-05-01,5881
New Zealand,2010,5,May,2010-05-01,8109
North Asia,2010,5,May,2010-05-01,69073
Norway,2010,5,May,2010-05-01,1807
Oceania,2010,5,May,2010-05-01,72648
Other Markets In Africa,2010,5,May,2010-05-01,1882
Other Markets In Americas,2010,5,May,2010-05-01,2550
Other Markets In Europe,2010,5,May,2010-05-01,7847
Other Markets In Greater China,2010,5,May,2010-05-01,1510
Other Markets In North Asia,2010,5,May,2010-05-01,85
Other Markets In Oceania,2010,5,May,2010-05-01,1022
Other Markets In South Asia,2010,5,May,2010-05-01,2001
Other Markets In Southeast Asia,2010,5,May,2010-05-01,3723
Other Markets In West Asia,2010,5,May,2010-05-01,1229
Others,2010,5,May,2010-05-01,0
Pakistan,2010,5,May,2010-05-01,1565
Philippines,2010,5,May,2010-05-01,55312
Rep Of Ireland,2010,5,May,2010-05-01,1411
Russian Federation,2010,5,May,2010-05-01,4067
Saudi Arabia,2010,5,May,2010-05-01,771
South Africa (Rep Of),2010,5,May,2010-05-01,2170
South Asia,2010,5,May,2010-05-01,133278
South Korea,2010,5,May,2010-05-01,32161
Southeast Asia,2010,5,May,2010-05-01,403211
Spain,2010,5,May,2010-05-01,1918
Sri Lanka,2010,5,May,2010-05-01,6043
Sweden,2010,5,May,2010-05-01,1822
Switzerland,2010,5,May,2010-05-01,6413
Taiwan,2010,5,May,2010-05-01,17111
Thailand,2010,5,May,2010-05-01,38925
Total International Visitor Arrivals By Place Of Residence,2010,5,May,2010-05-01,946676
USA,2010,5,May,2010-05-01,32124
United Arab Emirates,2010,5,May,2010-05-01,3764
United Kingdom,2010,5,May,2010-05-01,29301
Vietnam,2010,5,May,2010-05-01,26153
West Asia,2010,5,May,2010-05-01,8692
Africa,2010,6,Jun,2010-06-01,5095
Americas,2010,6,Jun,2010-06-01,46349
Australia,2010,6,Jun,2010-06-01,74597
Bangladesh,2010,6,Jun,2010-06-01,8524
Belgium & Luxembourg,2010,6,Jun,2010-06-01,1535
Brunei Darussalam,2010,6,Jun,2010-06-01,5953
Canada,2010,6,Jun,2010-06-01,4969
China,2010,6,Jun,2010-06-01,69081
Denmark,2010,6,Jun,2010-06-01,1820
Egypt,2010,6,Jun,2010-06-01,348
Europe,2010,6,Jun,2010-06-01,82013
Finland,2010,6,Jun,2010-06-01,991
France,2010,6,Jun,2010-06-01,8359
Germany,2010,6,Jun,2010-06-01,11839
Greater China,2010,6,Jun,2010-06-01,117363
Hong Kong SAR,2010,6,Jun,2010-06-01,32190
India,2010,6,Jun,2010-06-01,83472
Indonesia,2010,6,Jun,2010-06-01,214445
Iran,2010,6,Jun,2010-06-01,2118
Israel,2010,6,Jun,2010-06-01,1174
Italy,2010,6,Jun,2010-06-01,3201
Japan,2010,6,Jun,2010-06-01,36469
Kuwait,2010,6,Jun,2010-06-01,806
Malaysia,2010,6,Jun,2010-06-01,93089
Mauritius,2010,6,Jun,2010-06-01,654
Myanmar,2010,6,Jun,2010-06-01,6236
Netherlands,2010,6,Jun,2010-06-01,4907
New Zealand,2010,6,Jun,2010-06-01,9655
North Asia,2010,6,Jun,2010-06-01,66601
Norway,2010,6,Jun,2010-06-01,2412
Oceania,2010,6,Jun,2010-06-01,85528
Other Markets In Africa,2010,6,Jun,2010-06-01,1938
Other Markets In Americas,2010,6,Jun,2010-06-01,2325
Other Markets In Europe,2010,6,Jun,2010-06-01,7400
Other Markets In Greater China,2010,6,Jun,2010-06-01,2550
Other Markets In North Asia,2010,6,Jun,2010-06-01,99
Other Markets In Oceania,2010,6,Jun,2010-06-01,1276
Other Markets In South Asia,2010,6,Jun,2010-06-01,1896
Other Markets In Southeast Asia,2010,6,Jun,2010-06-01,3364
Other Markets In West Asia,2010,6,Jun,2010-06-01,1971
Others,2010,6,Jun,2010-06-01,4
Pakistan,2010,6,Jun,2010-06-01,2926
Philippines,2010,6,Jun,2010-06-01,44491
Rep Of Ireland,2010,6,Jun,2010-06-01,1904
Russian Federation,2010,6,Jun,2010-06-01,3096
Saudi Arabia,2010,6,Jun,2010-06-01,942
South Africa (Rep Of),2010,6,Jun,2010-06-01,2155
South Asia,2010,6,Jun,2010-06-01,102568
South Korea,2010,6,Jun,2010-06-01,30033
Southeast Asia,2010,6,Jun,2010-06-01,433880
Spain,2010,6,Jun,2010-06-01,2352
Sri Lanka,2010,6,Jun,2010-06-01,5750
Sweden,2010,6,Jun,2010-06-01,2117
Switzerland,2010,6,Jun,2010-06-01,4338
Taiwan,2010,6,Jun,2010-06-01,13542
Thailand,2010,6,Jun,2010-06-01,30712
Total International Visitor Arrivals By Place Of Residence,2010,6,Jun,2010-06-01,951032
USA,2010,6,Jun,2010-06-01,39055
United Arab Emirates,2010,6,Jun,2010-06-01,4620
United Kingdom,2010,6,Jun,2010-06-01,25742
Vietnam,2010,6,Jun,2010-06-01,35590
West Asia,2010,6,Jun,2010-06-01,11631
Africa,2010,7,Jul,2010-07-01,6376
Americas,2010,7,Jul,2010-07-01,50467
Australia,2010,7,Jul,2010-07-01,87289
Bangladesh,2010,7,Jul,2010-07-01,9373
Belgium & Luxembourg,2010,7,Jul,2010-07-01,2625
Brunei Darussalam,2010,7,Jul,2010-07-01,5578
Canada,2010,7,Jul,2010-07-01,6646
China,2010,7,Jul,2010-07-01,117778
Denmark,2010,7,Jul,2010-07-01,2934
Egypt,2010,7,Jul,2010-07-01,607
Europe,2010,7,Jul,2010-07-01,107517
Finland,2010,7,Jul,2010-07-01,968
France,2010,7,Jul,2010-07-01,11904
Germany,2010,7,Jul,2010-07-01,14647
Greater China,2010,7,Jul,2010-07-01,191372
Hong Kong SAR,2010,7,Jul,2010-07-01,46727
India,2010,7,Jul,2010-07-01,64912
Indonesia,2010,7,Jul,2010-07-01,232630
Iran,2010,7,Jul,2010-07-01,2032
Israel,2010,7,Jul,2010-07-01,918
Italy,2010,7,Jul,2010-07-01,4084
Japan,2010,7,Jul,2010-07-01,44649
Kuwait,2010,7,Jul,2010-07-01,2548
Malaysia,2010,7,Jul,2010-07-01,82611
Mauritius,2010,7,Jul,2010-07-01,1163
Myanmar,2010,7,Jul,2010-07-01,6879
Netherlands,2010,7,Jul,2010-07-01,8447
New Zealand,2010,7,Jul,2010-07-01,10847
North Asia,2010,7,Jul,2010-07-01,77397
Norway,2010,7,Jul,2010-07-01,2819
Oceania,2010,7,Jul,2010-07-01,99208
Other Markets In Africa,2010,7,Jul,2010-07-01,2736
Other Markets In Americas,2010,7,Jul,2010-07-01,2648
Other Markets In Europe,2010,7,Jul,2010-07-01,10009
Other Markets In Greater China,2010,7,Jul,2010-07-01,2930
Other Markets In North Asia,2010,7,Jul,2010-07-01,75
Other Markets In Oceania,2010,7,Jul,2010-07-01,1072
Other Markets In South Asia,2010,7,Jul,2010-07-01,2137
Other Markets In Southeast Asia,2010,7,Jul,2010-07-01,3756
Other Markets In West Asia,2010,7,Jul,2010-07-01,3388
Others,2010,7,Jul,2010-07-01,5
Pakistan,2010,7,Jul,2010-07-01,3908
Philippines,2010,7,Jul,2010-07-01,43441
Rep Of Ireland,2010,7,Jul,2010-07-01,1725
Russian Federation,2010,7,Jul,2010-07-01,3325
Saudi Arabia,2010,7,Jul,2010-07-01,2400
South Africa (Rep Of),2010,7,Jul,2010-07-01,1870
South Asia,2010,7,Jul,2010-07-01,86537
South Korea,2010,7,Jul,2010-07-01,32673
Southeast Asia,2010,7,Jul,2010-07-01,456012
Spain,2010,7,Jul,2010-07-01,3267
Sri Lanka,2010,7,Jul,2010-07-01,6207
Sweden,2010,7,Jul,2010-07-01,2057
Switzerland,2010,7,Jul,2010-07-01,6888
Taiwan,2010,7,Jul,2010-07-01,23937
Thailand,2010,7,Jul,2010-07-01,37256
Total International Visitor Arrivals By Place Of Residence,2010,7,Jul,2010-07-01,1095047
USA,2010,7,Jul,2010-07-01,41173
United Arab Emirates,2010,7,Jul,2010-07-01,8870
United Kingdom,2010,7,Jul,2010-07-01,31818
Vietnam,2010,7,Jul,2010-07-01,43861
West Asia,2010,7,Jul,2010-07-01,20156
Africa,2010,8,Aug,2010-08-01,6994
Americas,2010,8,Aug,2010-08-01,44148
Australia,2010,8,Aug,2010-08-01,68222
Bangladesh,2010,8,Aug,2010-08-01,7144
Belgium & Luxembourg,2010,8,Aug,2010-08-01,2542
Brunei Darussalam,2010,8,Aug,2010-08-01,4244
Canada,2010,8,Aug,2010-08-01,6397
China,2010,8,Aug,2010-08-01,130593
Denmark,2010,8,Aug,2010-08-01,1832
Egypt,2010,8,Aug,2010-08-01,524
Europe,2010,8,Aug,2010-08-01,123392
Finland,2010,8,Aug,2010-08-01,754
France,2010,8,Aug,2010-08-01,15794
Germany,2010,8,Aug,2010-08-01,17269
Greater China,2010,8,Aug,2010-08-01,202152
Hong Kong SAR,2010,8,Aug,2010-08-01,46696
India,2010,8,Aug,2010-08-01,57109
Indonesia,2010,8,Aug,2010-08-01,165525
Iran,2010,8,Aug,2010-08-01,2727
Israel,2010,8,Aug,2010-08-01,1199
Italy,2010,8,Aug,2010-08-01,8781
Japan,2010,8,Aug,2010-08-01,56680
Kuwait,2010,8,Aug,2010-08-01,719
Malaysia,2010,8,Aug,2010-08-01,75916
Mauritius,2010,8,Aug,2010-08-01,932
Myanmar,2010,8,Aug,2010-08-01,5838
Netherlands,2010,8,Aug,2010-08-01,7884
New Zealand,2010,8,Aug,2010-08-01,9122
North Asia,2010,8,Aug,2010-08-01,90929
Norway,2010,8,Aug,2010-08-01,1939
Oceania,2010,8,Aug,2010-08-01,78296
Other Markets In Africa,2010,8,Aug,2010-08-01,3431
Other Markets In Americas,2010,8,Aug,2010-08-01,3526
Other Markets In Europe,2010,8,Aug,2010-08-01,12396
Other Markets In Greater China,2010,8,Aug,2010-08-01,3904
Other Markets In North Asia,2010,8,Aug,2010-08-01,80
Other Markets In Oceania,2010,8,Aug,2010-08-01,952
Other Markets In South Asia,2010,8,Aug,2010-08-01,1761
Other Markets In Southeast Asia,2010,8,Aug,2010-08-01,3528
Other Markets In West Asia,2010,8,Aug,2010-08-01,1908
Others,2010,8,Aug,2010-08-01,8
Pakistan,2010,8,Aug,2010-08-01,1510
Philippines,2010,8,Aug,2010-08-01,39283
Rep Of Ireland,2010,8,Aug,2010-08-01,1776
Russian Federation,2010,8,Aug,2010-08-01,4255
Saudi Arabia,2010,8,Aug,2010-08-01,972
South Africa (Rep Of),2010,8,Aug,2010-08-01,2107
South Asia,2010,8,Aug,2010-08-01,75340
South Korea,2010,8,Aug,2010-08-01,34169
Southeast Asia,2010,8,Aug,2010-08-01,361982
Spain,2010,8,Aug,2010-08-01,5274
Sri Lanka,2010,8,Aug,2010-08-01,7816
Sweden,2010,8,Aug,2010-08-01,1748
Switzerland,2010,8,Aug,2010-08-01,6148
Taiwan,2010,8,Aug,2010-08-01,20959
Thailand,2010,8,Aug,2010-08-01,34804
Total International Visitor Arrivals By Place Of Residence,2010,8,Aug,2010-08-01,996899
USA,2010,8,Aug,2010-08-01,34225
United Arab Emirates,2010,8,Aug,2010-08-01,6133
United Kingdom,2010,8,Aug,2010-08-01,35000
Vietnam,2010,8,Aug,2010-08-01,32844
West Asia,2010,8,Aug,2010-08-01,13658
Africa,2010,9,Sep,2010-09-01,5739
Americas,2010,9,Sep,2010-09-01,34775
Australia,2010,9,Sep,2010-09-01,80293
Bangladesh,2010,9,Sep,2010-09-01,7942
Belgium & Luxembourg,2010,9,Sep,2010-09-01,1878
Brunei Darussalam,2010,9,Sep,2010-09-01,4628
Canada,2010,9,Sep,2010-09-01,4337
China,2010,9,Sep,2010-09-01,74457
Denmark,2010,9,Sep,2010-09-01,1590
Egypt,2010,9,Sep,2010-09-01,298
Europe,2010,9,Sep,2010-09-01,95864
Finland,2010,9,Sep,2010-09-01,986
France,2010,9,Sep,2010-09-01,8362
Germany,2010,9,Sep,2010-09-01,15994
Greater China,2010,9,Sep,2010-09-01,117856
Hong Kong SAR,2010,9,Sep,2010-09-01,28469
India,2010,9,Sep,2010-09-01,54860
Indonesia,2010,9,Sep,2010-09-01,243869
Iran,2010,9,Sep,2010-09-01,4182
Israel,2010,9,Sep,2010-09-01,785
Italy,2010,9,Sep,2010-09-01,3734
Japan,2010,9,Sep,2010-09-01,45012
Kuwait,2010,9,Sep,2010-09-01,535
Malaysia,2010,9,Sep,2010-09-01,95484
Mauritius,2010,9,Sep,2010-09-01,651
Myanmar,2010,9,Sep,2010-09-01,5376
Netherlands,2010,9,Sep,2010-09-01,5740
New Zealand,2010,9,Sep,2010-09-01,9481
North Asia,2010,9,Sep,2010-09-01,70739
Norway,2010,9,Sep,2010-09-01,1912
Oceania,2010,9,Sep,2010-09-01,90846
Other Markets In Africa,2010,9,Sep,2010-09-01,1795
Other Markets In Americas,2010,9,Sep,2010-09-01,2481
Other Markets In Europe,2010,9,Sep,2010-09-01,9039
Other Markets In Greater China,2010,9,Sep,2010-09-01,1444
Other Markets In North Asia,2010,9,Sep,2010-09-01,62
Other Markets In Oceania,2010,9,Sep,2010-09-01,1072
Other Markets In South Asia,2010,9,Sep,2010-09-01,1529
Other Markets In Southeast Asia,2010,9,Sep,2010-09-01,2719
Other Markets In West Asia,2010,9,Sep,2010-09-01,1606
Others,2010,9,Sep,2010-09-01,2
Pakistan,2010,9,Sep,2010-09-01,1125
Philippines,2010,9,Sep,2010-09-01,40672
Rep Of Ireland,2010,9,Sep,2010-09-01,1559
Russian Federation,2010,9,Sep,2010-09-01,3550
Saudi Arabia,2010,9,Sep,2010-09-01,1345
South Africa (Rep Of),2010,9,Sep,2010-09-01,2995
South Asia,2010,9,Sep,2010-09-01,71215
South Korea,2010,9,Sep,2010-09-01,25665
Southeast Asia,2010,9,Sep,2010-09-01,447797
Spain,2010,9,Sep,2010-09-01,3066
Sri Lanka,2010,9,Sep,2010-09-01,5759
Sweden,2010,9,Sep,2010-09-01,1772
Switzerland,2010,9,Sep,2010-09-01,4978
Taiwan,2010,9,Sep,2010-09-01,13486
Thailand,2010,9,Sep,2010-09-01,30711
Total International Visitor Arrivals By Place Of Residence,2010,9,Sep,2010-09-01,947585
USA,2010,9,Sep,2010-09-01,27957
United Arab Emirates,2010,9,Sep,2010-09-01,4299
United Kingdom,2010,9,Sep,2010-09-01,31704
Vietnam,2010,9,Sep,2010-09-01,24338
West Asia,2010,9,Sep,2010-09-01,12752
Africa,2010,10,Oct,2010-10-01,6013
Americas,2010,10,Oct,2010-10-01,45972
Australia,2010,10,Oct,2010-10-01,77097
Bangladesh,2010,10,Oct,2010-10-01,7543
Belgium & Luxembourg,2010,10,Oct,2010-10-01,1977
Brunei Darussalam,2010,10,Oct,2010-10-01,3750
Canada,2010,10,Oct,2010-10-01,6161
China,2010,10,Oct,2010-10-01,92627
Denmark,2010,10,Oct,2010-10-01,2451
Egypt,2010,10,Oct,2010-10-01,444
Europe,2010,10,Oct,2010-10-01,113339
Finland,2010,10,Oct,2010-10-01,1359
France,2010,10,Oct,2010-10-01,10062
Germany,2010,10,Oct,2010-10-01,18241
Greater China,2010,10,Oct,2010-10-01,140932
Hong Kong SAR,2010,10,Oct,2010-10-01,32834
India,2010,10,Oct,2010-10-01,75574
Indonesia,2010,10,Oct,2010-10-01,178939
Iran,2010,10,Oct,2010-10-01,2215
Israel,2010,10,Oct,2010-10-01,1109
Italy,2010,10,Oct,2010-10-01,3328
Japan,2010,10,Oct,2010-10-01,43497
Kuwait,2010,10,Oct,2010-10-01,380
Malaysia,2010,10,Oct,2010-10-01,82803
Mauritius,2010,10,Oct,2010-10-01,682
Myanmar,2010,10,Oct,2010-10-01,6482
Netherlands,2010,10,Oct,2010-10-01,6352
New Zealand,2010,10,Oct,2010-10-01,8799
North Asia,2010,10,Oct,2010-10-01,72547
Norway,2010,10,Oct,2010-10-01,2903
Oceania,2010,10,Oct,2010-10-01,87077
Other Markets In Africa,2010,10,Oct,2010-10-01,2224
Other Markets In Americas,2010,10,Oct,2010-10-01,3104
Other Markets In Europe,2010,10,Oct,2010-10-01,10211
Other Markets In Greater China,2010,10,Oct,2010-10-01,1617
Other Markets In North Asia,2010,10,Oct,2010-10-01,41
Other Markets In Oceania,2010,10,Oct,2010-10-01,1181
Other Markets In South Asia,2010,10,Oct,2010-10-01,2106
Other Markets In Southeast Asia,2010,10,Oct,2010-10-01,3771
Other Markets In West Asia,2010,10,Oct,2010-10-01,1358
Others,2010,10,Oct,2010-10-01,0
Pakistan,2010,10,Oct,2010-10-01,1469
Philippines,2010,10,Oct,2010-10-01,52011
Rep Of Ireland,2010,10,Oct,2010-10-01,1733
Russian Federation,2010,10,Oct,2010-10-01,4522
Saudi Arabia,2010,10,Oct,2010-10-01,902
South Africa (Rep Of),2010,10,Oct,2010-10-01,2663
South Asia,2010,10,Oct,2010-10-01,92987
South Korea,2010,10,Oct,2010-10-01,29009
Southeast Asia,2010,10,Oct,2010-10-01,410399
Spain,2010,10,Oct,2010-10-01,2959
Sri Lanka,2010,10,Oct,2010-10-01,6295
Sweden,2010,10,Oct,2010-10-01,2609
Switzerland,2010,10,Oct,2010-10-01,7045
Taiwan,2010,10,Oct,2010-10-01,13854
Thailand,2010,10,Oct,2010-10-01,57951
Total International Visitor Arrivals By Place Of Residence,2010,10,Oct,2010-10-01,978913
USA,2010,10,Oct,2010-10-01,36707
United Arab Emirates,2010,10,Oct,2010-10-01,3683
United Kingdom,2010,10,Oct,2010-10-01,37587
Vietnam,2010,10,Oct,2010-10-01,24692
West Asia,2010,10,Oct,2010-10-01,9647
Africa,2010,11,Nov,2010-11-01,5830
Americas,2010,11,Nov,2010-11-01,43978
Australia,2010,11,Nov,2010-11-01,64152
Bangladesh,2010,11,Nov,2010-11-01,7439
Belgium & Luxembourg,2010,11,Nov,2010-11-01,2168
Brunei Darussalam,2010,11,Nov,2010-11-01,4673
Canada,2010,11,Nov,2010-11-01,6485
China,2010,11,Nov,2010-11-01,94035
Denmark,2010,11,Nov,2010-11-01,2266
Egypt,2010,11,Nov,2010-11-01,424
Europe,2010,11,Nov,2010-11-01,129448
Finland,2010,11,Nov,2010-11-01,1535
France,2010,11,Nov,2010-11-01,11753
Germany,2010,11,Nov,2010-11-01,22283
Greater China,2010,11,Nov,2010-11-01,138429
Hong Kong SAR,2010,11,Nov,2010-11-01,29852
India,2010,11,Nov,2010-11-01,72920
Indonesia,2010,11,Nov,2010-11-01,176118
Iran,2010,11,Nov,2010-11-01,2512
Israel,2010,11,Nov,2010-11-01,1310
Italy,2010,11,Nov,2010-11-01,4394
Japan,2010,11,Nov,2010-11-01,51542
Kuwait,2010,11,Nov,2010-11-01,723
Malaysia,2010,11,Nov,2010-11-01,99975
Mauritius,2010,11,Nov,2010-11-01,1236
Myanmar,2010,11,Nov,2010-11-01,5953
Netherlands,2010,11,Nov,2010-11-01,6077
New Zealand,2010,11,Nov,2010-11-01,7245
North Asia,2010,11,Nov,2010-11-01,79441
Norway,2010,11,Nov,2010-11-01,2916
Oceania,2010,11,Nov,2010-11-01,72468
Other Markets In Africa,2010,11,Nov,2010-11-01,1983
Other Markets In Americas,2010,11,Nov,2010-11-01,3169
Other Markets In Europe,2010,11,Nov,2010-11-01,13009
Other Markets In Greater China,2010,11,Nov,2010-11-01,1409
Other Markets In North Asia,2010,11,Nov,2010-11-01,85
Other Markets In Oceania,2010,11,Nov,2010-11-01,1071
Other Markets In South Asia,2010,11,Nov,2010-11-01,1938
Other Markets In Southeast Asia,2010,11,Nov,2010-11-01,3326
Other Markets In West Asia,2010,11,Nov,2010-11-01,1679
Others,2010,11,Nov,2010-11-01,3
Pakistan,2010,11,Nov,2010-11-01,1401
Philippines,2010,11,Nov,2010-11-01,50094
Rep Of Ireland,2010,11,Nov,2010-11-01,1574
Russian Federation,2010,11,Nov,2010-11-01,5098
Saudi Arabia,2010,11,Nov,2010-11-01,1554
South Africa (Rep Of),2010,11,Nov,2010-11-01,2187
South Asia,2010,11,Nov,2010-11-01,89484
South Korea,2010,11,Nov,2010-11-01,27814
Southeast Asia,2010,11,Nov,2010-11-01,391582
Spain,2010,11,Nov,2010-11-01,2750
Sri Lanka,2010,11,Nov,2010-11-01,5786
Sweden,2010,11,Nov,2010-11-01,3276
Switzerland,2010,11,Nov,2010-11-01,7086
Taiwan,2010,11,Nov,2010-11-01,13133
Thailand,2010,11,Nov,2010-11-01,30197
Total International Visitor Arrivals By Place Of Residence,2010,11,Nov,2010-11-01,964170
USA,2010,11,Nov,2010-11-01,34324
United Arab Emirates,2010,11,Nov,2010-11-01,5729
United Kingdom,2010,11,Nov,2010-11-01,43263
Vietnam,2010,11,Nov,2010-11-01,21246
West Asia,2010,11,Nov,2010-11-01,13507
Africa,2010,12,Dec,2010-12-01,10205
Americas,2010,12,Dec,2010-12-01,44765
Australia,2010,12,Dec,2010-12-01,86705
Bangladesh,2010,12,Dec,2010-12-01,7879
Belgium & Luxembourg,2010,12,Dec,2010-12-01,1958
Brunei Darussalam,2010,12,Dec,2010-12-01,9516
Canada,2010,12,Dec,2010-12-01,7624
China,2010,12,Dec,2010-12-01,99578
Denmark,2010,12,Dec,2010-12-01,1908
Egypt,2010,12,Dec,2010-12-01,431
Europe,2010,12,Dec,2010-12-01,116043
Finland,2010,12,Dec,2010-12-01,1790
France,2010,12,Dec,2010-12-01,10578
Germany,2010,12,Dec,2010-12-01,17552
Greater China,2010,12,Dec,2010-12-01,146472
Hong Kong SAR,2010,12,Dec,2010-12-01,32636
India,2010,12,Dec,2010-12-01,73532
Indonesia,2010,12,Dec,2010-12-01,262235
Iran,2010,12,Dec,2010-12-01,2669
Israel,2010,12,Dec,2010-12-01,903
Italy,2010,12,Dec,2010-12-01,4177
Japan,2010,12,Dec,2010-12-01,48844
Kuwait,2010,12,Dec,2010-12-01,403
Malaysia,2010,12,Dec,2010-12-01,129821
Mauritius,2010,12,Dec,2010-12-01,1626
Myanmar,2010,12,Dec,2010-12-01,8277
Netherlands,2010,12,Dec,2010-12-01,5969
New Zealand,2010,12,Dec,2010-12-01,7418
North Asia,2010,12,Dec,2010-12-01,74178
Norway,2010,12,Dec,2010-12-01,2453
Oceania,2010,12,Dec,2010-12-01,95127
Other Markets In Africa,2010,12,Dec,2010-12-01,2427
Other Markets In Americas,2010,12,Dec,2010-12-01,2795
Other Markets In Europe,2010,12,Dec,2010-12-01,10334
Other Markets In Greater China,2010,12,Dec,2010-12-01,2072
Other Markets In North Asia,2010,12,Dec,2010-12-01,79
Other Markets In Oceania,2010,12,Dec,2010-12-01,1004
Other Markets In South Asia,2010,12,Dec,2010-12-01,2417
Other Markets In Southeast Asia,2010,12,Dec,2010-12-01,2723
Other Markets In West Asia,2010,12,Dec,2010-12-01,1538
Others,2010,12,Dec,2010-12-01,0
Pakistan,2010,12,Dec,2010-12-01,1777
Philippines,2010,12,Dec,2010-12-01,55518
Rep Of Ireland,2010,12,Dec,2010-12-01,1632
Russian Federation,2010,12,Dec,2010-12-01,5649
Saudi Arabia,2010,12,Dec,2010-12-01,793
South Africa (Rep Of),2010,12,Dec,2010-12-01,5721
South Asia,2010,12,Dec,2010-12-01,96082
South Korea,2010,12,Dec,2010-12-01,25255
Southeast Asia,2010,12,Dec,2010-12-01,533890
Spain,2010,12,Dec,2010-12-01,2568
Sri Lanka,2010,12,Dec,2010-12-01,10477
Sweden,2010,12,Dec,2010-12-01,4014
Switzerland,2010,12,Dec,2010-12-01,5891
Taiwan,2010,12,Dec,2010-12-01,12186
Thailand,2010,12,Dec,2010-12-01,39250
Total International Visitor Arrivals By Place Of Residence,2010,12,Dec,2010-12-01,1127581
USA,2010,12,Dec,2010-12-01,34346
United Arab Emirates,2010,12,Dec,2010-12-01,4513
United Kingdom,2010,12,Dec,2010-12-01,39570
Vietnam,2010,12,Dec,2010-12-01,26550
West Asia,2010,12,Dec,2010-12-01,10819
Africa,2011,1,Jan,2011-01-01,7843
Americas,2011,1,Jan,2011-01-01,49308
Australia,2011,1,Jan,2011-01-01,98023
Bangladesh,2011,1,Jan,2011-01-01,8228
Belgium & Luxembourg,2011,1,Jan,2011-01-01,2059
Brunei Darussalam,2011,1,Jan,2011-01-01,4547
Canada,2011,1,Jan,2011-01-01,7897
China,2011,1,Jan,2011-01-01,132040
Denmark,2011,1,Jan,2011-01-01,2868
Egypt,2011,1,Jan,2011-01-01,397
Europe,2011,1,Jan,2011-01-01,132616
Finland,2011,1,Jan,2011-01-01,2217
France,2011,1,Jan,2011-01-01,10957
Germany,2011,1,Jan,2011-01-01,19862
Greater China,2011,1,Jan,2011-01-01,181388
Hong Kong SAR,2011,1,Jan,2011-01-01,29322
India,2011,1,Jan,2011-01-01,63078
Indonesia,2011,1,Jan,2011-01-01,208232
Iran,2011,1,Jan,2011-01-01,2279
Israel,2011,1,Jan,2011-01-01,1120
Italy,2011,1,Jan,2011-01-01,5048
Japan,2011,1,Jan,2011-01-01,48799
Kuwait,2011,1,Jan,2011-01-01,455
Malaysia,2011,1,Jan,2011-01-01,78342
Mauritius,2011,1,Jan,2011-01-01,1017
Myanmar,2011,1,Jan,2011-01-01,6457
Netherlands,2011,1,Jan,2011-01-01,6722
New Zealand,2011,1,Jan,2011-01-01,8102
North Asia,2011,1,Jan,2011-01-01,89922
Norway,2011,1,Jan,2011-01-01,3050
Oceania,2011,1,Jan,2011-01-01,107333
Other Markets In Africa,2011,1,Jan,2011-01-01,2521
Other Markets In Americas,2011,1,Jan,2011-01-01,3144
Other Markets In Europe,2011,1,Jan,2011-01-01,13077
Other Markets In Greater China,2011,1,Jan,2011-01-01,1808
Other Markets In North Asia,2011,1,Jan,2011-01-01,53
Other Markets In Oceania,2011,1,Jan,2011-01-01,1208
Other Markets In South Asia,2011,1,Jan,2011-01-01,1927
Other Markets In Southeast Asia,2011,1,Jan,2011-01-01,3104
Other Markets In West Asia,2011,1,Jan,2011-01-01,1402
Others,2011,1,Jan,2011-01-01,2
Pakistan,2011,1,Jan,2011-01-01,1572
Philippines,2011,1,Jan,2011-01-01,43339
Rep Of Ireland,2011,1,Jan,2011-01-01,1695
Russian Federation,2011,1,Jan,2011-01-01,9732
Saudi Arabia,2011,1,Jan,2011-01-01,849
South Africa (Rep Of),2011,1,Jan,2011-01-01,3908
South Asia,2011,1,Jan,2011-01-01,80526
South Korea,2011,1,Jan,2011-01-01,41070
Southeast Asia,2011,1,Jan,2011-01-01,396955
Spain,2011,1,Jan,2011-01-01,2200
Sri Lanka,2011,1,Jan,2011-01-01,5721
Sweden,2011,1,Jan,2011-01-01,4840
Switzerland,2011,1,Jan,2011-01-01,6859
Taiwan,2011,1,Jan,2011-01-01,18218
Thailand,2011,1,Jan,2011-01-01,33230
Total International Visitor Arrivals By Place Of Residence,2011,1,Jan,2011-01-01,1055990
USA,2011,1,Jan,2011-01-01,38267
United Arab Emirates,2011,1,Jan,2011-01-01,3992
United Kingdom,2011,1,Jan,2011-01-01,41430
Vietnam,2011,1,Jan,2011-01-01,19704
West Asia,2011,1,Jan,2011-01-01,10097
Africa,2011,2,Feb,2011-02-01,3897
Americas,2011,2,Feb,2011-02-01,43634
Australia,2011,2,Feb,2011-02-01,58135
Bangladesh,2011,2,Feb,2011-02-01,6368
Belgium & Luxembourg,2011,2,Feb,2011-02-01,1755
Brunei Darussalam,2011,2,Feb,2011-02-01,3890
Canada,2011,2,Feb,2011-02-01,6898
China,2011,2,Feb,2011-02-01,149941
Denmark,2011,2,Feb,2011-02-01,3188
Egypt,2011,2,Feb,2011-02-01,233
Europe,2011,2,Feb,2011-02-01,120443
Finland,2011,2,Feb,2011-02-01,1757
France,2011,2,Feb,2011-02-01,10755
Germany,2011,2,Feb,2011-02-01,19290
Greater China,2011,2,Feb,2011-02-01,209673
Hong Kong SAR,2011,2,Feb,2011-02-01,38190
India,2011,2,Feb,2011-02-01,50696
Indonesia,2011,2,Feb,2011-02-01,177003
Iran,2011,2,Feb,2011-02-01,3038
Israel,2011,2,Feb,2011-02-01,1040
Italy,2011,2,Feb,2011-02-01,3518
Japan,2011,2,Feb,2011-02-01,58190
Kuwait,2011,2,Feb,2011-02-01,631
Malaysia,2011,2,Feb,2011-02-01,81747
Mauritius,2011,2,Feb,2011-02-01,571
Myanmar,2011,2,Feb,2011-02-01,5897
Netherlands,2011,2,Feb,2011-02-01,6229
New Zealand,2011,2,Feb,2011-02-01,4287
North Asia,2011,2,Feb,2011-02-01,95076
Norway,2011,2,Feb,2011-02-01,2955
Oceania,2011,2,Feb,2011-02-01,63345
Other Markets In Africa,2011,2,Feb,2011-02-01,1528
Other Markets In Americas,2011,2,Feb,2011-02-01,2792
Other Markets In Europe,2011,2,Feb,2011-02-01,11309
Other Markets In Greater China,2011,2,Feb,2011-02-01,2403
Other Markets In North Asia,2011,2,Feb,2011-02-01,76
Other Markets In Oceania,2011,2,Feb,2011-02-01,923
Other Markets In South Asia,2011,2,Feb,2011-02-01,1669
Other Markets In Southeast Asia,2011,2,Feb,2011-02-01,3082
Other Markets In West Asia,2011,2,Feb,2011-02-01,1306
Others,2011,2,Feb,2011-02-01,1
Pakistan,2011,2,Feb,2011-02-01,1161
Philippines,2011,2,Feb,2011-02-01,48107
Rep Of Ireland,2011,2,Feb,2011-02-01,1311
Russian Federation,2011,2,Feb,2011-02-01,4349
Saudi Arabia,2011,2,Feb,2011-02-01,1208
South Africa (Rep Of),2011,2,Feb,2011-02-01,1565
South Asia,2011,2,Feb,2011-02-01,65802
South Korea,2011,2,Feb,2011-02-01,36810
Southeast Asia,2011,2,Feb,2011-02-01,377595
Spain,2011,2,Feb,2011-02-01,1973
Sri Lanka,2011,2,Feb,2011-02-01,5908
Sweden,2011,2,Feb,2011-02-01,3824
Switzerland,2011,2,Feb,2011-02-01,6551
Taiwan,2011,2,Feb,2011-02-01,19139
Thailand,2011,2,Feb,2011-02-01,31019
Total International Visitor Arrivals By Place Of Residence,2011,2,Feb,2011-02-01,990118
USA,2011,2,Feb,2011-02-01,33944
United Arab Emirates,2011,2,Feb,2011-02-01,3429
United Kingdom,2011,2,Feb,2011-02-01,41679
Vietnam,2011,2,Feb,2011-02-01,26850
West Asia,2011,2,Feb,2011-02-01,10652
Africa,2011,3,Mar,2011-03-01,5521
Americas,2011,3,Mar,2011-03-01,56454
Australia,2011,3,Mar,2011-03-01,65885
Bangladesh,2011,3,Mar,2011-03-01,8133
Belgium & Luxembourg,2011,3,Mar,2011-03-01,2452
Brunei Darussalam,2011,3,Mar,2011-03-01,5795
Canada,2011,3,Mar,2011-03-01,9415
China,2011,3,Mar,2011-03-01,129749
Denmark,2011,3,Mar,2011-03-01,2723
Egypt,2011,3,Mar,2011-03-01,292
Europe,2011,3,Mar,2011-03-01,140756
Finland,2011,3,Mar,2011-03-01,1649
France,2011,3,Mar,2011-03-01,12342
Germany,2011,3,Mar,2011-03-01,23715
Greater China,2011,3,Mar,2011-03-01,179323
Hong Kong SAR,2011,3,Mar,2011-03-01,32721
India,2011,3,Mar,2011-03-01,57601
Indonesia,2011,3,Mar,2011-03-01,191842
Iran,2011,3,Mar,2011-03-01,8787
Israel,2011,3,Mar,2011-03-01,1084
Italy,2011,3,Mar,2011-03-01,5155
Japan,2011,3,Mar,2011-03-01,59999
Kuwait,2011,3,Mar,2011-03-01,392
Malaysia,2011,3,Mar,2011-03-01,96418
Mauritius,2011,3,Mar,2011-03-01,669
Myanmar,2011,3,Mar,2011-03-01,8466
Netherlands,2011,3,Mar,2011-03-01,7100
New Zealand,2011,3,Mar,2011-03-01,6939
North Asia,2011,3,Mar,2011-03-01,89686
Norway,2011,3,Mar,2011-03-01,2895
Oceania,2011,3,Mar,2011-03-01,73806
Other Markets In Africa,2011,3,Mar,2011-03-01,1926
Other Markets In Americas,2011,3,Mar,2011-03-01,3803
Other Markets In Europe,2011,3,Mar,2011-03-01,12149
Other Markets In Greater China,2011,3,Mar,2011-03-01,1631
Other Markets In North Asia,2011,3,Mar,2011-03-01,68
Other Markets In Oceania,2011,3,Mar,2011-03-01,982
Other Markets In South Asia,2011,3,Mar,2011-03-01,1659
Other Markets In Southeast Asia,2011,3,Mar,2011-03-01,2940
Other Markets In West Asia,2011,3,Mar,2011-03-01,1448
Others,2011,3,Mar,2011-03-01,1
Pakistan,2011,3,Mar,2011-03-01,1361
Philippines,2011,3,Mar,2011-03-01,59922
Rep Of Ireland,2011,3,Mar,2011-03-01,1531
Russian Federation,2011,3,Mar,2011-03-01,5736
Saudi Arabia,2011,3,Mar,2011-03-01,792
South Africa (Rep Of),2011,3,Mar,2011-03-01,2634
South Asia,2011,3,Mar,2011-03-01,74389
South Korea,2011,3,Mar,2011-03-01,29619
Southeast Asia,2011,3,Mar,2011-03-01,434867
Spain,2011,3,Mar,2011-03-01,2811
Sri Lanka,2011,3,Mar,2011-03-01,5635
Sweden,2011,3,Mar,2011-03-01,3720
Switzerland,2011,3,Mar,2011-03-01,7002
Taiwan,2011,3,Mar,2011-03-01,15222
Thailand,2011,3,Mar,2011-03-01,45728
Total International Visitor Arrivals By Place Of Residence,2011,3,Mar,2011-03-01,1071960
USA,2011,3,Mar,2011-03-01,43236
United Arab Emirates,2011,3,Mar,2011-03-01,4654
United Kingdom,2011,3,Mar,2011-03-01,49776
Vietnam,2011,3,Mar,2011-03-01,23756
West Asia,2011,3,Mar,2011-03-01,17157
Africa,2011,4,Apr,2011-04-01,6525
Americas,2011,4,Apr,2011-04-01,45449
Australia,2011,4,Apr,2011-04-01,85297
Bangladesh,2011,4,Apr,2011-04-01,7707
Belgium & Luxembourg,2011,4,Apr,2011-04-01,2198
Brunei Darussalam,2011,4,Apr,2011-04-01,3747
Canada,2011,4,Apr,2011-04-01,7163
China,2011,4,Apr,2011-04-01,131797
Denmark,2011,4,Apr,2011-04-01,2307
Egypt,2011,4,Apr,2011-04-01,266
Europe,2011,4,Apr,2011-04-01,121349
Finland,2011,4,Apr,2011-04-01,1138
France,2011,4,Apr,2011-04-01,11852
Germany,2011,4,Apr,2011-04-01,18274
Greater China,2011,4,Apr,2011-04-01,205001
Hong Kong SAR,2011,4,Apr,2011-04-01,52413
India,2011,4,Apr,2011-04-01,74097
Indonesia,2011,4,Apr,2011-04-01,194335
Iran,2011,4,Apr,2011-04-01,1064
Israel,2011,4,Apr,2011-04-01,931
Italy,2011,4,Apr,2011-04-01,3583
Japan,2011,4,Apr,2011-04-01,38311
Kuwait,2011,4,Apr,2011-04-01,342
Malaysia,2011,4,Apr,2011-04-01,87230
Mauritius,2011,4,Apr,2011-04-01,993
Myanmar,2011,4,Apr,2011-04-01,11168
Netherlands,2011,4,Apr,2011-04-01,5949
New Zealand,2011,4,Apr,2011-04-01,11322
North Asia,2011,4,Apr,2011-04-01,66392
Norway,2011,4,Apr,2011-04-01,3353
Oceania,2011,4,Apr,2011-04-01,97698
Other Markets In Africa,2011,4,Apr,2011-04-01,1748
Other Markets In Americas,2011,4,Apr,2011-04-01,4162
Other Markets In Europe,2011,4,Apr,2011-04-01,8797
Other Markets In Greater China,2011,4,Apr,2011-04-01,1963
Other Markets In North Asia,2011,4,Apr,2011-04-01,77
Other Markets In Oceania,2011,4,Apr,2011-04-01,1079
Other Markets In South Asia,2011,4,Apr,2011-04-01,1611
Other Markets In Southeast Asia,2011,4,Apr,2011-04-01,4463
Other Markets In West Asia,2011,4,Apr,2011-04-01,1325
Others,2011,4,Apr,2011-04-01,1
Pakistan,2011,4,Apr,2011-04-01,1490
Philippines,2011,4,Apr,2011-04-01,76197
Rep Of Ireland,2011,4,Apr,2011-04-01,1569
Russian Federation,2011,4,Apr,2011-04-01,4157
Saudi Arabia,2011,4,Apr,2011-04-01,1231
South Africa (Rep Of),2011,4,Apr,2011-04-01,3518
South Asia,2011,4,Apr,2011-04-01,94611
South Korea,2011,4,Apr,2011-04-01,28004
Southeast Asia,2011,4,Apr,2011-04-01,456954
Spain,2011,4,Apr,2011-04-01,2744
Sri Lanka,2011,4,Apr,2011-04-01,9706
Sweden,2011,4,Apr,2011-04-01,2856
Switzerland,2011,4,Apr,2011-04-01,7598
Taiwan,2011,4,Apr,2011-04-01,18828
Thailand,2011,4,Apr,2011-04-01,55662
Total International Visitor Arrivals By Place Of Residence,2011,4,Apr,2011-04-01,1103320
USA,2011,4,Apr,2011-04-01,34124
United Arab Emirates,2011,4,Apr,2011-04-01,4447
United Kingdom,2011,4,Apr,2011-04-01,44974
Vietnam,2011,4,Apr,2011-04-01,24152
West Asia,2011,4,Apr,2011-04-01,9340
Africa,2011,5,May,2011-05-01,4536
Americas,2011,5,May,2011-05-01,43167
Australia,2011,5,May,2011-05-01,72365
Bangladesh,2011,5,May,2011-05-01,7830
Belgium & Luxembourg,2011,5,May,2011-05-01,1623
Brunei Darussalam,2011,5,May,2011-05-01,4007
Canada,2011,5,May,2011-05-01,6116
China,2011,5,May,2011-05-01,110920
Denmark,2011,5,May,2011-05-01,1467
Egypt,2011,5,May,2011-05-01,278
Europe,2011,5,May,2011-05-01,87405
Finland,2011,5,May,2011-05-01,1056
France,2011,5,May,2011-05-01,10086
Germany,2011,5,May,2011-05-01,12628
Greater China,2011,5,May,2011-05-01,169371
Hong Kong SAR,2011,5,May,2011-05-01,37886
India,2011,5,May,2011-05-01,114316
Indonesia,2011,5,May,2011-05-01,199881
Iran,2011,5,May,2011-05-01,1678
Israel,2011,5,May,2011-05-01,984
Italy,2011,5,May,2011-05-01,3499
Japan,2011,5,May,2011-05-01,41594
Kuwait,2011,5,May,2011-05-01,378
Malaysia,2011,5,May,2011-05-01,90528
Mauritius,2011,5,May,2011-05-01,604
Myanmar,2011,5,May,2011-05-01,7893
Netherlands,2011,5,May,2011-05-01,5445
New Zealand,2011,5,May,2011-05-01,12893
North Asia,2011,5,May,2011-05-01,75400
Norway,2011,5,May,2011-05-01,1724
Oceania,2011,5,May,2011-05-01,86375
Other Markets In Africa,2011,5,May,2011-05-01,1626
Other Markets In Americas,2011,5,May,2011-05-01,2946
Other Markets In Europe,2011,5,May,2011-05-01,7905
Other Markets In Greater China,2011,5,May,2011-05-01,1807
Other Markets In North Asia,2011,5,May,2011-05-01,70
Other Markets In Oceania,2011,5,May,2011-05-01,1117
Other Markets In South Asia,2011,5,May,2011-05-01,1674
Other Markets In Southeast Asia,2011,5,May,2011-05-01,3548
Other Markets In West Asia,2011,5,May,2011-05-01,1357
Others,2011,5,May,2011-05-01,2
Pakistan,2011,5,May,2011-05-01,1653
Philippines,2011,5,May,2011-05-01,72488
Rep Of Ireland,2011,5,May,2011-05-01,1302
Russian Federation,2011,5,May,2011-05-01,3163
Saudi Arabia,2011,5,May,2011-05-01,936
South Africa (Rep Of),2011,5,May,2011-05-01,2028
South Asia,2011,5,May,2011-05-01,131217
South Korea,2011,5,May,2011-05-01,33736
Southeast Asia,2011,5,May,2011-05-01,447119
Spain,2011,5,May,2011-05-01,1963
Sri Lanka,2011,5,May,2011-05-01,5744
Sweden,2011,5,May,2011-05-01,1926
Switzerland,2011,5,May,2011-05-01,5333
Taiwan,2011,5,May,2011-05-01,18758
Thailand,2011,5,May,2011-05-01,44274
Total International Visitor Arrivals By Place Of Residence,2011,5,May,2011-05-01,1054104
USA,2011,5,May,2011-05-01,34105
United Arab Emirates,2011,5,May,2011-05-01,4179
United Kingdom,2011,5,May,2011-05-01,28285
Vietnam,2011,5,May,2011-05-01,24500
West Asia,2011,5,May,2011-05-01,9512
Africa,2011,6,Jun,2011-06-01,5249
Americas,2011,6,Jun,2011-06-01,47880
Australia,2011,6,Jun,2011-06-01,84371
Bangladesh,2011,6,Jun,2011-06-01,7984
Belgium & Luxembourg,2011,6,Jun,2011-06-01,1498
Brunei Darussalam,2011,6,Jun,2011-06-01,6510
Canada,2011,6,Jun,2011-06-01,5125
China,2011,6,Jun,2011-06-01,103335
Denmark,2011,6,Jun,2011-06-01,1578
Egypt,2011,6,Jun,2011-06-01,331
Europe,2011,6,Jun,2011-06-01,80166
Finland,2011,6,Jun,2011-06-01,1985
France,2011,6,Jun,2011-06-01,7990
Germany,2011,6,Jun,2011-06-01,12094
Greater China,2011,6,Jun,2011-06-01,164488
Hong Kong SAR,2011,6,Jun,2011-06-01,37962
India,2011,6,Jun,2011-06-01,90742
Indonesia,2011,6,Jun,2011-06-01,253383
Iran,2011,6,Jun,2011-06-01,2020
Israel,2011,6,Jun,2011-06-01,881
Italy,2011,6,Jun,2011-06-01,3099
Japan,2011,6,Jun,2011-06-01,38061
Kuwait,2011,6,Jun,2011-06-01,862
Malaysia,2011,6,Jun,2011-06-01,97856
Mauritius,2011,6,Jun,2011-06-01,627
Myanmar,2011,6,Jun,2011-06-01,7571
Netherlands,2011,6,Jun,2011-06-01,4924
New Zealand,2011,6,Jun,2011-06-01,12891
North Asia,2011,6,Jun,2011-06-01,72355
Norway,2011,6,Jun,2011-06-01,2262
Oceania,2011,6,Jun,2011-06-01,98646
Other Markets In Africa,2011,6,Jun,2011-06-01,2174
Other Markets In Americas,2011,6,Jun,2011-06-01,3043
Other Markets In Europe,2011,6,Jun,2011-06-01,7155
Other Markets In Greater China,2011,6,Jun,2011-06-01,2746
Other Markets In North Asia,2011,6,Jun,2011-06-01,61
Other Markets In Oceania,2011,6,Jun,2011-06-01,1384
Other Markets In South Asia,2011,6,Jun,2011-06-01,1821
Other Markets In Southeast Asia,2011,6,Jun,2011-06-01,3112
Other Markets In West Asia,2011,6,Jun,2011-06-01,2137
Others,2011,6,Jun,2011-06-01,0
Pakistan,2011,6,Jun,2011-06-01,2740
Philippines,2011,6,Jun,2011-06-01,52257
Rep Of Ireland,2011,6,Jun,2011-06-01,1499
Russian Federation,2011,6,Jun,2011-06-01,3085
Saudi Arabia,2011,6,Jun,2011-06-01,1512
South Africa (Rep Of),2011,6,Jun,2011-06-01,2117
South Asia,2011,6,Jun,2011-06-01,108583
South Korea,2011,6,Jun,2011-06-01,34233
Southeast Asia,2011,6,Jun,2011-06-01,490223
Spain,2011,6,Jun,2011-06-01,2015
Sri Lanka,2011,6,Jun,2011-06-01,5296
Sweden,2011,6,Jun,2011-06-01,2011
Switzerland,2011,6,Jun,2011-06-01,4497
Taiwan,2011,6,Jun,2011-06-01,20445
Thailand,2011,6,Jun,2011-06-01,32783
Total International Visitor Arrivals By Place Of Residence,2011,6,Jun,2011-06-01,1080066
USA,2011,6,Jun,2011-06-01,39712
United Arab Emirates,2011,6,Jun,2011-06-01,5064
United Kingdom,2011,6,Jun,2011-06-01,24474
Vietnam,2011,6,Jun,2011-06-01,36751
West Asia,2011,6,Jun,2011-06-01,12476
Africa,2011,7,Jul,2011-07-01,7454
Americas,2011,7,Jul,2011-07-01,53651
Australia,2011,7,Jul,2011-07-01,94690
Bangladesh,2011,7,Jul,2011-07-01,9038
Belgium & Luxembourg,2011,7,Jul,2011-07-01,2683
Brunei Darussalam,2011,7,Jul,2011-07-01,5522
Canada,2011,7,Jul,2011-07-01,7098
China,2011,7,Jul,2011-07-01,183862
Denmark,2011,7,Jul,2011-07-01,3064
Egypt,2011,7,Jul,2011-07-01,496
Europe,2011,7,Jul,2011-07-01,113854
Finland,2011,7,Jul,2011-07-01,1991
France,2011,7,Jul,2011-07-01,13943
Germany,2011,7,Jul,2011-07-01,15675
Greater China,2011,7,Jul,2011-07-01,277466
Hong Kong SAR,2011,7,Jul,2011-07-01,56960
India,2011,7,Jul,2011-07-01,71209
Indonesia,2011,7,Jul,2011-07-01,251419
Iran,2011,7,Jul,2011-07-01,2182
Israel,2011,7,Jul,2011-07-01,1170
Italy,2011,7,Jul,2011-07-01,4151
Japan,2011,7,Jul,2011-07-01,55479
Kuwait,2011,7,Jul,2011-07-01,2404
Malaysia,2011,7,Jul,2011-07-01,90175
Mauritius,2011,7,Jul,2011-07-01,953
Myanmar,2011,7,Jul,2011-07-01,9196
Netherlands,2011,7,Jul,2011-07-01,9682
New Zealand,2011,7,Jul,2011-07-01,15973
North Asia,2011,7,Jul,2011-07-01,96250
Norway,2011,7,Jul,2011-07-01,3201
Oceania,2011,7,Jul,2011-07-01,112000
Other Markets In Africa,2011,7,Jul,2011-07-01,3040
Other Markets In Americas,2011,7,Jul,2011-07-01,3366
Other Markets In Europe,2011,7,Jul,2011-07-01,10015
Other Markets In Greater China,2011,7,Jul,2011-07-01,3190
Other Markets In North Asia,2011,7,Jul,2011-07-01,184
Other Markets In Oceania,2011,7,Jul,2011-07-01,1337
Other Markets In South Asia,2011,7,Jul,2011-07-01,1797
Other Markets In Southeast Asia,2011,7,Jul,2011-07-01,4079
Other Markets In West Asia,2011,7,Jul,2011-07-01,3586
Others,2011,7,Jul,2011-07-01,92
Pakistan,2011,7,Jul,2011-07-01,3568
Philippines,2011,7,Jul,2011-07-01,50938
Rep Of Ireland,2011,7,Jul,2011-07-01,1785
Russian Federation,2011,7,Jul,2011-07-01,3888
Saudi Arabia,2011,7,Jul,2011-07-01,3696
South Africa (Rep Of),2011,7,Jul,2011-07-01,2965
South Asia,2011,7,Jul,2011-07-01,93197
South Korea,2011,7,Jul,2011-07-01,40587
Southeast Asia,2011,7,Jul,2011-07-01,497719
Spain,2011,7,Jul,2011-07-01,3336
Sri Lanka,2011,7,Jul,2011-07-01,7585
Sweden,2011,7,Jul,2011-07-01,2455
Switzerland,2011,7,Jul,2011-07-01,7318
Taiwan,2011,7,Jul,2011-07-01,33454
Thailand,2011,7,Jul,2011-07-01,40848
Total International Visitor Arrivals By Place Of Residence,2011,7,Jul,2011-07-01,1273870
USA,2011,7,Jul,2011-07-01,43187
United Arab Emirates,2011,7,Jul,2011-07-01,9149
United Kingdom,2011,7,Jul,2011-07-01,30667
Vietnam,2011,7,Jul,2011-07-01,45542
West Asia,2011,7,Jul,2011-07-01,22187
Africa,2011,8,Aug,2011-08-01,5200
Americas,2011,8,Aug,2011-08-01,43227
Australia,2011,8,Aug,2011-08-01,71953
Bangladesh,2011,8,Aug,2011-08-01,7316
Belgium & Luxembourg,2011,8,Aug,2011-08-01,2464
Brunei Darussalam,2011,8,Aug,2011-08-01,4556
Canada,2011,8,Aug,2011-08-01,6399
China,2011,8,Aug,2011-08-01,183890
Denmark,2011,8,Aug,2011-08-01,1595
Egypt,2011,8,Aug,2011-08-01,238
Europe,2011,8,Aug,2011-08-01,124298
Finland,2011,8,Aug,2011-08-01,1240
France,2011,8,Aug,2011-08-01,17520
Germany,2011,8,Aug,2011-08-01,18141
Greater China,2011,8,Aug,2011-08-01,263202
Hong Kong SAR,2011,8,Aug,2011-08-01,49034
India,2011,8,Aug,2011-08-01,60926
Indonesia,2011,8,Aug,2011-08-01,228209
Iran,2011,8,Aug,2011-08-01,2339
Israel,2011,8,Aug,2011-08-01,1006
Italy,2011,8,Aug,2011-08-01,8242
Japan,2011,8,Aug,2011-08-01,72034
Kuwait,2011,8,Aug,2011-08-01,580
Malaysia,2011,8,Aug,2011-08-01,91344
Mauritius,2011,8,Aug,2011-08-01,841
Myanmar,2011,8,Aug,2011-08-01,7256
Netherlands,2011,8,Aug,2011-08-01,8909
New Zealand,2011,8,Aug,2011-08-01,11612
North Asia,2011,8,Aug,2011-08-01,116472
Norway,2011,8,Aug,2011-08-01,1905
Oceania,2011,8,Aug,2011-08-01,84623
Other Markets In Africa,2011,8,Aug,2011-08-01,2323
Other Markets In Americas,2011,8,Aug,2011-08-01,2607
Other Markets In Europe,2011,8,Aug,2011-08-01,10472
Other Markets In Greater China,2011,8,Aug,2011-08-01,3704
Other Markets In North Asia,2011,8,Aug,2011-08-01,74
Other Markets In Oceania,2011,8,Aug,2011-08-01,1058
Other Markets In South Asia,2011,8,Aug,2011-08-01,1712
Other Markets In Southeast Asia,2011,8,Aug,2011-08-01,3413
Other Markets In West Asia,2011,8,Aug,2011-08-01,1844
Others,2011,8,Aug,2011-08-01,0
Pakistan,2011,8,Aug,2011-08-01,1154
Philippines,2011,8,Aug,2011-08-01,49558
Rep Of Ireland,2011,8,Aug,2011-08-01,1570
Russian Federation,2011,8,Aug,2011-08-01,4033
Saudi Arabia,2011,8,Aug,2011-08-01,1056
South Africa (Rep Of),2011,8,Aug,2011-08-01,1798
South Asia,2011,8,Aug,2011-08-01,78694
South Korea,2011,8,Aug,2011-08-01,44364
Southeast Asia,2011,8,Aug,2011-08-01,449333
Spain,2011,8,Aug,2011-08-01,5411
Sri Lanka,2011,8,Aug,2011-08-01,7586
Sweden,2011,8,Aug,2011-08-01,1726
Switzerland,2011,8,Aug,2011-08-01,6090
Taiwan,2011,8,Aug,2011-08-01,26574
Thailand,2011,8,Aug,2011-08-01,34385
Total International Visitor Arrivals By Place Of Residence,2011,8,Aug,2011-08-01,1178511
USA,2011,8,Aug,2011-08-01,34221
United Arab Emirates,2011,8,Aug,2011-08-01,6637
United Kingdom,2011,8,Aug,2011-08-01,34980
Vietnam,2011,8,Aug,2011-08-01,30612
West Asia,2011,8,Aug,2011-08-01,13462
Africa,2011,9,Sep,2011-09-01,5934
Americas,2011,9,Sep,2011-09-01,37354
Australia,2011,9,Sep,2011-09-01,86076
Bangladesh,2011,9,Sep,2011-09-01,8866
Belgium & Luxembourg,2011,9,Sep,2011-09-01,1819
Brunei Darussalam,2011,9,Sep,2011-09-01,3910
Canada,2011,9,Sep,2011-09-01,4554
China,2011,9,Sep,2011-09-01,104211
Denmark,2011,9,Sep,2011-09-01,1659
Egypt,2011,9,Sep,2011-09-01,393
Europe,2011,9,Sep,2011-09-01,104492
Finland,2011,9,Sep,2011-09-01,1259
France,2011,9,Sep,2011-09-01,10434
Germany,2011,9,Sep,2011-09-01,17400
Greater China,2011,9,Sep,2011-09-01,156030
Hong Kong SAR,2011,9,Sep,2011-09-01,31113
India,2011,9,Sep,2011-09-01,58309
Indonesia,2011,9,Sep,2011-09-01,221319
Iran,2011,9,Sep,2011-09-01,3485
Israel,2011,9,Sep,2011-09-01,922
Italy,2011,9,Sep,2011-09-01,3867
Japan,2011,9,Sep,2011-09-01,62395
Kuwait,2011,9,Sep,2011-09-01,710
Malaysia,2011,9,Sep,2011-09-01,103060
Mauritius,2011,9,Sep,2011-09-01,585
Myanmar,2011,9,Sep,2011-09-01,6966
Netherlands,2011,9,Sep,2011-09-01,6318
New Zealand,2011,9,Sep,2011-09-01,9698
North Asia,2011,9,Sep,2011-09-01,92553
Norway,2011,9,Sep,2011-09-01,1964
Oceania,2011,9,Sep,2011-09-01,96987
Other Markets In Africa,2011,9,Sep,2011-09-01,2241
Other Markets In Americas,2011,9,Sep,2011-09-01,2979
Other Markets In Europe,2011,9,Sep,2011-09-01,9451
Other Markets In Greater China,2011,9,Sep,2011-09-01,1649
Other Markets In North Asia,2011,9,Sep,2011-09-01,46
Other Markets In Oceania,2011,9,Sep,2011-09-01,1213
Other Markets In South Asia,2011,9,Sep,2011-09-01,1723
Other Markets In Southeast Asia,2011,9,Sep,2011-09-01,3940
Other Markets In West Asia,2011,9,Sep,2011-09-01,1698
Others,2011,9,Sep,2011-09-01,25
Pakistan,2011,9,Sep,2011-09-01,1319
Philippines,2011,9,Sep,2011-09-01,51859
Rep Of Ireland,2011,9,Sep,2011-09-01,1521
Russian Federation,2011,9,Sep,2011-09-01,4262
Saudi Arabia,2011,9,Sep,2011-09-01,1545
South Africa (Rep Of),2011,9,Sep,2011-09-01,2715
South Asia,2011,9,Sep,2011-09-01,76611
South Korea,2011,9,Sep,2011-09-01,30112
Southeast Asia,2011,9,Sep,2011-09-01,450741
Spain,2011,9,Sep,2011-09-01,2948
Sri Lanka,2011,9,Sep,2011-09-01,6394
Sweden,2011,9,Sep,2011-09-01,1901
Switzerland,2011,9,Sep,2011-09-01,5725
Taiwan,2011,9,Sep,2011-09-01,19057
Thailand,2011,9,Sep,2011-09-01,33009
Total International Visitor Arrivals By Place Of Residence,2011,9,Sep,2011-09-01,1033747
USA,2011,9,Sep,2011-09-01,29821
United Arab Emirates,2011,9,Sep,2011-09-01,4660
United Kingdom,2011,9,Sep,2011-09-01,33964
Vietnam,2011,9,Sep,2011-09-01,26678
West Asia,2011,9,Sep,2011-09-01,13020
Africa,2011,10,Oct,2011-10-01,6042
Americas,2011,10,Oct,2011-10-01,47929
Australia,2011,10,Oct,2011-10-01,84509
Bangladesh,2011,10,Oct,2011-10-01,8085
Belgium & Luxembourg,2011,10,Oct,2011-10-01,2222
Brunei Darussalam,2011,10,Oct,2011-10-01,4238
Canada,2011,10,Oct,2011-10-01,6814
China,2011,10,Oct,2011-10-01,133563
Denmark,2011,10,Oct,2011-10-01,2241
Egypt,2011,10,Oct,2011-10-01,373
Europe,2011,10,Oct,2011-10-01,117723
Finland,2011,10,Oct,2011-10-01,2202
France,2011,10,Oct,2011-10-01,11204
Germany,2011,10,Oct,2011-10-01,18938
Greater China,2011,10,Oct,2011-10-01,184153
Hong Kong SAR,2011,10,Oct,2011-10-01,31027
India,2011,10,Oct,2011-10-01,77196
Indonesia,2011,10,Oct,2011-10-01,193879
Iran,2011,10,Oct,2011-10-01,1706
Israel,2011,10,Oct,2011-10-01,1136
Italy,2011,10,Oct,2011-10-01,3767
Japan,2011,10,Oct,2011-10-01,57677
Kuwait,2011,10,Oct,2011-10-01,361
Malaysia,2011,10,Oct,2011-10-01,88770
Mauritius,2011,10,Oct,2011-10-01,750
Myanmar,2011,10,Oct,2011-10-01,7624
Netherlands,2011,10,Oct,2011-10-01,7112
New Zealand,2011,10,Oct,2011-10-01,9876
North Asia,2011,10,Oct,2011-10-01,91377
Norway,2011,10,Oct,2011-10-01,2667
Oceania,2011,10,Oct,2011-10-01,95623
Other Markets In Africa,2011,10,Oct,2011-10-01,2066
Other Markets In Americas,2011,10,Oct,2011-10-01,4275
Other Markets In Europe,2011,10,Oct,2011-10-01,10695
Other Markets In Greater China,2011,10,Oct,2011-10-01,1788
Other Markets In North Asia,2011,10,Oct,2011-10-01,106
Other Markets In Oceania,2011,10,Oct,2011-10-01,1238
Other Markets In South Asia,2011,10,Oct,2011-10-01,2065
Other Markets In Southeast Asia,2011,10,Oct,2011-10-01,3266
Other Markets In West Asia,2011,10,Oct,2011-10-01,1487
Others,2011,10,Oct,2011-10-01,2
Pakistan,2011,10,Oct,2011-10-01,1574
Philippines,2011,10,Oct,2011-10-01,63218
Rep Of Ireland,2011,10,Oct,2011-10-01,1561
Russian Federation,2011,10,Oct,2011-10-01,4575
Saudi Arabia,2011,10,Oct,2011-10-01,1142
South Africa (Rep Of),2011,10,Oct,2011-10-01,2853
South Asia,2011,10,Oct,2011-10-01,95389
South Korea,2011,10,Oct,2011-10-01,33594
Southeast Asia,2011,10,Oct,2011-10-01,437413
Spain,2011,10,Oct,2011-10-01,3343
Sri Lanka,2011,10,Oct,2011-10-01,6469
Sweden,2011,10,Oct,2011-10-01,3228
Switzerland,2011,10,Oct,2011-10-01,7596
Taiwan,2011,10,Oct,2011-10-01,17775
Thailand,2011,10,Oct,2011-10-01,53133
Total International Visitor Arrivals By Place Of Residence,2011,10,Oct,2011-10-01,1085193
USA,2011,10,Oct,2011-10-01,36840
United Arab Emirates,2011,10,Oct,2011-10-01,3710
United Kingdom,2011,10,Oct,2011-10-01,36372
Vietnam,2011,10,Oct,2011-10-01,23285
West Asia,2011,10,Oct,2011-10-01,9542
Africa,2011,11,Nov,2011-11-01,5403
Americas,2011,11,Nov,2011-11-01,48158
Australia,2011,11,Nov,2011-11-01,70012
Bangladesh,2011,11,Nov,2011-11-01,7610
Belgium & Luxembourg,2011,11,Nov,2011-11-01,2181
Brunei Darussalam,2011,11,Nov,2011-11-01,5139
Canada,2011,11,Nov,2011-11-01,7843
China,2011,11,Nov,2011-11-01,100824
Denmark,2011,11,Nov,2011-11-01,2279
Egypt,2011,11,Nov,2011-11-01,279
Europe,2011,11,Nov,2011-11-01,130163
Finland,2011,11,Nov,2011-11-01,3092
France,2011,11,Nov,2011-11-01,11166
Germany,2011,11,Nov,2011-11-01,22487
Greater China,2011,11,Nov,2011-11-01,149816
Hong Kong SAR,2011,11,Nov,2011-11-01,31543
India,2011,11,Nov,2011-11-01,72387
Indonesia,2011,11,Nov,2011-11-01,188488
Iran,2011,11,Nov,2011-11-01,1827
Israel,2011,11,Nov,2011-11-01,1085
Italy,2011,11,Nov,2011-11-01,4718
Japan,2011,11,Nov,2011-11-01,61293
Kuwait,2011,11,Nov,2011-11-01,668
Malaysia,2011,11,Nov,2011-11-01,104972
Mauritius,2011,11,Nov,2011-11-01,1080
Myanmar,2011,11,Nov,2011-11-01,7096
Netherlands,2011,11,Nov,2011-11-01,6532
New Zealand,2011,11,Nov,2011-11-01,8888
North Asia,2011,11,Nov,2011-11-01,94486
Norway,2011,11,Nov,2011-11-01,3377
Oceania,2011,11,Nov,2011-11-01,80355
Other Markets In Africa,2011,11,Nov,2011-11-01,1944
Other Markets In Americas,2011,11,Nov,2011-11-01,3614
Other Markets In Europe,2011,11,Nov,2011-11-01,13138
Other Markets In Greater China,2011,11,Nov,2011-11-01,1584
Other Markets In North Asia,2011,11,Nov,2011-11-01,48
Other Markets In Oceania,2011,11,Nov,2011-11-01,1455
Other Markets In South Asia,2011,11,Nov,2011-11-01,1927
Other Markets In Southeast Asia,2011,11,Nov,2011-11-01,3725
Other Markets In West Asia,2011,11,Nov,2011-11-01,2139
Others,2011,11,Nov,2011-11-01,1
Pakistan,2011,11,Nov,2011-11-01,1486
Philippines,2011,11,Nov,2011-11-01,52726
Rep Of Ireland,2011,11,Nov,2011-11-01,1695
Russian Federation,2011,11,Nov,2011-11-01,5517
Saudi Arabia,2011,11,Nov,2011-11-01,1907
South Africa (Rep Of),2011,11,Nov,2011-11-01,2100
South Asia,2011,11,Nov,2011-11-01,89970
South Korea,2011,11,Nov,2011-11-01,33145
Southeast Asia,2011,11,Nov,2011-11-01,414851
Spain,2011,11,Nov,2011-11-01,3173
Sri Lanka,2011,11,Nov,2011-11-01,6560
Sweden,2011,11,Nov,2011-11-01,3947
Switzerland,2011,11,Nov,2011-11-01,7767
Taiwan,2011,11,Nov,2011-11-01,15865
Thailand,2011,11,Nov,2011-11-01,29299
Total International Visitor Arrivals By Place Of Residence,2011,11,Nov,2011-11-01,1027787
USA,2011,11,Nov,2011-11-01,36701
United Arab Emirates,2011,11,Nov,2011-11-01,6958
United Kingdom,2011,11,Nov,2011-11-01,39094
Vietnam,2011,11,Nov,2011-11-01,23406
West Asia,2011,11,Nov,2011-11-01,14584
Africa,2011,12,Dec,2011-12-01,9634
Americas,2011,12,Dec,2011-12-01,47529
Australia,2011,12,Dec,2011-12-01,84723
Bangladesh,2011,12,Dec,2011-12-01,8366
Belgium & Luxembourg,2011,12,Dec,2011-12-01,2025
Brunei Darussalam,2011,12,Dec,2011-12-01,10382
Canada,2011,12,Dec,2011-12-01,7610
China,2011,12,Dec,2011-12-01,113390
Denmark,2011,12,Dec,2011-12-01,2232
Egypt,2011,12,Dec,2011-12-01,253
Europe,2011,12,Dec,2011-12-01,128389
Finland,2011,12,Dec,2011-12-01,4319
France,2011,12,Dec,2011-12-01,12050
Germany,2011,12,Dec,2011-12-01,21448
Greater China,2011,12,Dec,2011-12-01,167257
Hong Kong SAR,2011,12,Dec,2011-12-01,36204
India,2011,12,Dec,2011-12-01,78434
Indonesia,2011,12,Dec,2011-12-01,284232
Iran,2011,12,Dec,2011-12-01,2029
Israel,2011,12,Dec,2011-12-01,778
Italy,2011,12,Dec,2011-12-01,4873
Japan,2011,12,Dec,2011-12-01,62585
Kuwait,2011,12,Dec,2011-12-01,495
Malaysia,2011,12,Dec,2011-12-01,130493
Mauritius,2011,12,Dec,2011-12-01,1837
Myanmar,2011,12,Dec,2011-12-01,8594
Netherlands,2011,12,Dec,2011-12-01,6168
New Zealand,2011,12,Dec,2011-12-01,10514
North Asia,2011,12,Dec,2011-12-01,92226
Norway,2011,12,Dec,2011-12-01,3097
Oceania,2011,12,Dec,2011-12-01,96626
Other Markets In Africa,2011,12,Dec,2011-12-01,2239
Other Markets In Americas,2011,12,Dec,2011-12-01,3501
Other Markets In Europe,2011,12,Dec,2011-12-01,12021
Other Markets In Greater China,2011,12,Dec,2011-12-01,2510
Other Markets In North Asia,2011,12,Dec,2011-12-01,36
Other Markets In Oceania,2011,12,Dec,2011-12-01,1389
Other Markets In South Asia,2011,12,Dec,2011-12-01,2189
Other Markets In Southeast Asia,2011,12,Dec,2011-12-01,3332
Other Markets In West Asia,2011,12,Dec,2011-12-01,1938
Others,2011,12,Dec,2011-12-01,6
Pakistan,2011,12,Dec,2011-12-01,1850
Philippines,2011,12,Dec,2011-12-01,57114
Rep Of Ireland,2011,12,Dec,2011-12-01,1526
Russian Federation,2011,12,Dec,2011-12-01,6881
Saudi Arabia,2011,12,Dec,2011-12-01,1167
South Africa (Rep Of),2011,12,Dec,2011-12-01,5305
South Asia,2011,12,Dec,2011-12-01,102226
South Korea,2011,12,Dec,2011-12-01,29605
Southeast Asia,2011,12,Dec,2011-12-01,560480
Spain,2011,12,Dec,2011-12-01,3060
Sri Lanka,2011,12,Dec,2011-12-01,11387
Sweden,2011,12,Dec,2011-12-01,4934
Switzerland,2011,12,Dec,2011-12-01,6687
Taiwan,2011,12,Dec,2011-12-01,15153
Thailand,2011,12,Dec,2011-12-01,39338
Total International Visitor Arrivals By Place Of Residence,2011,12,Dec,2011-12-01,1216637
USA,2011,12,Dec,2011-12-01,36418
United Arab Emirates,2011,12,Dec,2011-12-01,5857
United Kingdom,2011,12,Dec,2011-12-01,37068
Vietnam,2011,12,Dec,2011-12-01,26995
West Asia,2011,12,Dec,2011-12-01,12264
Africa,2012,1,Jan,2012-01-01,6107
Americas,2012,1,Jan,2012-01-01,51653
Australia,2012,1,Jan,2012-01-01,94946
Bangladesh,2012,1,Jan,2012-01-01,7250
Belgium & Luxembourg,2012,1,Jan,2012-01-01,2153
Brunei Darussalam,2012,1,Jan,2012-01-01,4862
Canada,2012,1,Jan,2012-01-01,8495
China,2012,1,Jan,2012-01-01,201742
Denmark,2012,1,Jan,2012-01-01,3250
Egypt,2012,1,Jan,2012-01-01,269
Europe,2012,1,Jan,2012-01-01,150022
Finland,2012,1,Jan,2012-01-01,4792
France,2012,1,Jan,2012-01-01,10939
Germany,2012,1,Jan,2012-01-01,26463
Greater China,2012,1,Jan,2012-01-01,270576
Hong Kong SAR,2012,1,Jan,2012-01-01,39000
India,2012,1,Jan,2012-01-01,57265
Indonesia,2012,1,Jan,2012-01-01,230500
Iran,2012,1,Jan,2012-01-01,1726
Israel,2012,1,Jan,2012-01-01,1138
Italy,2012,1,Jan,2012-01-01,5443
Japan,2012,1,Jan,2012-01-01,50672
Kuwait,2012,1,Jan,2012-01-01,483
Malaysia,2012,1,Jan,2012-01-01,88970
Mauritius,2012,1,Jan,2012-01-01,821
Myanmar,2012,1,Jan,2012-01-01,6710
Netherlands,2012,1,Jan,2012-01-01,7082
New Zealand,2012,1,Jan,2012-01-01,11207
North Asia,2012,1,Jan,2012-01-01,96683
Norway,2012,1,Jan,2012-01-01,3238
Oceania,2012,1,Jan,2012-01-01,107329
Other Markets In Africa,2012,1,Jan,2012-01-01,1832
Other Markets In Americas,2012,1,Jan,2012-01-01,4236
Other Markets In Europe,2012,1,Jan,2012-01-01,16790
Other Markets In Greater China,2012,1,Jan,2012-01-01,2377
Other Markets In North Asia,2012,1,Jan,2012-01-01,78
Other Markets In Oceania,2012,1,Jan,2012-01-01,1176
Other Markets In South Asia,2012,1,Jan,2012-01-01,1942
Other Markets In Southeast Asia,2012,1,Jan,2012-01-01,3332
Other Markets In West Asia,2012,1,Jan,2012-01-01,1229
Others,2012,1,Jan,2012-01-01,40
Pakistan,2012,1,Jan,2012-01-01,1496
Philippines,2012,1,Jan,2012-01-01,42248
Rep Of Ireland,2012,1,Jan,2012-01-01,1566
Russian Federation,2012,1,Jan,2012-01-01,12759
Saudi Arabia,2012,1,Jan,2012-01-01,1664
South Africa (Rep Of),2012,1,Jan,2012-01-01,3185
South Asia,2012,1,Jan,2012-01-01,73360
South Korea,2012,1,Jan,2012-01-01,45933
Southeast Asia,2012,1,Jan,2012-01-01,432507
Spain,2012,1,Jan,2012-01-01,2473
Sri Lanka,2012,1,Jan,2012-01-01,5407
Sweden,2012,1,Jan,2012-01-01,5682
Switzerland,2012,1,Jan,2012-01-01,7253
Taiwan,2012,1,Jan,2012-01-01,27457
Thailand,2012,1,Jan,2012-01-01,28725
Total International Visitor Arrivals By Place Of Residence,2012,1,Jan,2012-01-01,1198507
USA,2012,1,Jan,2012-01-01,38922
United Arab Emirates,2012,1,Jan,2012-01-01,3990
United Kingdom,2012,1,Jan,2012-01-01,40139
Vietnam,2012,1,Jan,2012-01-01,27160
West Asia,2012,1,Jan,2012-01-01,10230
Africa,2012,2,Feb,2012-02-01,4508
Americas,2012,2,Feb,2012-02-01,54048
Australia,2012,2,Feb,2012-02-01,63878
Bangladesh,2012,2,Feb,2012-02-01,7639
Belgium & Luxembourg,2012,2,Feb,2012-02-01,2392
Brunei Darussalam,2012,2,Feb,2012-02-01,4782
Canada,2012,2,Feb,2012-02-01,8303
China,2012,2,Feb,2012-02-01,158002
Denmark,2012,2,Feb,2012-02-01,4261
Egypt,2012,2,Feb,2012-02-01,319
Europe,2012,2,Feb,2012-02-01,159924
Finland,2012,2,Feb,2012-02-01,5586
France,2012,2,Feb,2012-02-01,14493
Germany,2012,2,Feb,2012-02-01,27868
Greater China,2012,2,Feb,2012-02-01,217565
Hong Kong SAR,2012,2,Feb,2012-02-01,30416
India,2012,2,Feb,2012-02-01,61815
Indonesia,2012,2,Feb,2012-02-01,211738
Iran,2012,2,Feb,2012-02-01,1483
Israel,2012,2,Feb,2012-02-01,1336
Italy,2012,2,Feb,2012-02-01,5314
Japan,2012,2,Feb,2012-02-01,67306
Kuwait,2012,2,Feb,2012-02-01,655
Malaysia,2012,2,Feb,2012-02-01,88451
Mauritius,2012,2,Feb,2012-02-01,729
Myanmar,2012,2,Feb,2012-02-01,7038
Netherlands,2012,2,Feb,2012-02-01,7351
New Zealand,2012,2,Feb,2012-02-01,6613
North Asia,2012,2,Feb,2012-02-01,112776
Norway,2012,2,Feb,2012-02-01,4038
Oceania,2012,2,Feb,2012-02-01,71466
Other Markets In Africa,2012,2,Feb,2012-02-01,1288
Other Markets In Americas,2012,2,Feb,2012-02-01,3775
Other Markets In Europe,2012,2,Feb,2012-02-01,17307
Other Markets In Greater China,2012,2,Feb,2012-02-01,1887
Other Markets In North Asia,2012,2,Feb,2012-02-01,73
Other Markets In Oceania,2012,2,Feb,2012-02-01,975
Other Markets In South Asia,2012,2,Feb,2012-02-01,1589
Other Markets In Southeast Asia,2012,2,Feb,2012-02-01,2818
Other Markets In West Asia,2012,2,Feb,2012-02-01,1818
Others,2012,2,Feb,2012-02-01,97
Pakistan,2012,2,Feb,2012-02-01,1405
Philippines,2012,2,Feb,2012-02-01,50931
Rep Of Ireland,2012,2,Feb,2012-02-01,1557
Russian Federation,2012,2,Feb,2012-02-01,6533
Saudi Arabia,2012,2,Feb,2012-02-01,975
South Africa (Rep Of),2012,2,Feb,2012-02-01,2172
South Asia,2012,2,Feb,2012-02-01,78699
South Korea,2012,2,Feb,2012-02-01,45397
Southeast Asia,2012,2,Feb,2012-02-01,424993
Spain,2012,2,Feb,2012-02-01,2398
Sri Lanka,2012,2,Feb,2012-02-01,6251
Sweden,2012,2,Feb,2012-02-01,5967
Switzerland,2012,2,Feb,2012-02-01,7709
Taiwan,2012,2,Feb,2012-02-01,27260
Thailand,2012,2,Feb,2012-02-01,33176
Total International Visitor Arrivals By Place Of Residence,2012,2,Feb,2012-02-01,1134554
USA,2012,2,Feb,2012-02-01,41970
United Arab Emirates,2012,2,Feb,2012-02-01,4211
United Kingdom,2012,2,Feb,2012-02-01,47150
Vietnam,2012,2,Feb,2012-02-01,26059
West Asia,2012,2,Feb,2012-02-01,10478
Africa,2012,3,Mar,2012-03-01,5855
Americas,2012,3,Mar,2012-03-01,60074
Australia,2012,3,Mar,2012-03-01,70960
Bangladesh,2012,3,Mar,2012-03-01,8951
Belgium & Luxembourg,2012,3,Mar,2012-03-01,2610
Brunei Darussalam,2012,3,Mar,2012-03-01,6942
Canada,2012,3,Mar,2012-03-01,9930
China,2012,3,Mar,2012-03-01,182348
Denmark,2012,3,Mar,2012-03-01,3557
Egypt,2012,3,Mar,2012-03-01,271
Europe,2012,3,Mar,2012-03-01,165101
Finland,2012,3,Mar,2012-03-01,4144
France,2012,3,Mar,2012-03-01,14253
Germany,2012,3,Mar,2012-03-01,30111
Greater China,2012,3,Mar,2012-03-01,240492
Hong Kong SAR,2012,3,Mar,2012-03-01,35154
India,2012,3,Mar,2012-03-01,65547
Indonesia,2012,3,Mar,2012-03-01,227695
Iran,2012,3,Mar,2012-03-01,5048
Israel,2012,3,Mar,2012-03-01,1216
Italy,2012,3,Mar,2012-03-01,6122
Japan,2012,3,Mar,2012-03-01,74995
Kuwait,2012,3,Mar,2012-03-01,340
Malaysia,2012,3,Mar,2012-03-01,108054
Mauritius,2012,3,Mar,2012-03-01,813
Myanmar,2012,3,Mar,2012-03-01,8197
Netherlands,2012,3,Mar,2012-03-01,7163
New Zealand,2012,3,Mar,2012-03-01,7469
North Asia,2012,3,Mar,2012-03-01,109198
Norway,2012,3,Mar,2012-03-01,4579
Oceania,2012,3,Mar,2012-03-01,79598
Other Markets In Africa,2012,3,Mar,2012-03-01,1779
Other Markets In Americas,2012,3,Mar,2012-03-01,4424
Other Markets In Europe,2012,3,Mar,2012-03-01,15781
Other Markets In Greater China,2012,3,Mar,2012-03-01,1589
Other Markets In North Asia,2012,3,Mar,2012-03-01,126
Other Markets In Oceania,2012,3,Mar,2012-03-01,1169
Other Markets In South Asia,2012,3,Mar,2012-03-01,1662
Other Markets In Southeast Asia,2012,3,Mar,2012-03-01,3152
Other Markets In West Asia,2012,3,Mar,2012-03-01,1775
Others,2012,3,Mar,2012-03-01,0
Pakistan,2012,3,Mar,2012-03-01,1492
Philippines,2012,3,Mar,2012-03-01,58682
Rep Of Ireland,2012,3,Mar,2012-03-01,1817
Russian Federation,2012,3,Mar,2012-03-01,6603
Saudi Arabia,2012,3,Mar,2012-03-01,1244
South Africa (Rep Of),2012,3,Mar,2012-03-01,2992
South Asia,2012,3,Mar,2012-03-01,82938
South Korea,2012,3,Mar,2012-03-01,34077
Southeast Asia,2012,3,Mar,2012-03-01,484166
Spain,2012,3,Mar,2012-03-01,3107
Sri Lanka,2012,3,Mar,2012-03-01,5286
Sweden,2012,3,Mar,2012-03-01,5175
Switzerland,2012,3,Mar,2012-03-01,7958
Taiwan,2012,3,Mar,2012-03-01,21401
Thailand,2012,3,Mar,2012-03-01,43230
Total International Visitor Arrivals By Place Of Residence,2012,3,Mar,2012-03-01,1243133
USA,2012,3,Mar,2012-03-01,45720
United Arab Emirates,2012,3,Mar,2012-03-01,6088
United Kingdom,2012,3,Mar,2012-03-01,52121
Vietnam,2012,3,Mar,2012-03-01,28214
West Asia,2012,3,Mar,2012-03-01,15711
Africa,2012,4,Apr,2012-04-01,6211
Americas,2012,4,Apr,2012-04-01,47323
Australia,2012,4,Apr,2012-04-01,81927
Bangladesh,2012,4,Apr,2012-04-01,9279
Belgium & Luxembourg,2012,4,Apr,2012-04-01,2637
Brunei Darussalam,2012,4,Apr,2012-04-01,4472
Canada,2012,4,Apr,2012-04-01,7294
China,2012,4,Apr,2012-04-01,173543
Denmark,2012,4,Apr,2012-04-01,2660
Egypt,2012,4,Apr,2012-04-01,345
Europe,2012,4,Apr,2012-04-01,126201
Finland,2012,4,Apr,2012-04-01,2358
France,2012,4,Apr,2012-04-01,14517
Germany,2012,4,Apr,2012-04-01,19375
Greater China,2012,4,Apr,2012-04-01,246075
Hong Kong SAR,2012,4,Apr,2012-04-01,47141
India,2012,4,Apr,2012-04-01,76035
Indonesia,2012,4,Apr,2012-04-01,214289
Iran,2012,4,Apr,2012-04-01,886
Israel,2012,4,Apr,2012-04-01,979
Italy,2012,4,Apr,2012-04-01,4848
Japan,2012,4,Apr,2012-04-01,49203
Kuwait,2012,4,Apr,2012-04-01,389
Malaysia,2012,4,Apr,2012-04-01,96892
Mauritius,2012,4,Apr,2012-04-01,1220
Myanmar,2012,4,Apr,2012-04-01,12114
Netherlands,2012,4,Apr,2012-04-01,5609
New Zealand,2012,4,Apr,2012-04-01,9881
North Asia,2012,4,Apr,2012-04-01,80556
Norway,2012,4,Apr,2012-04-01,3444
Oceania,2012,4,Apr,2012-04-01,92969
Other Markets In Africa,2012,4,Apr,2012-04-01,1628
Other Markets In Americas,2012,4,Apr,2012-04-01,4860
Other Markets In Europe,2012,4,Apr,2012-04-01,11554
Other Markets In Greater China,2012,4,Apr,2012-04-01,2392
Other Markets In North Asia,2012,4,Apr,2012-04-01,101
Other Markets In Oceania,2012,4,Apr,2012-04-01,1161
Other Markets In South Asia,2012,4,Apr,2012-04-01,1837
Other Markets In Southeast Asia,2012,4,Apr,2012-04-01,5027
Other Markets In West Asia,2012,4,Apr,2012-04-01,1464
Others,2012,4,Apr,2012-04-01,1
Pakistan,2012,4,Apr,2012-04-01,1294
Philippines,2012,4,Apr,2012-04-01,75052
Rep Of Ireland,2012,4,Apr,2012-04-01,1463
Russian Federation,2012,4,Apr,2012-04-01,5023
Saudi Arabia,2012,4,Apr,2012-04-01,1029
South Africa (Rep Of),2012,4,Apr,2012-04-01,3018
South Asia,2012,4,Apr,2012-04-01,98688
South Korea,2012,4,Apr,2012-04-01,31252
Southeast Asia,2012,4,Apr,2012-04-01,493900
Spain,2012,4,Apr,2012-04-01,3051
Sri Lanka,2012,4,Apr,2012-04-01,10243
Sweden,2012,4,Apr,2012-04-01,3447
Switzerland,2012,4,Apr,2012-04-01,7726
Taiwan,2012,4,Apr,2012-04-01,22999
Thailand,2012,4,Apr,2012-04-01,56217
Total International Visitor Arrivals By Place Of Residence,2012,4,Apr,2012-04-01,1201953
USA,2012,4,Apr,2012-04-01,35169
United Arab Emirates,2012,4,Apr,2012-04-01,5282
United Kingdom,2012,4,Apr,2012-04-01,38489
Vietnam,2012,4,Apr,2012-04-01,29837
West Asia,2012,4,Apr,2012-04-01,10029
Africa,2012,5,May,2012-05-01,4451
Americas,2012,5,May,2012-05-01,46711
Australia,2012,5,May,2012-05-01,72641
Bangladesh,2012,5,May,2012-05-01,9231
Belgium & Luxembourg,2012,5,May,2012-05-01,1661
Brunei Darussalam,2012,5,May,2012-05-01,4649
Canada,2012,5,May,2012-05-01,6166
China,2012,5,May,2012-05-01,139946
Denmark,2012,5,May,2012-05-01,1644
Egypt,2012,5,May,2012-05-01,267
Europe,2012,5,May,2012-05-01,91559
Finland,2012,5,May,2012-05-01,1607
France,2012,5,May,2012-05-01,10902
Germany,2012,5,May,2012-05-01,14377
Greater China,2012,5,May,2012-05-01,195027
Hong Kong SAR,2012,5,May,2012-05-01,33091
India,2012,5,May,2012-05-01,124147
Indonesia,2012,5,May,2012-05-01,228359
Iran,2012,5,May,2012-05-01,924
Israel,2012,5,May,2012-05-01,977
Italy,2012,5,May,2012-05-01,3639
Japan,2012,5,May,2012-05-01,50006
Kuwait,2012,5,May,2012-05-01,318
Malaysia,2012,5,May,2012-05-01,99568
Mauritius,2012,5,May,2012-05-01,534
Myanmar,2012,5,May,2012-05-01,8984
Netherlands,2012,5,May,2012-05-01,5329
New Zealand,2012,5,May,2012-05-01,10137
North Asia,2012,5,May,2012-05-01,83112
Norway,2012,5,May,2012-05-01,1875
Oceania,2012,5,May,2012-05-01,84044
Other Markets In Africa,2012,5,May,2012-05-01,1399
Other Markets In Americas,2012,5,May,2012-05-01,3806
Other Markets In Europe,2012,5,May,2012-05-01,8997
Other Markets In Greater China,2012,5,May,2012-05-01,1383
Other Markets In North Asia,2012,5,May,2012-05-01,88
Other Markets In Oceania,2012,5,May,2012-05-01,1266
Other Markets In South Asia,2012,5,May,2012-05-01,1790
Other Markets In Southeast Asia,2012,5,May,2012-05-01,3647
Other Markets In West Asia,2012,5,May,2012-05-01,1297
Others,2012,5,May,2012-05-01,3
Pakistan,2012,5,May,2012-05-01,1489
Philippines,2012,5,May,2012-05-01,72484
Rep Of Ireland,2012,5,May,2012-05-01,1240
Russian Federation,2012,5,May,2012-05-01,3939
Saudi Arabia,2012,5,May,2012-05-01,874
South Africa (Rep Of),2012,5,May,2012-05-01,2251
South Asia,2012,5,May,2012-05-01,142003
South Korea,2012,5,May,2012-05-01,33018
Southeast Asia,2012,5,May,2012-05-01,490836
Spain,2012,5,May,2012-05-01,2131
Sri Lanka,2012,5,May,2012-05-01,5346
Sweden,2012,5,May,2012-05-01,2008
Switzerland,2012,5,May,2012-05-01,5467
Taiwan,2012,5,May,2012-05-01,20607
Thailand,2012,5,May,2012-05-01,42583
Total International Visitor Arrivals By Place Of Residence,2012,5,May,2012-05-01,1146448
USA,2012,5,May,2012-05-01,36739
United Arab Emirates,2012,5,May,2012-05-01,4312
United Kingdom,2012,5,May,2012-05-01,26743
Vietnam,2012,5,May,2012-05-01,30562
West Asia,2012,5,May,2012-05-01,8702
Africa,2012,6,Jun,2012-06-01,5083
Americas,2012,6,Jun,2012-06-01,52552
Australia,2012,6,Jun,2012-06-01,92951
Bangladesh,2012,6,Jun,2012-06-01,9782
Belgium & Luxembourg,2012,6,Jun,2012-06-01,1669
Brunei Darussalam,2012,6,Jun,2012-06-01,6980
Canada,2012,6,Jun,2012-06-01,5356
China,2012,6,Jun,2012-06-01,122630
Denmark,2012,6,Jun,2012-06-01,1801
Egypt,2012,6,Jun,2012-06-01,304
Europe,2012,6,Jun,2012-06-01,87205
Finland,2012,6,Jun,2012-06-01,1745
France,2012,6,Jun,2012-06-01,9301
Germany,2012,6,Jun,2012-06-01,13106
Greater China,2012,6,Jun,2012-06-01,182892
Hong Kong SAR,2012,6,Jun,2012-06-01,36897
India,2012,6,Jun,2012-06-01,93694
Indonesia,2012,6,Jun,2012-06-01,253510
Iran,2012,6,Jun,2012-06-01,1345
Israel,2012,6,Jun,2012-06-01,1088
Italy,2012,6,Jun,2012-06-01,3668
Japan,2012,6,Jun,2012-06-01,52387
Kuwait,2012,6,Jun,2012-06-01,979
Malaysia,2012,6,Jun,2012-06-01,107356
Mauritius,2012,6,Jun,2012-06-01,681
Myanmar,2012,6,Jun,2012-06-01,7397
Netherlands,2012,6,Jun,2012-06-01,5194
New Zealand,2012,6,Jun,2012-06-01,12021
North Asia,2012,6,Jun,2012-06-01,86815
Norway,2012,6,Jun,2012-06-01,2506
Oceania,2012,6,Jun,2012-06-01,106256
Other Markets In Africa,2012,6,Jun,2012-06-01,1507
Other Markets In Americas,2012,6,Jun,2012-06-01,3728
Other Markets In Europe,2012,6,Jun,2012-06-01,8462
Other Markets In Greater China,2012,6,Jun,2012-06-01,2359
Other Markets In North Asia,2012,6,Jun,2012-06-01,34
Other Markets In Oceania,2012,6,Jun,2012-06-01,1284
Other Markets In South Asia,2012,6,Jun,2012-06-01,1729
Other Markets In Southeast Asia,2012,6,Jun,2012-06-01,3388
Other Markets In West Asia,2012,6,Jun,2012-06-01,2430
Others,2012,6,Jun,2012-06-01,5821
Pakistan,2012,6,Jun,2012-06-01,3119
Philippines,2012,6,Jun,2012-06-01,49957
Rep Of Ireland,2012,6,Jun,2012-06-01,1560
Russian Federation,2012,6,Jun,2012-06-01,3567
Saudi Arabia,2012,6,Jun,2012-06-01,2519
South Africa (Rep Of),2012,6,Jun,2012-06-01,2591
South Asia,2012,6,Jun,2012-06-01,114364
South Korea,2012,6,Jun,2012-06-01,34394
Southeast Asia,2012,6,Jun,2012-06-01,502674
Spain,2012,6,Jun,2012-06-01,2263
Sri Lanka,2012,6,Jun,2012-06-01,6040
Sweden,2012,6,Jun,2012-06-01,2043
Switzerland,2012,6,Jun,2012-06-01,4657
Taiwan,2012,6,Jun,2012-06-01,21006
Thailand,2012,6,Jun,2012-06-01,34526
Total International Visitor Arrivals By Place Of Residence,2012,6,Jun,2012-06-01,1157739
USA,2012,6,Jun,2012-06-01,43468
United Arab Emirates,2012,6,Jun,2012-06-01,5716
United Kingdom,2012,6,Jun,2012-06-01,25663
Vietnam,2012,6,Jun,2012-06-01,39560
West Asia,2012,6,Jun,2012-06-01,14077
Africa,2012,7,Jul,2012-07-01,5809
Americas,2012,7,Jul,2012-07-01,55947
Australia,2012,7,Jul,2012-07-01,105570
Bangladesh,2012,7,Jul,2012-07-01,10330
Belgium & Luxembourg,2012,7,Jul,2012-07-01,2884
Brunei Darussalam,2012,7,Jul,2012-07-01,5485
Canada,2012,7,Jul,2012-07-01,7346
China,2012,7,Jul,2012-07-01,201652
Denmark,2012,7,Jul,2012-07-01,3359
Egypt,2012,7,Jul,2012-07-01,315
Europe,2012,7,Jul,2012-07-01,122181
Finland,2012,7,Jul,2012-07-01,1425
France,2012,7,Jul,2012-07-01,15402
Germany,2012,7,Jul,2012-07-01,17784
Greater China,2012,7,Jul,2012-07-01,288258
Hong Kong SAR,2012,7,Jul,2012-07-01,50113
India,2012,7,Jul,2012-07-01,68749
Indonesia,2012,7,Jul,2012-07-01,246772
Iran,2012,7,Jul,2012-07-01,1403
Israel,2012,7,Jul,2012-07-01,1239
Italy,2012,7,Jul,2012-07-01,5403
Japan,2012,7,Jul,2012-07-01,61139
Kuwait,2012,7,Jul,2012-07-01,965
Malaysia,2012,7,Jul,2012-07-01,90449
Mauritius,2012,7,Jul,2012-07-01,615
Myanmar,2012,7,Jul,2012-07-01,7699
Netherlands,2012,7,Jul,2012-07-01,9847
New Zealand,2012,7,Jul,2012-07-01,13772
North Asia,2012,7,Jul,2012-07-01,103740
Norway,2012,7,Jul,2012-07-01,3587
Oceania,2012,7,Jul,2012-07-01,120719
Other Markets In Africa,2012,7,Jul,2012-07-01,2205
Other Markets In Americas,2012,7,Jul,2012-07-01,4336
Other Markets In Europe,2012,7,Jul,2012-07-01,11260
Other Markets In Greater China,2012,7,Jul,2012-07-01,2982
Other Markets In North Asia,2012,7,Jul,2012-07-01,77
Other Markets In Oceania,2012,7,Jul,2012-07-01,1377
Other Markets In South Asia,2012,7,Jul,2012-07-01,1678
Other Markets In Southeast Asia,2012,7,Jul,2012-07-01,4297
Other Markets In West Asia,2012,7,Jul,2012-07-01,2767
Others,2012,7,Jul,2012-07-01,14
Pakistan,2012,7,Jul,2012-07-01,3327
Philippines,2012,7,Jul,2012-07-01,45249
Rep Of Ireland,2012,7,Jul,2012-07-01,1862
Russian Federation,2012,7,Jul,2012-07-01,3848
Saudi Arabia,2012,7,Jul,2012-07-01,2176
South Africa (Rep Of),2012,7,Jul,2012-07-01,2674
South Asia,2012,7,Jul,2012-07-01,89931
South Korea,2012,7,Jul,2012-07-01,42524
Southeast Asia,2012,7,Jul,2012-07-01,481014
Spain,2012,7,Jul,2012-07-01,3663
Sri Lanka,2012,7,Jul,2012-07-01,5847
Sweden,2012,7,Jul,2012-07-01,2430
Switzerland,2012,7,Jul,2012-07-01,8219
Taiwan,2012,7,Jul,2012-07-01,33511
Thailand,2012,7,Jul,2012-07-01,34542
Total International Visitor Arrivals By Place Of Residence,2012,7,Jul,2012-07-01,1283611
USA,2012,7,Jul,2012-07-01,44265
United Arab Emirates,2012,7,Jul,2012-07-01,7448
United Kingdom,2012,7,Jul,2012-07-01,31208
Vietnam,2012,7,Jul,2012-07-01,46521
West Asia,2012,7,Jul,2012-07-01,15998
Africa,2012,8,Aug,2012-08-01,5106
Americas,2012,8,Aug,2012-08-01,46622
Australia,2012,8,Aug,2012-08-01,79292
Bangladesh,2012,8,Aug,2012-08-01,9707
Belgium & Luxembourg,2012,8,Aug,2012-08-01,2692
Brunei Darussalam,2012,8,Aug,2012-08-01,5860
Canada,2012,8,Aug,2012-08-01,6454
China,2012,8,Aug,2012-08-01,206734
Denmark,2012,8,Aug,2012-08-01,1864
Egypt,2012,8,Aug,2012-08-01,258
Europe,2012,8,Aug,2012-08-01,134641
Finland,2012,8,Aug,2012-08-01,992
France,2012,8,Aug,2012-08-01,20864
Germany,2012,8,Aug,2012-08-01,20355
Greater China,2012,8,Aug,2012-08-01,286756
Hong Kong SAR,2012,8,Aug,2012-08-01,48138
India,2012,8,Aug,2012-08-01,63579
Indonesia,2012,8,Aug,2012-08-01,276938
Iran,2012,8,Aug,2012-08-01,1985
Israel,2012,8,Aug,2012-08-01,999
Italy,2012,8,Aug,2012-08-01,11397
Japan,2012,8,Aug,2012-08-01,82747
Kuwait,2012,8,Aug,2012-08-01,1231
Malaysia,2012,8,Aug,2012-08-01,107841
Mauritius,2012,8,Aug,2012-08-01,932
Myanmar,2012,8,Aug,2012-08-01,6527
Netherlands,2012,8,Aug,2012-08-01,8361
New Zealand,2012,8,Aug,2012-08-01,10901
North Asia,2012,8,Aug,2012-08-01,130287
Norway,2012,8,Aug,2012-08-01,1903
Oceania,2012,8,Aug,2012-08-01,91197
Other Markets In Africa,2012,8,Aug,2012-08-01,2075
Other Markets In Americas,2012,8,Aug,2012-08-01,3189
Other Markets In Europe,2012,8,Aug,2012-08-01,11610
Other Markets In Greater China,2012,8,Aug,2012-08-01,3981
Other Markets In North Asia,2012,8,Aug,2012-08-01,157
Other Markets In Oceania,2012,8,Aug,2012-08-01,1004
Other Markets In South Asia,2012,8,Aug,2012-08-01,1734
Other Markets In Southeast Asia,2012,8,Aug,2012-08-01,3332
Other Markets In West Asia,2012,8,Aug,2012-08-01,2847
Others,2012,8,Aug,2012-08-01,47
Pakistan,2012,8,Aug,2012-08-01,1394
Philippines,2012,8,Aug,2012-08-01,45775
Rep Of Ireland,2012,8,Aug,2012-08-01,1661
Russian Federation,2012,8,Aug,2012-08-01,4101
Saudi Arabia,2012,8,Aug,2012-08-01,1785
South Africa (Rep Of),2012,8,Aug,2012-08-01,1841
South Asia,2012,8,Aug,2012-08-01,84393
South Korea,2012,8,Aug,2012-08-01,47383
Southeast Asia,2012,8,Aug,2012-08-01,517640
Spain,2012,8,Aug,2012-08-01,5802
Sri Lanka,2012,8,Aug,2012-08-01,7979
Sweden,2012,8,Aug,2012-08-01,1872
Switzerland,2012,8,Aug,2012-08-01,6816
Taiwan,2012,8,Aug,2012-08-01,27903
Thailand,2012,8,Aug,2012-08-01,38137
Total International Visitor Arrivals By Place Of Residence,2012,8,Aug,2012-08-01,1313604
USA,2012,8,Aug,2012-08-01,36979
United Arab Emirates,2012,8,Aug,2012-08-01,8068
United Kingdom,2012,8,Aug,2012-08-01,34351
Vietnam,2012,8,Aug,2012-08-01,33230
West Asia,2012,8,Aug,2012-08-01,16915
Africa,2012,9,Sep,2012-09-01,5498
Americas,2012,9,Sep,2012-09-01,41010
Australia,2012,9,Sep,2012-09-01,100891
Bangladesh,2012,9,Sep,2012-09-01,10030
Belgium & Luxembourg,2012,9,Sep,2012-09-01,1970
Brunei Darussalam,2012,9,Sep,2012-09-01,4106
Canada,2012,9,Sep,2012-09-01,4858
China,2012,9,Sep,2012-09-01,128830
Denmark,2012,9,Sep,2012-09-01,1885
Egypt,2012,9,Sep,2012-09-01,340
Europe,2012,9,Sep,2012-09-01,113107
Finland,2012,9,Sep,2012-09-01,1586
France,2012,9,Sep,2012-09-01,12529
Germany,2012,9,Sep,2012-09-01,19658
Greater China,2012,9,Sep,2012-09-01,183313
Hong Kong SAR,2012,9,Sep,2012-09-01,34584
India,2012,9,Sep,2012-09-01,58748
Indonesia,2012,9,Sep,2012-09-01,195481
Iran,2012,9,Sep,2012-09-01,1747
Israel,2012,9,Sep,2012-09-01,1171
Italy,2012,9,Sep,2012-09-01,5174
Japan,2012,9,Sep,2012-09-01,65991
Kuwait,2012,9,Sep,2012-09-01,597
Malaysia,2012,9,Sep,2012-09-01,90484
Mauritius,2012,9,Sep,2012-09-01,571
Myanmar,2012,9,Sep,2012-09-01,6502
Netherlands,2012,9,Sep,2012-09-01,6117
New Zealand,2012,9,Sep,2012-09-01,11669
North Asia,2012,9,Sep,2012-09-01,97357
Norway,2012,9,Sep,2012-09-01,2254
Oceania,2012,9,Sep,2012-09-01,113926
Other Markets In Africa,2012,9,Sep,2012-09-01,1948
Other Markets In Americas,2012,9,Sep,2012-09-01,4144
Other Markets In Europe,2012,9,Sep,2012-09-01,10243
Other Markets In Greater China,2012,9,Sep,2012-09-01,1514
Other Markets In North Asia,2012,9,Sep,2012-09-01,119
Other Markets In Oceania,2012,9,Sep,2012-09-01,1366
Other Markets In South Asia,2012,9,Sep,2012-09-01,1629
Other Markets In Southeast Asia,2012,9,Sep,2012-09-01,3220
Other Markets In West Asia,2012,9,Sep,2012-09-01,1684
Others,2012,9,Sep,2012-09-01,239
Pakistan,2012,9,Sep,2012-09-01,1710
Philippines,2012,9,Sep,2012-09-01,46880
Rep Of Ireland,2012,9,Sep,2012-09-01,1421
Russian Federation,2012,9,Sep,2012-09-01,4002
Saudi Arabia,2012,9,Sep,2012-09-01,1080
South Africa (Rep Of),2012,9,Sep,2012-09-01,2639
South Asia,2012,9,Sep,2012-09-01,78515
South Korea,2012,9,Sep,2012-09-01,31247
Southeast Asia,2012,9,Sep,2012-09-01,407516
Spain,2012,9,Sep,2012-09-01,3565
Sri Lanka,2012,9,Sep,2012-09-01,6398
Sweden,2012,9,Sep,2012-09-01,1905
Switzerland,2012,9,Sep,2012-09-01,5931
Taiwan,2012,9,Sep,2012-09-01,18385
Thailand,2012,9,Sep,2012-09-01,34926
Total International Visitor Arrivals By Place Of Residence,2012,9,Sep,2012-09-01,1051348
USA,2012,9,Sep,2012-09-01,32008
United Arab Emirates,2012,9,Sep,2012-09-01,4588
United Kingdom,2012,9,Sep,2012-09-01,34867
Vietnam,2012,9,Sep,2012-09-01,25917
West Asia,2012,9,Sep,2012-09-01,10867
Africa,2012,10,Oct,2012-10-01,4910
Americas,2012,10,Oct,2012-10-01,50635
Australia,2012,10,Oct,2012-10-01,100138
Bangladesh,2012,10,Oct,2012-10-01,9456
Belgium & Luxembourg,2012,10,Oct,2012-10-01,2046
Brunei Darussalam,2012,10,Oct,2012-10-01,5070
Canada,2012,10,Oct,2012-10-01,7002
China,2012,10,Oct,2012-10-01,170529
Denmark,2012,10,Oct,2012-10-01,2517
Egypt,2012,10,Oct,2012-10-01,324
Europe,2012,10,Oct,2012-10-01,124645
Finland,2012,10,Oct,2012-10-01,2541
France,2012,10,Oct,2012-10-01,11328
Germany,2012,10,Oct,2012-10-01,20744
Greater China,2012,10,Oct,2012-10-01,231172
Hong Kong SAR,2012,10,Oct,2012-10-01,38630
India,2012,10,Oct,2012-10-01,72348
Indonesia,2012,10,Oct,2012-10-01,215668
Iran,2012,10,Oct,2012-10-01,575
Israel,2012,10,Oct,2012-10-01,1331
Italy,2012,10,Oct,2012-10-01,4265
Japan,2012,10,Oct,2012-10-01,62436
Kuwait,2012,10,Oct,2012-10-01,550
Malaysia,2012,10,Oct,2012-10-01,93945
Mauritius,2012,10,Oct,2012-10-01,512
Myanmar,2012,10,Oct,2012-10-01,6935
Netherlands,2012,10,Oct,2012-10-01,6884
New Zealand,2012,10,Oct,2012-10-01,11158
North Asia,2012,10,Oct,2012-10-01,97453
Norway,2012,10,Oct,2012-10-01,2907
Oceania,2012,10,Oct,2012-10-01,112576
Other Markets In Africa,2012,10,Oct,2012-10-01,1844
Other Markets In Americas,2012,10,Oct,2012-10-01,5617
Other Markets In Europe,2012,10,Oct,2012-10-01,12362
Other Markets In Greater China,2012,10,Oct,2012-10-01,1557
Other Markets In North Asia,2012,10,Oct,2012-10-01,304
Other Markets In Oceania,2012,10,Oct,2012-10-01,1280
Other Markets In South Asia,2012,10,Oct,2012-10-01,2496
Other Markets In Southeast Asia,2012,10,Oct,2012-10-01,5059
Other Markets In West Asia,2012,10,Oct,2012-10-01,2171
Others,2012,10,Oct,2012-10-01,428
Pakistan,2012,10,Oct,2012-10-01,1368
Philippines,2012,10,Oct,2012-10-01,56058
Rep Of Ireland,2012,10,Oct,2012-10-01,1740
Russian Federation,2012,10,Oct,2012-10-01,4909
Saudi Arabia,2012,10,Oct,2012-10-01,2517
South Africa (Rep Of),2012,10,Oct,2012-10-01,2230
South Asia,2012,10,Oct,2012-10-01,92897
South Korea,2012,10,Oct,2012-10-01,34713
Southeast Asia,2012,10,Oct,2012-10-01,465620
Spain,2012,10,Oct,2012-10-01,3646
Sri Lanka,2012,10,Oct,2012-10-01,7229
Sweden,2012,10,Oct,2012-10-01,3035
Switzerland,2012,10,Oct,2012-10-01,7634
Taiwan,2012,10,Oct,2012-10-01,20456
Thailand,2012,10,Oct,2012-10-01,57136
Total International Visitor Arrivals By Place Of Residence,2012,10,Oct,2012-10-01,1192580
USA,2012,10,Oct,2012-10-01,38016
United Arab Emirates,2012,10,Oct,2012-10-01,5100
United Kingdom,2012,10,Oct,2012-10-01,38087
Vietnam,2012,10,Oct,2012-10-01,25749
West Asia,2012,10,Oct,2012-10-01,12244
Africa,2012,11,Nov,2012-11-01,5397
Americas,2012,11,Nov,2012-11-01,52501
Australia,2012,11,Nov,2012-11-01,83972
Bangladesh,2012,11,Nov,2012-11-01,8922
Belgium & Luxembourg,2012,11,Nov,2012-11-01,2188
Brunei Darussalam,2012,11,Nov,2012-11-01,6194
Canada,2012,11,Nov,2012-11-01,7659
China,2012,11,Nov,2012-11-01,177112
Denmark,2012,11,Nov,2012-11-01,2290
Egypt,2012,11,Nov,2012-11-01,341
Europe,2012,11,Nov,2012-11-01,131485
Finland,2012,11,Nov,2012-11-01,2889
France,2012,11,Nov,2012-11-01,12585
Germany,2012,11,Nov,2012-11-01,20254
Greater China,2012,11,Nov,2012-11-01,235903
Hong Kong SAR,2012,11,Nov,2012-11-01,36704
India,2012,11,Nov,2012-11-01,74794
Indonesia,2012,11,Nov,2012-11-01,229432
Iran,2012,11,Nov,2012-11-01,738
Israel,2012,11,Nov,2012-11-01,1091
Italy,2012,11,Nov,2012-11-01,5298
Japan,2012,11,Nov,2012-11-01,70696
Kuwait,2012,11,Nov,2012-11-01,416
Malaysia,2012,11,Nov,2012-11-01,124008
Mauritius,2012,11,Nov,2012-11-01,1158
Myanmar,2012,11,Nov,2012-11-01,6870
Netherlands,2012,11,Nov,2012-11-01,6638
New Zealand,2012,11,Nov,2012-11-01,8550
North Asia,2012,11,Nov,2012-11-01,104935
Norway,2012,11,Nov,2012-11-01,3502
Oceania,2012,11,Nov,2012-11-01,93865
Other Markets In Africa,2012,11,Nov,2012-11-01,1668
Other Markets In Americas,2012,11,Nov,2012-11-01,4672
Other Markets In Europe,2012,11,Nov,2012-11-01,13562
Other Markets In Greater China,2012,11,Nov,2012-11-01,1864
Other Markets In North Asia,2012,11,Nov,2012-11-01,225
Other Markets In Oceania,2012,11,Nov,2012-11-01,1343
Other Markets In South Asia,2012,11,Nov,2012-11-01,1817
Other Markets In Southeast Asia,2012,11,Nov,2012-11-01,4069
Other Markets In West Asia,2012,11,Nov,2012-11-01,1652
Others,2012,11,Nov,2012-11-01,395
Pakistan,2012,11,Nov,2012-11-01,1395
Philippines,2012,11,Nov,2012-11-01,55125
Rep Of Ireland,2012,11,Nov,2012-11-01,1683
Russian Federation,2012,11,Nov,2012-11-01,6370
Saudi Arabia,2012,11,Nov,2012-11-01,1006
South Africa (Rep Of),2012,11,Nov,2012-11-01,2230
South Asia,2012,11,Nov,2012-11-01,93535
South Korea,2012,11,Nov,2012-11-01,34014
Southeast Asia,2012,11,Nov,2012-11-01,484855
Spain,2012,11,Nov,2012-11-01,3264
Sri Lanka,2012,11,Nov,2012-11-01,6607
Sweden,2012,11,Nov,2012-11-01,3875
Switzerland,2012,11,Nov,2012-11-01,7564
Taiwan,2012,11,Nov,2012-11-01,20223
Thailand,2012,11,Nov,2012-11-01,33908
Total International Visitor Arrivals By Place Of Residence,2012,11,Nov,2012-11-01,1212079
USA,2012,11,Nov,2012-11-01,40170
United Arab Emirates,2012,11,Nov,2012-11-01,4305
United Kingdom,2012,11,Nov,2012-11-01,39523
Vietnam,2012,11,Nov,2012-11-01,25249
West Asia,2012,11,Nov,2012-11-01,9208
Africa,2012,12,Dec,2012-12-01,8884
Americas,2012,12,Dec,2012-12-01,57292
Australia,2012,12,Dec,2012-12-01,103207
Bangladesh,2012,12,Dec,2012-12-01,10096
Belgium & Luxembourg,2012,12,Dec,2012-12-01,1922
Brunei Darussalam,2012,12,Dec,2012-12-01,12353
Canada,2012,12,Dec,2012-12-01,8932
China,2012,12,Dec,2012-12-01,171109
Denmark,2012,12,Dec,2012-12-01,2391
Egypt,2012,12,Dec,2012-12-01,277
Europe,2012,12,Dec,2012-12-01,131438
Finland,2012,12,Dec,2012-12-01,3668
France,2012,12,Dec,2012-12-01,11810
Germany,2012,12,Dec,2012-12-01,22338
Greater China,2012,12,Dec,2012-12-01,236886
Hong Kong SAR,2012,12,Dec,2012-12-01,42299
India,2012,12,Dec,2012-12-01,78272
Indonesia,2012,12,Dec,2012-12-01,307155
Iran,2012,12,Dec,2012-12-01,693
Israel,2012,12,Dec,2012-12-01,1035
Italy,2012,12,Dec,2012-12-01,4986
Japan,2012,12,Dec,2012-12-01,69538
Kuwait,2012,12,Dec,2012-12-01,698
Malaysia,2012,12,Dec,2012-12-01,135669
Mauritius,2012,12,Dec,2012-12-01,1271
Myanmar,2012,12,Dec,2012-12-01,8073
Netherlands,2012,12,Dec,2012-12-01,6028
New Zealand,2012,12,Dec,2012-12-01,10323
North Asia,2012,12,Dec,2012-12-01,100909
Norway,2012,12,Dec,2012-12-01,2970
Oceania,2012,12,Dec,2012-12-01,115234
Other Markets In Africa,2012,12,Dec,2012-12-01,2396
Other Markets In Americas,2012,12,Dec,2012-12-01,4573
Other Markets In Europe,2012,12,Dec,2012-12-01,13149
Other Markets In Greater China,2012,12,Dec,2012-12-01,2483
Other Markets In North Asia,2012,12,Dec,2012-12-01,139
Other Markets In Oceania,2012,12,Dec,2012-12-01,1704
Other Markets In South Asia,2012,12,Dec,2012-12-01,2331
Other Markets In Southeast Asia,2012,12,Dec,2012-12-01,3550
Other Markets In West Asia,2012,12,Dec,2012-12-01,2210
Others,2012,12,Dec,2012-12-01,684
Pakistan,2012,12,Dec,2012-12-01,1717
Philippines,2012,12,Dec,2012-12-01,58363
Rep Of Ireland,2012,12,Dec,2012-12-01,1395
Russian Federation,2012,12,Dec,2012-12-01,7303
Saudi Arabia,2012,12,Dec,2012-12-01,1100
South Africa (Rep Of),2012,12,Dec,2012-12-01,4940
South Asia,2012,12,Dec,2012-12-01,103142
South Korea,2012,12,Dec,2012-12-01,31232
Southeast Asia,2012,12,Dec,2012-12-01,593887
Spain,2012,12,Dec,2012-12-01,2415
Sri Lanka,2012,12,Dec,2012-12-01,10726
Sweden,2012,12,Dec,2012-12-01,5809
Switzerland,2012,12,Dec,2012-12-01,6923
Taiwan,2012,12,Dec,2012-12-01,20995
Thailand,2012,12,Dec,2012-12-01,40548
Total International Visitor Arrivals By Place Of Residence,2012,12,Dec,2012-12-01,1360536
USA,2012,12,Dec,2012-12-01,43787
United Arab Emirates,2012,12,Dec,2012-12-01,6444
United Kingdom,2012,12,Dec,2012-12-01,38331
Vietnam,2012,12,Dec,2012-12-01,28176
West Asia,2012,12,Dec,2012-12-01,12180
Africa,2013,1,Jan,2013-01-01,6338
Americas,2013,1,Jan,2013-01-01,61382
Australia,2013,1,Jan,2013-01-01,119592
Bangladesh,2013,1,Jan,2013-01-01,10584
Belgium & Luxembourg,2013,1,Jan,2013-01-01,2185
Brunei Darussalam,2013,1,Jan,2013-01-01,5773
Canada,2013,1,Jan,2013-01-01,9798
China,2013,1,Jan,2013-01-01,189107
Denmark,2013,1,Jan,2013-01-01,3745
Egypt,2013,1,Jan,2013-01-01,277
Europe,2013,1,Jan,2013-01-01,155741
Finland,2013,1,Jan,2013-01-01,3877
France,2013,1,Jan,2013-01-01,12798
Germany,2013,1,Jan,2013-01-01,22837
Greater China,2013,1,Jan,2013-01-01,256173
Hong Kong SAR,2013,1,Jan,2013-01-01,32438
India,2013,1,Jan,2013-01-01,71162
Indonesia,2013,1,Jan,2013-01-01,254725
Iran,2013,1,Jan,2013-01-01,675
Israel,2013,1,Jan,2013-01-01,1351
Italy,2013,1,Jan,2013-01-01,6262
Japan,2013,1,Jan,2013-01-01,62857
Kuwait,2013,1,Jan,2013-01-01,456
Malaysia,2013,1,Jan,2013-01-01,89300
Mauritius,2013,1,Jan,2013-01-01,909
Myanmar,2013,1,Jan,2013-01-01,6819
Netherlands,2013,1,Jan,2013-01-01,7153
New Zealand,2013,1,Jan,2013-01-01,11908
North Asia,2013,1,Jan,2013-01-01,116158
Norway,2013,1,Jan,2013-01-01,3382
Oceania,2013,1,Jan,2013-01-01,132869
Other Markets In Africa,2013,1,Jan,2013-01-01,1961
Other Markets In Americas,2013,1,Jan,2013-01-01,5848
Other Markets In Europe,2013,1,Jan,2013-01-01,19326
Other Markets In Greater China,2013,1,Jan,2013-01-01,1911
Other Markets In North Asia,2013,1,Jan,2013-01-01,108
Other Markets In Oceania,2013,1,Jan,2013-01-01,1369
Other Markets In South Asia,2013,1,Jan,2013-01-01,2105
Other Markets In Southeast Asia,2013,1,Jan,2013-01-01,3419
Other Markets In West Asia,2013,1,Jan,2013-01-01,1635
Others,2013,1,Jan,2013-01-01,145
Pakistan,2013,1,Jan,2013-01-01,1778
Philippines,2013,1,Jan,2013-01-01,44201
Rep Of Ireland,2013,1,Jan,2013-01-01,1631
Russian Federation,2013,1,Jan,2013-01-01,12197
Saudi Arabia,2013,1,Jan,2013-01-01,1988
South Africa (Rep Of),2013,1,Jan,2013-01-01,3191
South Asia,2013,1,Jan,2013-01-01,92370
South Korea,2013,1,Jan,2013-01-01,53193
Southeast Asia,2013,1,Jan,2013-01-01,460013
Spain,2013,1,Jan,2013-01-01,2516
Sri Lanka,2013,1,Jan,2013-01-01,6741
Sweden,2013,1,Jan,2013-01-01,6892
Switzerland,2013,1,Jan,2013-01-01,7957
Taiwan,2013,1,Jan,2013-01-01,32717
Thailand,2013,1,Jan,2013-01-01,32897
Total International Visitor Arrivals By Place Of Residence,2013,1,Jan,2013-01-01,1291718
USA,2013,1,Jan,2013-01-01,45736
United Arab Emirates,2013,1,Jan,2013-01-01,4424
United Kingdom,2013,1,Jan,2013-01-01,42983
Vietnam,2013,1,Jan,2013-01-01,22879
West Asia,2013,1,Jan,2013-01-01,10529
Africa,2013,2,Feb,2013-02-01,3659
Americas,2013,2,Feb,2013-02-01,54112
Australia,2013,2,Feb,2013-02-01,69470
Bangladesh,2013,2,Feb,2013-02-01,7379
Belgium & Luxembourg,2013,2,Feb,2013-02-01,1973
Brunei Darussalam,2013,2,Feb,2013-02-01,4427
Canada,2013,2,Feb,2013-02-01,8995
China,2013,2,Feb,2013-02-01,252958
Denmark,2013,2,Feb,2013-02-01,3673
Egypt,2013,2,Feb,2013-02-01,288
Europe,2013,2,Feb,2013-02-01,144455
Finland,2013,2,Feb,2013-02-01,3755
France,2013,2,Feb,2013-02-01,12621
Germany,2013,2,Feb,2013-02-01,23053
Greater China,2013,2,Feb,2013-02-01,342660
Hong Kong SAR,2013,2,Feb,2013-02-01,48473
India,2013,2,Feb,2013-02-01,59665
Indonesia,2013,2,Feb,2013-02-01,196059
Iran,2013,2,Feb,2013-02-01,731
Israel,2013,2,Feb,2013-02-01,1196
Italy,2013,2,Feb,2013-02-01,4309
Japan,2013,2,Feb,2013-02-01,68442
Kuwait,2013,2,Feb,2013-02-01,1302
Malaysia,2013,2,Feb,2013-02-01,91895
Mauritius,2013,2,Feb,2013-02-01,459
Myanmar,2013,2,Feb,2013-02-01,5680
Netherlands,2013,2,Feb,2013-02-01,7098
New Zealand,2013,2,Feb,2013-02-01,5735
North Asia,2013,2,Feb,2013-02-01,108731
Norway,2013,2,Feb,2013-02-01,3524
Oceania,2013,2,Feb,2013-02-01,76189
Other Markets In Africa,2013,2,Feb,2013-02-01,1306
Other Markets In Americas,2013,2,Feb,2013-02-01,4421
Other Markets In Europe,2013,2,Feb,2013-02-01,16921
Other Markets In Greater China,2013,2,Feb,2013-02-01,2142
Other Markets In North Asia,2013,2,Feb,2013-02-01,60
Other Markets In Oceania,2013,2,Feb,2013-02-01,984
Other Markets In South Asia,2013,2,Feb,2013-02-01,1468
Other Markets In Southeast Asia,2013,2,Feb,2013-02-01,3453
Other Markets In West Asia,2013,2,Feb,2013-02-01,1660
Others,2013,2,Feb,2013-02-01,326
Pakistan,2013,2,Feb,2013-02-01,1249
Philippines,2013,2,Feb,2013-02-01,44540
Rep Of Ireland,2013,2,Feb,2013-02-01,1361
Russian Federation,2013,2,Feb,2013-02-01,6482
Saudi Arabia,2013,2,Feb,2013-02-01,972
South Africa (Rep Of),2013,2,Feb,2013-02-01,1606
South Asia,2013,2,Feb,2013-02-01,76153
South Korea,2013,2,Feb,2013-02-01,40229
Southeast Asia,2013,2,Feb,2013-02-01,405346
Spain,2013,2,Feb,2013-02-01,2530
Sri Lanka,2013,2,Feb,2013-02-01,6392
Sweden,2013,2,Feb,2013-02-01,5440
Switzerland,2013,2,Feb,2013-02-01,7107
Taiwan,2013,2,Feb,2013-02-01,39087
Thailand,2013,2,Feb,2013-02-01,30311
Total International Visitor Arrivals By Place Of Residence,2013,2,Feb,2013-02-01,1221365
USA,2013,2,Feb,2013-02-01,40696
United Arab Emirates,2013,2,Feb,2013-02-01,3873
United Kingdom,2013,2,Feb,2013-02-01,44608
Vietnam,2013,2,Feb,2013-02-01,28981
West Asia,2013,2,Feb,2013-02-01,9734
Africa,2013,3,Mar,2013-03-01,5755
Americas,2013,3,Mar,2013-03-01,62006
Australia,2013,3,Mar,2013-03-01,87652
Bangladesh,2013,3,Mar,2013-03-01,9617
Belgium & Luxembourg,2013,3,Mar,2013-03-01,2712
Brunei Darussalam,2013,3,Mar,2013-03-01,8290
Canada,2013,3,Mar,2013-03-01,9635
China,2013,3,Mar,2013-03-01,205790
Denmark,2013,3,Mar,2013-03-01,3545
Egypt,2013,3,Mar,2013-03-01,289
Europe,2013,3,Mar,2013-03-01,170603
Finland,2013,3,Mar,2013-03-01,3271
France,2013,3,Mar,2013-03-01,16120
Germany,2013,3,Mar,2013-03-01,31307
Greater China,2013,3,Mar,2013-03-01,280596
Hong Kong SAR,2013,3,Mar,2013-03-01,50220
India,2013,3,Mar,2013-03-01,70480
Indonesia,2013,3,Mar,2013-03-01,259244
Iran,2013,3,Mar,2013-03-01,2223
Israel,2013,3,Mar,2013-03-01,1241
Italy,2013,3,Mar,2013-03-01,5463
Japan,2013,3,Mar,2013-03-01,87359
Kuwait,2013,3,Mar,2013-03-01,550
Malaysia,2013,3,Mar,2013-03-01,108683
Mauritius,2013,3,Mar,2013-03-01,572
Myanmar,2013,3,Mar,2013-03-01,8693
Netherlands,2013,3,Mar,2013-03-01,7476
New Zealand,2013,3,Mar,2013-03-01,7087
North Asia,2013,3,Mar,2013-03-01,124217
Norway,2013,3,Mar,2013-03-01,4885
Oceania,2013,3,Mar,2013-03-01,95912
Other Markets In Africa,2013,3,Mar,2013-03-01,1710
Other Markets In Americas,2013,3,Mar,2013-03-01,5490
Other Markets In Europe,2013,3,Mar,2013-03-01,16938
Other Markets In Greater China,2013,3,Mar,2013-03-01,1980
Other Markets In North Asia,2013,3,Mar,2013-03-01,103
Other Markets In Oceania,2013,3,Mar,2013-03-01,1173
Other Markets In South Asia,2013,3,Mar,2013-03-01,1774
Other Markets In Southeast Asia,2013,3,Mar,2013-03-01,3467
Other Markets In West Asia,2013,3,Mar,2013-03-01,2120
Others,2013,3,Mar,2013-03-01,587
Pakistan,2013,3,Mar,2013-03-01,1734
Philippines,2013,3,Mar,2013-03-01,63521
Rep Of Ireland,2013,3,Mar,2013-03-01,1856
Russian Federation,2013,3,Mar,2013-03-01,7873
Saudi Arabia,2013,3,Mar,2013-03-01,1610
South Africa (Rep Of),2013,3,Mar,2013-03-01,3184
South Asia,2013,3,Mar,2013-03-01,91079
South Korea,2013,3,Mar,2013-03-01,36755
Southeast Asia,2013,3,Mar,2013-03-01,523832
Spain,2013,3,Mar,2013-03-01,3469
Sri Lanka,2013,3,Mar,2013-03-01,7474
Sweden,2013,3,Mar,2013-03-01,5395
Switzerland,2013,3,Mar,2013-03-01,7766
Taiwan,2013,3,Mar,2013-03-01,22606
Thailand,2013,3,Mar,2013-03-01,44202
Total International Visitor Arrivals By Place Of Residence,2013,3,Mar,2013-03-01,1368891
USA,2013,3,Mar,2013-03-01,46881
United Arab Emirates,2013,3,Mar,2013-03-01,6560
United Kingdom,2013,3,Mar,2013-03-01,52527
Vietnam,2013,3,Mar,2013-03-01,27732
West Asia,2013,3,Mar,2013-03-01,14304
Africa,2013,4,Apr,2013-04-01,5056
Americas,2013,4,Apr,2013-04-01,52338
Australia,2013,4,Apr,2013-04-01,94285
Bangladesh,2013,4,Apr,2013-04-01,9832
Belgium & Luxembourg,2013,4,Apr,2013-04-01,2025
Brunei Darussalam,2013,4,Apr,2013-04-01,4486
Canada,2013,4,Apr,2013-04-01,7769
China,2013,4,Apr,2013-04-01,227870
Denmark,2013,4,Apr,2013-04-01,2149
Egypt,2013,4,Apr,2013-04-01,324
Europe,2013,4,Apr,2013-04-01,123042
Finland,2013,4,Apr,2013-04-01,2213
France,2013,4,Apr,2013-04-01,13403
Germany,2013,4,Apr,2013-04-01,18494
Greater China,2013,4,Apr,2013-04-01,293857
Hong Kong SAR,2013,4,Apr,2013-04-01,40252
India,2013,4,Apr,2013-04-01,76103
Indonesia,2013,4,Apr,2013-04-01,218602
Iran,2013,4,Apr,2013-04-01,504
Israel,2013,4,Apr,2013-04-01,1023
Italy,2013,4,Apr,2013-04-01,4011
Japan,2013,4,Apr,2013-04-01,53292
Kuwait,2013,4,Apr,2013-04-01,479
Malaysia,2013,4,Apr,2013-04-01,95414
Mauritius,2013,4,Apr,2013-04-01,738
Myanmar,2013,4,Apr,2013-04-01,13031
Netherlands,2013,4,Apr,2013-04-01,5891
New Zealand,2013,4,Apr,2013-04-01,9035
North Asia,2013,4,Apr,2013-04-01,84637
Norway,2013,4,Apr,2013-04-01,3073
Oceania,2013,4,Apr,2013-04-01,104538
Other Markets In Africa,2013,4,Apr,2013-04-01,1500
Other Markets In Americas,2013,4,Apr,2013-04-01,5661
Other Markets In Europe,2013,4,Apr,2013-04-01,12203
Other Markets In Greater China,2013,4,Apr,2013-04-01,1474
Other Markets In North Asia,2013,4,Apr,2013-04-01,49
Other Markets In Oceania,2013,4,Apr,2013-04-01,1218
Other Markets In South Asia,2013,4,Apr,2013-04-01,1610
Other Markets In Southeast Asia,2013,4,Apr,2013-04-01,6049
Other Markets In West Asia,2013,4,Apr,2013-04-01,1949
Others,2013,4,Apr,2013-04-01,59
Pakistan,2013,4,Apr,2013-04-01,1572
Philippines,2013,4,Apr,2013-04-01,73215
Rep Of Ireland,2013,4,Apr,2013-04-01,1255
Russian Federation,2013,4,Apr,2013-04-01,6499
Saudi Arabia,2013,4,Apr,2013-04-01,1089
South Africa (Rep Of),2013,4,Apr,2013-04-01,2494
South Asia,2013,4,Apr,2013-04-01,101705
South Korea,2013,4,Apr,2013-04-01,31296
Southeast Asia,2013,4,Apr,2013-04-01,497388
Spain,2013,4,Apr,2013-04-01,2508
Sri Lanka,2013,4,Apr,2013-04-01,12588
Sweden,2013,4,Apr,2013-04-01,3243
Switzerland,2013,4,Apr,2013-04-01,7455
Taiwan,2013,4,Apr,2013-04-01,24261
Thailand,2013,4,Apr,2013-04-01,54728
Total International Visitor Arrivals By Place Of Residence,2013,4,Apr,2013-04-01,1274246
USA,2013,4,Apr,2013-04-01,38908
United Arab Emirates,2013,4,Apr,2013-04-01,6582
United Kingdom,2013,4,Apr,2013-04-01,38620
Vietnam,2013,4,Apr,2013-04-01,31863
West Asia,2013,4,Apr,2013-04-01,11626
Africa,2013,5,May,2013-05-01,4506
Americas,2013,5,May,2013-05-01,47760
Australia,2013,5,May,2013-05-01,84444
Bangladesh,2013,5,May,2013-05-01,9611
Belgium & Luxembourg,2013,5,May,2013-05-01,1850
Brunei Darussalam,2013,5,May,2013-05-01,5574
Canada,2013,5,May,2013-05-01,6699
China,2013,5,May,2013-05-01,198429
Denmark,2013,5,May,2013-05-01,1691
Egypt,2013,5,May,2013-05-01,249
Europe,2013,5,May,2013-05-01,101794
Finland,2013,5,May,2013-05-01,1527
France,2013,5,May,2013-05-01,12432
Germany,2013,5,May,2013-05-01,15763
Greater China,2013,5,May,2013-05-01,263093
Hong Kong SAR,2013,5,May,2013-05-01,40898
India,2013,5,May,2013-05-01,122030
Indonesia,2013,5,May,2013-05-01,251092
Iran,2013,5,May,2013-05-01,421
Israel,2013,5,May,2013-05-01,1044
Italy,2013,5,May,2013-05-01,4407
Japan,2013,5,May,2013-05-01,55491
Kuwait,2013,5,May,2013-05-01,320
Malaysia,2013,5,May,2013-05-01,109517
Mauritius,2013,5,May,2013-05-01,500
Myanmar,2013,5,May,2013-05-01,8432
Netherlands,2013,5,May,2013-05-01,5916
New Zealand,2013,5,May,2013-05-01,10225
North Asia,2013,5,May,2013-05-01,89444
Norway,2013,5,May,2013-05-01,1904
Oceania,2013,5,May,2013-05-01,95910
Other Markets In Africa,2013,5,May,2013-05-01,1456
Other Markets In Americas,2013,5,May,2013-05-01,4152
Other Markets In Europe,2013,5,May,2013-05-01,10571
Other Markets In Greater China,2013,5,May,2013-05-01,1505
Other Markets In North Asia,2013,5,May,2013-05-01,96
Other Markets In Oceania,2013,5,May,2013-05-01,1241
Other Markets In South Asia,2013,5,May,2013-05-01,1620
Other Markets In Southeast Asia,2013,5,May,2013-05-01,4679
Other Markets In West Asia,2013,5,May,2013-05-01,1600
Others,2013,5,May,2013-05-01,96
Pakistan,2013,5,May,2013-05-01,1646
Philippines,2013,5,May,2013-05-01,76929
Rep Of Ireland,2013,5,May,2013-05-01,1264
Russian Federation,2013,5,May,2013-05-01,5566
Saudi Arabia,2013,5,May,2013-05-01,954
South Africa (Rep Of),2013,5,May,2013-05-01,2301
South Asia,2013,5,May,2013-05-01,141973
South Korea,2013,5,May,2013-05-01,33857
Southeast Asia,2013,5,May,2013-05-01,534890
Spain,2013,5,May,2013-05-01,2317
Sri Lanka,2013,5,May,2013-05-01,7066
Sweden,2013,5,May,2013-05-01,2199
Switzerland,2013,5,May,2013-05-01,6663
Taiwan,2013,5,May,2013-05-01,22261
Thailand,2013,5,May,2013-05-01,48171
Total International Visitor Arrivals By Place Of Residence,2013,5,May,2013-05-01,1288282
USA,2013,5,May,2013-05-01,36909
United Arab Emirates,2013,5,May,2013-05-01,4477
United Kingdom,2013,5,May,2013-05-01,27724
Vietnam,2013,5,May,2013-05-01,30496
West Asia,2013,5,May,2013-05-01,8816
Africa,2013,6,Jun,2013-06-01,5298
Americas,2013,6,Jun,2013-06-01,56119
Australia,2013,6,Jun,2013-06-01,91231
Bangladesh,2013,6,Jun,2013-06-01,10360
Belgium & Luxembourg,2013,6,Jun,2013-06-01,1735
Brunei Darussalam,2013,6,Jun,2013-06-01,7837
Canada,2013,6,Jun,2013-06-01,5748
China,2013,6,Jun,2013-06-01,166890
Denmark,2013,6,Jun,2013-06-01,1868
Egypt,2013,6,Jun,2013-06-01,410
Europe,2013,6,Jun,2013-06-01,94881
Finland,2013,6,Jun,2013-06-01,1620
France,2013,6,Jun,2013-06-01,9349
Germany,2013,6,Jun,2013-06-01,13453
Greater China,2013,6,Jun,2013-06-01,243393
Hong Kong SAR,2013,6,Jun,2013-06-01,43857
India,2013,6,Jun,2013-06-01,99754
Indonesia,2013,6,Jun,2013-06-01,295907
Iran,2013,6,Jun,2013-06-01,699
Israel,2013,6,Jun,2013-06-01,1215
Italy,2013,6,Jun,2013-06-01,4185
Japan,2013,6,Jun,2013-06-01,57757
Kuwait,2013,6,Jun,2013-06-01,857
Malaysia,2013,6,Jun,2013-06-01,107286
Mauritius,2013,6,Jun,2013-06-01,582
Myanmar,2013,6,Jun,2013-06-01,7718
Netherlands,2013,6,Jun,2013-06-01,5661
New Zealand,2013,6,Jun,2013-06-01,10626
North Asia,2013,6,Jun,2013-06-01,94290
Norway,2013,6,Jun,2013-06-01,2463
Oceania,2013,6,Jun,2013-06-01,103351
Other Markets In Africa,2013,6,Jun,2013-06-01,1661
Other Markets In Americas,2013,6,Jun,2013-06-01,4511
Other Markets In Europe,2013,6,Jun,2013-06-01,9776
Other Markets In Greater China,2013,6,Jun,2013-06-01,2966
Other Markets In North Asia,2013,6,Jun,2013-06-01,124
Other Markets In Oceania,2013,6,Jun,2013-06-01,1494
Other Markets In South Asia,2013,6,Jun,2013-06-01,1943
Other Markets In Southeast Asia,2013,6,Jun,2013-06-01,4179
Other Markets In West Asia,2013,6,Jun,2013-06-01,2507
Others,2013,6,Jun,2013-06-01,86
Pakistan,2013,6,Jun,2013-06-01,2770
Philippines,2013,6,Jun,2013-06-01,55868
Rep Of Ireland,2013,6,Jun,2013-06-01,1388
Russian Federation,2013,6,Jun,2013-06-01,4264
Saudi Arabia,2013,6,Jun,2013-06-01,2839
South Africa (Rep Of),2013,6,Jun,2013-06-01,2645
South Asia,2013,6,Jun,2013-06-01,121033
South Korea,2013,6,Jun,2013-06-01,36409
Southeast Asia,2013,6,Jun,2013-06-01,557007
Spain,2013,6,Jun,2013-06-01,2278
Sri Lanka,2013,6,Jun,2013-06-01,6206
Sweden,2013,6,Jun,2013-06-01,2240
Switzerland,2013,6,Jun,2013-06-01,5735
Taiwan,2013,6,Jun,2013-06-01,29680
Thailand,2013,6,Jun,2013-06-01,36018
Total International Visitor Arrivals By Place Of Residence,2013,6,Jun,2013-06-01,1288950
USA,2013,6,Jun,2013-06-01,45860
United Arab Emirates,2013,6,Jun,2013-06-01,5375
United Kingdom,2013,6,Jun,2013-06-01,28866
Vietnam,2013,6,Jun,2013-06-01,42194
West Asia,2013,6,Jun,2013-06-01,13492
Africa,2013,7,Jul,2013-07-01,5242
Americas,2013,7,Jul,2013-07-01,56981
Australia,2013,7,Jul,2013-07-01,112743
Bangladesh,2013,7,Jul,2013-07-01,11364
Belgium & Luxembourg,2013,7,Jul,2013-07-01,3049
Brunei Darussalam,2013,7,Jul,2013-07-01,5922
Canada,2013,7,Jul,2013-07-01,7401
China,2013,7,Jul,2013-07-01,248635
Denmark,2013,7,Jul,2013-07-01,3672
Egypt,2013,7,Jul,2013-07-01,224
Europe,2013,7,Jul,2013-07-01,130507
Finland,2013,7,Jul,2013-07-01,1295
France,2013,7,Jul,2013-07-01,15466
Germany,2013,7,Jul,2013-07-01,18262
Greater China,2013,7,Jul,2013-07-01,366741
Hong Kong SAR,2013,7,Jul,2013-07-01,67662
India,2013,7,Jul,2013-07-01,73550
Indonesia,2013,7,Jul,2013-07-01,260700
Iran,2013,7,Jul,2013-07-01,606
Israel,2013,7,Jul,2013-07-01,1313
Italy,2013,7,Jul,2013-07-01,5303
Japan,2013,7,Jul,2013-07-01,70113
Kuwait,2013,7,Jul,2013-07-01,475
Malaysia,2013,7,Jul,2013-07-01,93299
Mauritius,2013,7,Jul,2013-07-01,693
Myanmar,2013,7,Jul,2013-07-01,8427
Netherlands,2013,7,Jul,2013-07-01,9591
New Zealand,2013,7,Jul,2013-07-01,14813
North Asia,2013,7,Jul,2013-07-01,112139
Norway,2013,7,Jul,2013-07-01,3501
Oceania,2013,7,Jul,2013-07-01,128840
Other Markets In Africa,2013,7,Jul,2013-07-01,1797
Other Markets In Americas,2013,7,Jul,2013-07-01,4404
Other Markets In Europe,2013,7,Jul,2013-07-01,11693
Other Markets In Greater China,2013,7,Jul,2013-07-01,3154
Other Markets In North Asia,2013,7,Jul,2013-07-01,113
Other Markets In Oceania,2013,7,Jul,2013-07-01,1284
Other Markets In South Asia,2013,7,Jul,2013-07-01,1513
Other Markets In Southeast Asia,2013,7,Jul,2013-07-01,4775
Other Markets In West Asia,2013,7,Jul,2013-07-01,2362
Others,2013,7,Jul,2013-07-01,42
Pakistan,2013,7,Jul,2013-07-01,1512
Philippines,2013,7,Jul,2013-07-01,49225
Rep Of Ireland,2013,7,Jul,2013-07-01,1654
Russian Federation,2013,7,Jul,2013-07-01,4784
Saudi Arabia,2013,7,Jul,2013-07-01,935
South Africa (Rep Of),2013,7,Jul,2013-07-01,2528
South Asia,2013,7,Jul,2013-07-01,94977
South Korea,2013,7,Jul,2013-07-01,41913
Southeast Asia,2013,7,Jul,2013-07-01,512094
Spain,2013,7,Jul,2013-07-01,4024
Sri Lanka,2013,7,Jul,2013-07-01,7038
Sweden,2013,7,Jul,2013-07-01,2710
Switzerland,2013,7,Jul,2013-07-01,10154
Taiwan,2013,7,Jul,2013-07-01,47290
Thailand,2013,7,Jul,2013-07-01,41912
Total International Visitor Arrivals By Place Of Residence,2013,7,Jul,2013-07-01,1419657
USA,2013,7,Jul,2013-07-01,45176
United Arab Emirates,2013,7,Jul,2013-07-01,6403
United Kingdom,2013,7,Jul,2013-07-01,35349
Vietnam,2013,7,Jul,2013-07-01,47834
West Asia,2013,7,Jul,2013-07-01,12094
Africa,2013,8,Aug,2013-08-01,5357
Americas,2013,8,Aug,2013-08-01,49860
Australia,2013,8,Aug,2013-08-01,79221
Bangladesh,2013,8,Aug,2013-08-01,10463
Belgium & Luxembourg,2013,8,Aug,2013-08-01,2838
Brunei Darussalam,2013,8,Aug,2013-08-01,6109
Canada,2013,8,Aug,2013-08-01,7008
China,2013,8,Aug,2013-08-01,242256
Denmark,2013,8,Aug,2013-08-01,1995
Egypt,2013,8,Aug,2013-08-01,371
Europe,2013,8,Aug,2013-08-01,150069
Finland,2013,8,Aug,2013-08-01,1092
France,2013,8,Aug,2013-08-01,21876
Germany,2013,8,Aug,2013-08-01,22265
Greater China,2013,8,Aug,2013-08-01,348046
Hong Kong SAR,2013,8,Aug,2013-08-01,61337
India,2013,8,Aug,2013-08-01,66274
Indonesia,2013,8,Aug,2013-08-01,328174
Iran,2013,8,Aug,2013-08-01,961
Israel,2013,8,Aug,2013-08-01,1270
Italy,2013,8,Aug,2013-08-01,13117
Japan,2013,8,Aug,2013-08-01,92179
Kuwait,2013,8,Aug,2013-08-01,2943
Malaysia,2013,8,Aug,2013-08-01,116392
Mauritius,2013,8,Aug,2013-08-01,624
Myanmar,2013,8,Aug,2013-08-01,7020
Netherlands,2013,8,Aug,2013-08-01,8568
New Zealand,2013,8,Aug,2013-08-01,10765
North Asia,2013,8,Aug,2013-08-01,138341
Norway,2013,8,Aug,2013-08-01,2273
Oceania,2013,8,Aug,2013-08-01,91154
Other Markets In Africa,2013,8,Aug,2013-08-01,2632
Other Markets In Americas,2013,8,Aug,2013-08-01,3773
Other Markets In Europe,2013,8,Aug,2013-08-01,13495
Other Markets In Greater China,2013,8,Aug,2013-08-01,3882
Other Markets In North Asia,2013,8,Aug,2013-08-01,176
Other Markets In Oceania,2013,8,Aug,2013-08-01,1168
Other Markets In South Asia,2013,8,Aug,2013-08-01,1893
Other Markets In Southeast Asia,2013,8,Aug,2013-08-01,4062
Other Markets In West Asia,2013,8,Aug,2013-08-01,5258
Others,2013,8,Aug,2013-08-01,29
Pakistan,2013,8,Aug,2013-08-01,1956
Philippines,2013,8,Aug,2013-08-01,51817
Rep Of Ireland,2013,8,Aug,2013-08-01,1562
Russian Federation,2013,8,Aug,2013-08-01,5184
Saudi Arabia,2013,8,Aug,2013-08-01,3606
South Africa (Rep Of),2013,8,Aug,2013-08-01,1730
South Asia,2013,8,Aug,2013-08-01,90823
South Korea,2013,8,Aug,2013-08-01,45986
Southeast Asia,2013,8,Aug,2013-08-01,585102
Spain,2013,8,Aug,2013-08-01,6584
Sri Lanka,2013,8,Aug,2013-08-01,10237
Sweden,2013,8,Aug,2013-08-01,2049
Switzerland,2013,8,Aug,2013-08-01,7638
Taiwan,2013,8,Aug,2013-08-01,40571
Thailand,2013,8,Aug,2013-08-01,36548
Total International Visitor Arrivals By Place Of Residence,2013,8,Aug,2013-08-01,1483520
USA,2013,8,Aug,2013-08-01,39079
United Arab Emirates,2013,8,Aug,2013-08-01,10701
United Kingdom,2013,8,Aug,2013-08-01,39533
Vietnam,2013,8,Aug,2013-08-01,34980
West Asia,2013,8,Aug,2013-08-01,24739
Africa,2013,9,Sep,2013-09-01,5852
Americas,2013,9,Sep,2013-09-01,43109
Australia,2013,9,Sep,2013-09-01,105179
Bangladesh,2013,9,Sep,2013-09-01,9589
Belgium & Luxembourg,2013,9,Sep,2013-09-01,2051
Brunei Darussalam,2013,9,Sep,2013-09-01,4824
Canada,2013,9,Sep,2013-09-01,4937
China,2013,9,Sep,2013-09-01,179130
Denmark,2013,9,Sep,2013-09-01,1964
Egypt,2013,9,Sep,2013-09-01,316
Europe,2013,9,Sep,2013-09-01,117020
Finland,2013,9,Sep,2013-09-01,1558
France,2013,9,Sep,2013-09-01,10508
Germany,2013,9,Sep,2013-09-01,21012
Greater China,2013,9,Sep,2013-09-01,241300
Hong Kong SAR,2013,9,Sep,2013-09-01,33514
India,2013,9,Sep,2013-09-01,64556
Indonesia,2013,9,Sep,2013-09-01,218751
Iran,2013,9,Sep,2013-09-01,1431
Israel,2013,9,Sep,2013-09-01,1330
Italy,2013,9,Sep,2013-09-01,5029
Japan,2013,9,Sep,2013-09-01,73786
Kuwait,2013,9,Sep,2013-09-01,850
Malaysia,2013,9,Sep,2013-09-01,98973
Mauritius,2013,9,Sep,2013-09-01,428
Myanmar,2013,9,Sep,2013-09-01,7190
Netherlands,2013,9,Sep,2013-09-01,6272
New Zealand,2013,9,Sep,2013-09-01,11081
North Asia,2013,9,Sep,2013-09-01,109529
Norway,2013,9,Sep,2013-09-01,2250
Oceania,2013,9,Sep,2013-09-01,117498
Other Markets In Africa,2013,9,Sep,2013-09-01,2174
Other Markets In Americas,2013,9,Sep,2013-09-01,4431
Other Markets In Europe,2013,9,Sep,2013-09-01,10821
Other Markets In Greater China,2013,9,Sep,2013-09-01,1476
Other Markets In North Asia,2013,9,Sep,2013-09-01,144
Other Markets In Oceania,2013,9,Sep,2013-09-01,1238
Other Markets In South Asia,2013,9,Sep,2013-09-01,1324
Other Markets In Southeast Asia,2013,9,Sep,2013-09-01,3776
Other Markets In West Asia,2013,9,Sep,2013-09-01,2072
Others,2013,9,Sep,2013-09-01,18
Pakistan,2013,9,Sep,2013-09-01,1419
Philippines,2013,9,Sep,2013-09-01,47879
Rep Of Ireland,2013,9,Sep,2013-09-01,1298
Russian Federation,2013,9,Sep,2013-09-01,4726
Saudi Arabia,2013,9,Sep,2013-09-01,1089
South Africa (Rep Of),2013,9,Sep,2013-09-01,2934
South Asia,2013,9,Sep,2013-09-01,84032
South Korea,2013,9,Sep,2013-09-01,35599
Southeast Asia,2013,9,Sep,2013-09-01,445923
Spain,2013,9,Sep,2013-09-01,3636
Sri Lanka,2013,9,Sep,2013-09-01,7144
Sweden,2013,9,Sep,2013-09-01,1952
Switzerland,2013,9,Sep,2013-09-01,7402
Taiwan,2013,9,Sep,2013-09-01,27180
Thailand,2013,9,Sep,2013-09-01,36254
Total International Visitor Arrivals By Place Of Residence,2013,9,Sep,2013-09-01,1176142
USA,2013,9,Sep,2013-09-01,33741
United Arab Emirates,2013,9,Sep,2013-09-01,5089
United Kingdom,2013,9,Sep,2013-09-01,36541
Vietnam,2013,9,Sep,2013-09-01,28276
West Asia,2013,9,Sep,2013-09-01,11861
Africa,2013,10,Oct,2013-10-01,4917
Americas,2013,10,Oct,2013-10-01,50079
Australia,2013,10,Oct,2013-10-01,96454
Bangladesh,2013,10,Oct,2013-10-01,9843
Belgium & Luxembourg,2013,10,Oct,2013-10-01,2219
Brunei Darussalam,2013,10,Oct,2013-10-01,5879
Canada,2013,10,Oct,2013-10-01,7158
China,2013,10,Oct,2013-10-01,117955
Denmark,2013,10,Oct,2013-10-01,2877
Egypt,2013,10,Oct,2013-10-01,418
Europe,2013,10,Oct,2013-10-01,130033
Finland,2013,10,Oct,2013-10-01,2249
France,2013,10,Oct,2013-10-01,12384
Germany,2013,10,Oct,2013-10-01,21759
Greater China,2013,10,Oct,2013-10-01,180418
Hong Kong SAR,2013,10,Oct,2013-10-01,37570
India,2013,10,Oct,2013-10-01,72429
Indonesia,2013,10,Oct,2013-10-01,246115
Iran,2013,10,Oct,2013-10-01,883
Israel,2013,10,Oct,2013-10-01,1254
Italy,2013,10,Oct,2013-10-01,4550
Japan,2013,10,Oct,2013-10-01,68034
Kuwait,2013,10,Oct,2013-10-01,1108
Malaysia,2013,10,Oct,2013-10-01,98097
Mauritius,2013,10,Oct,2013-10-01,559
Myanmar,2013,10,Oct,2013-10-01,8934
Netherlands,2013,10,Oct,2013-10-01,6732
New Zealand,2013,10,Oct,2013-10-01,10359
North Asia,2013,10,Oct,2013-10-01,108282
Norway,2013,10,Oct,2013-10-01,2765
Oceania,2013,10,Oct,2013-10-01,108090
Other Markets In Africa,2013,10,Oct,2013-10-01,1827
Other Markets In Americas,2013,10,Oct,2013-10-01,5366
Other Markets In Europe,2013,10,Oct,2013-10-01,13859
Other Markets In Greater China,2013,10,Oct,2013-10-01,1647
Other Markets In North Asia,2013,10,Oct,2013-10-01,91
Other Markets In Oceania,2013,10,Oct,2013-10-01,1277
Other Markets In South Asia,2013,10,Oct,2013-10-01,2192
Other Markets In Southeast Asia,2013,10,Oct,2013-10-01,4706
Other Markets In West Asia,2013,10,Oct,2013-10-01,2658
Others,2013,10,Oct,2013-10-01,20
Pakistan,2013,10,Oct,2013-10-01,1675
Philippines,2013,10,Oct,2013-10-01,61360
Rep Of Ireland,2013,10,Oct,2013-10-01,1598
Russian Federation,2013,10,Oct,2013-10-01,6748
Saudi Arabia,2013,10,Oct,2013-10-01,2588
South Africa (Rep Of),2013,10,Oct,2013-10-01,2113
South Asia,2013,10,Oct,2013-10-01,93071
South Korea,2013,10,Oct,2013-10-01,40157
Southeast Asia,2013,10,Oct,2013-10-01,512989
Spain,2013,10,Oct,2013-10-01,3257
Sri Lanka,2013,10,Oct,2013-10-01,6932
Sweden,2013,10,Oct,2013-10-01,3491
Switzerland,2013,10,Oct,2013-10-01,9054
Taiwan,2013,10,Oct,2013-10-01,23246
Thailand,2013,10,Oct,2013-10-01,58887
Total International Visitor Arrivals By Place Of Residence,2013,10,Oct,2013-10-01,1203746
USA,2013,10,Oct,2013-10-01,37555
United Arab Emirates,2013,10,Oct,2013-10-01,7356
United Kingdom,2013,10,Oct,2013-10-01,36491
Vietnam,2013,10,Oct,2013-10-01,29011
West Asia,2013,10,Oct,2013-10-01,15847
Africa,2013,11,Nov,2013-11-01,4932
Americas,2013,11,Nov,2013-11-01,51911
Australia,2013,11,Nov,2013-11-01,78324
Bangladesh,2013,11,Nov,2013-11-01,9899
Belgium & Luxembourg,2013,11,Nov,2013-11-01,2390
Brunei Darussalam,2013,11,Nov,2013-11-01,7346
Canada,2013,11,Nov,2013-11-01,8000
China,2013,11,Nov,2013-11-01,119618
Denmark,2013,11,Nov,2013-11-01,2345
Egypt,2013,11,Nov,2013-11-01,293
Europe,2013,11,Nov,2013-11-01,135130
Finland,2013,11,Nov,2013-11-01,3280
France,2013,11,Nov,2013-11-01,11359
Germany,2013,11,Nov,2013-11-01,21213
Greater China,2013,11,Nov,2013-11-01,182352
Hong Kong SAR,2013,11,Nov,2013-11-01,38801
India,2013,11,Nov,2013-11-01,74389
Indonesia,2013,11,Nov,2013-11-01,238233
Iran,2013,11,Nov,2013-11-01,732
Israel,2013,11,Nov,2013-11-01,1175
Italy,2013,11,Nov,2013-11-01,5140
Japan,2013,11,Nov,2013-11-01,72603
Kuwait,2013,11,Nov,2013-11-01,371
Malaysia,2013,11,Nov,2013-11-01,129955
Mauritius,2013,11,Nov,2013-11-01,1150
Myanmar,2013,11,Nov,2013-11-01,7531
Netherlands,2013,11,Nov,2013-11-01,6568
New Zealand,2013,11,Nov,2013-11-01,8430
North Asia,2013,11,Nov,2013-11-01,113069
Norway,2013,11,Nov,2013-11-01,3121
Oceania,2013,11,Nov,2013-11-01,88211
Other Markets In Africa,2013,11,Nov,2013-11-01,1616
Other Markets In Americas,2013,11,Nov,2013-11-01,4291
Other Markets In Europe,2013,11,Nov,2013-11-01,15256
Other Markets In Greater China,2013,11,Nov,2013-11-01,1736
Other Markets In North Asia,2013,11,Nov,2013-11-01,78
Other Markets In Oceania,2013,11,Nov,2013-11-01,1457
Other Markets In South Asia,2013,11,Nov,2013-11-01,1626
Other Markets In Southeast Asia,2013,11,Nov,2013-11-01,4760
Other Markets In West Asia,2013,11,Nov,2013-11-01,1731
Others,2013,11,Nov,2013-11-01,18
Pakistan,2013,11,Nov,2013-11-01,1309
Philippines,2013,11,Nov,2013-11-01,55195
Rep Of Ireland,2013,11,Nov,2013-11-01,1232
Russian Federation,2013,11,Nov,2013-11-01,8376
Saudi Arabia,2013,11,Nov,2013-11-01,1007
South Africa (Rep Of),2013,11,Nov,2013-11-01,1873
South Asia,2013,11,Nov,2013-11-01,93631
South Korea,2013,11,Nov,2013-11-01,40388
Southeast Asia,2013,11,Nov,2013-11-01,505058
Spain,2013,11,Nov,2013-11-01,3338
Sri Lanka,2013,11,Nov,2013-11-01,6408
Sweden,2013,11,Nov,2013-11-01,3593
Switzerland,2013,11,Nov,2013-11-01,8549
Taiwan,2013,11,Nov,2013-11-01,22197
Thailand,2013,11,Nov,2013-11-01,34685
Total International Visitor Arrivals By Place Of Residence,2013,11,Nov,2013-11-01,1184002
USA,2013,11,Nov,2013-11-01,39620
United Arab Emirates,2013,11,Nov,2013-11-01,4674
United Kingdom,2013,11,Nov,2013-11-01,39370
Vietnam,2013,11,Nov,2013-11-01,27353
West Asia,2013,11,Nov,2013-11-01,9690
Africa,2013,12,Dec,2013-12-01,9575
Americas,2013,12,Dec,2013-12-01,55788
Australia,2013,12,Dec,2013-12-01,106584
Bangladesh,2013,12,Dec,2013-12-01,10783
Belgium & Luxembourg,2013,12,Dec,2013-12-01,2325
Brunei Darussalam,2013,12,Dec,2013-12-01,13399
Canada,2013,12,Dec,2013-12-01,9537
China,2013,12,Dec,2013-12-01,121232
Denmark,2013,12,Dec,2013-12-01,2396
Egypt,2013,12,Dec,2013-12-01,323
Europe,2013,12,Dec,2013-12-01,138066
Finland,2013,12,Dec,2013-12-01,3638
France,2013,12,Dec,2013-12-01,11697
Germany,2013,12,Dec,2013-12-01,22142
Greater China,2013,12,Dec,2013-12-01,188271
Hong Kong SAR,2013,12,Dec,2013-12-01,44788
India,2013,12,Dec,2013-12-01,83161
Indonesia,2013,12,Dec,2013-12-01,321257
Iran,2013,12,Dec,2013-12-01,1090
Israel,2013,12,Dec,2013-12-01,1167
Italy,2013,12,Dec,2013-12-01,4874
Japan,2013,12,Dec,2013-12-01,70932
Kuwait,2013,12,Dec,2013-12-01,902
Malaysia,2013,12,Dec,2013-12-01,142131
Mauritius,2013,12,Dec,2013-12-01,1332
Myanmar,2013,12,Dec,2013-12-01,9892
Netherlands,2013,12,Dec,2013-12-01,6000
New Zealand,2013,12,Dec,2013-12-01,10383
North Asia,2013,12,Dec,2013-12-01,106966
Norway,2013,12,Dec,2013-12-01,2786
Oceania,2013,12,Dec,2013-12-01,118586
Other Markets In Africa,2013,12,Dec,2013-12-01,2525
Other Markets In Americas,2013,12,Dec,2013-12-01,4466
Other Markets In Europe,2013,12,Dec,2013-12-01,14430
Other Markets In Greater China,2013,12,Dec,2013-12-01,3039
Other Markets In North Asia,2013,12,Dec,2013-12-01,48
Other Markets In Oceania,2013,12,Dec,2013-12-01,1619
Other Markets In South Asia,2013,12,Dec,2013-12-01,2376
Other Markets In Southeast Asia,2013,12,Dec,2013-12-01,4338
Other Markets In West Asia,2013,12,Dec,2013-12-01,2647
Others,2013,12,Dec,2013-12-01,7
Pakistan,2013,12,Dec,2013-12-01,1628
Philippines,2013,12,Dec,2013-12-01,64044
Rep Of Ireland,2013,12,Dec,2013-12-01,1347
Russian Federation,2013,12,Dec,2013-12-01,9435
Saudi Arabia,2013,12,Dec,2013-12-01,1219
South Africa (Rep Of),2013,12,Dec,2013-12-01,5395
South Asia,2013,12,Dec,2013-12-01,109328
South Korea,2013,12,Dec,2013-12-01,35986
Southeast Asia,2013,12,Dec,2013-12-01,626753
Spain,2013,12,Dec,2013-12-01,3050
Sri Lanka,2013,12,Dec,2013-12-01,11380
Sweden,2013,12,Dec,2013-12-01,6052
Switzerland,2013,12,Dec,2013-12-01,8900
Taiwan,2013,12,Dec,2013-12-01,19212
Thailand,2013,12,Dec,2013-12-01,42796
Total International Visitor Arrivals By Place Of Residence,2013,12,Dec,2013-12-01,1367404
USA,2013,12,Dec,2013-12-01,41785
United Arab Emirates,2013,12,Dec,2013-12-01,7039
United Kingdom,2013,12,Dec,2013-12-01,38994
Vietnam,2013,12,Dec,2013-12-01,28896
West Asia,2013,12,Dec,2013-12-01,14064
Africa,2014,1,Jan,2014-01-01,5729
Americas,2014,1,Jan,2014-01-01,60370
Australia,2014,1,Jan,2014-01-01,126119
Bangladesh,2014,1,Jan,2014-01-01,10428
Belgium & Luxembourg,2014,1,Jan,2014-01-01,2220
Brunei Darussalam,2014,1,Jan,2014-01-01,6418
Canada,2014,1,Jan,2014-01-01,10317
China,2014,1,Jan,2014-01-01,188237
Denmark,2014,1,Jan,2014-01-01,3717
Egypt,2014,1,Jan,2014-01-01,399
Europe,2014,1,Jan,2014-01-01,162551
Finland,2014,1,Jan,2014-01-01,4427
France,2014,1,Jan,2014-01-01,11966
Germany,2014,1,Jan,2014-01-01,25176
Greater China,2014,1,Jan,2014-01-01,264443
Hong Kong SAR,2014,1,Jan,2014-01-01,41909
India,2014,1,Jan,2014-01-01,65557
Indonesia,2014,1,Jan,2014-01-01,284126
Iran,2014,1,Jan,2014-01-01,898
Israel,2014,1,Jan,2014-01-01,1325
Italy,2014,1,Jan,2014-01-01,5429
Japan,2014,1,Jan,2014-01-01,59578
Kuwait,2014,1,Jan,2014-01-01,766
Malaysia,2014,1,Jan,2014-01-01,89482
Mauritius,2014,1,Jan,2014-01-01,646
Myanmar,2014,1,Jan,2014-01-01,7807
Netherlands,2014,1,Jan,2014-01-01,7640
New Zealand,2014,1,Jan,2014-01-01,11466
North Asia,2014,1,Jan,2014-01-01,119359
Norway,2014,1,Jan,2014-01-01,3435
Oceania,2014,1,Jan,2014-01-01,138986
Other Markets In Africa,2014,1,Jan,2014-01-01,1855
Other Markets In Americas,2014,1,Jan,2014-01-01,6307
Other Markets In Europe,2014,1,Jan,2014-01-01,19588
Other Markets In Greater China,2014,1,Jan,2014-01-01,2264
Other Markets In North Asia,2014,1,Jan,2014-01-01,36
Other Markets In Oceania,2014,1,Jan,2014-01-01,1401
Other Markets In South Asia,2014,1,Jan,2014-01-01,2030
Other Markets In Southeast Asia,2014,1,Jan,2014-01-01,4336
Other Markets In West Asia,2014,1,Jan,2014-01-01,2015
Others,2014,1,Jan,2014-01-01,21
Pakistan,2014,1,Jan,2014-01-01,1259
Philippines,2014,1,Jan,2014-01-01,43702
Rep Of Ireland,2014,1,Jan,2014-01-01,1514
Russian Federation,2014,1,Jan,2014-01-01,15770
Saudi Arabia,2014,1,Jan,2014-01-01,2617
South Africa (Rep Of),2014,1,Jan,2014-01-01,2829
South Asia,2014,1,Jan,2014-01-01,85714
South Korea,2014,1,Jan,2014-01-01,59745
Southeast Asia,2014,1,Jan,2014-01-01,497205
Spain,2014,1,Jan,2014-01-01,3095
Sri Lanka,2014,1,Jan,2014-01-01,6440
Sweden,2014,1,Jan,2014-01-01,6910
Switzerland,2014,1,Jan,2014-01-01,9319
Taiwan,2014,1,Jan,2014-01-01,32033
Thailand,2014,1,Jan,2014-01-01,35263
Total International Visitor Arrivals By Place Of Residence,2014,1,Jan,2014-01-01,1345842
USA,2014,1,Jan,2014-01-01,43746
United Arab Emirates,2014,1,Jan,2014-01-01,3843
United Kingdom,2014,1,Jan,2014-01-01,42345
Vietnam,2014,1,Jan,2014-01-01,26071
West Asia,2014,1,Jan,2014-01-01,11464
Africa,2014,2,Feb,2014-02-01,4238
Americas,2014,2,Feb,2014-02-01,58987
Australia,2014,2,Feb,2014-02-01,69119
Bangladesh,2014,2,Feb,2014-02-01,9343
Belgium & Luxembourg,2014,2,Feb,2014-02-01,2482
Brunei Darussalam,2014,2,Feb,2014-02-01,5076
Canada,2014,2,Feb,2014-02-01,10118
China,2014,2,Feb,2014-02-01,203600
Denmark,2014,2,Feb,2014-02-01,3860
Egypt,2014,2,Feb,2014-02-01,351
Europe,2014,2,Feb,2014-02-01,156630
Finland,2014,2,Feb,2014-02-01,4580
France,2014,2,Feb,2014-02-01,14180
Germany,2014,2,Feb,2014-02-01,25422
Greater China,2014,2,Feb,2014-02-01,287243
Hong Kong SAR,2014,2,Feb,2014-02-01,48440
India,2014,2,Feb,2014-02-01,62999
Indonesia,2014,2,Feb,2014-02-01,219036
Iran,2014,2,Feb,2014-02-01,896
Israel,2014,2,Feb,2014-02-01,1556
Italy,2014,2,Feb,2014-02-01,4944
Japan,2014,2,Feb,2014-02-01,69230
Kuwait,2014,2,Feb,2014-02-01,1471
Malaysia,2014,2,Feb,2014-02-01,91181
Mauritius,2014,2,Feb,2014-02-01,481
Myanmar,2014,2,Feb,2014-02-01,7513
Netherlands,2014,2,Feb,2014-02-01,7458
New Zealand,2014,2,Feb,2014-02-01,6893
North Asia,2014,2,Feb,2014-02-01,121222
Norway,2014,2,Feb,2014-02-01,3516
Oceania,2014,2,Feb,2014-02-01,76921
Other Markets In Africa,2014,2,Feb,2014-02-01,1677
Other Markets In Americas,2014,2,Feb,2014-02-01,4817
Other Markets In Europe,2014,2,Feb,2014-02-01,18406
Other Markets In Greater China,2014,2,Feb,2014-02-01,2329
Other Markets In North Asia,2014,2,Feb,2014-02-01,62
Other Markets In Oceania,2014,2,Feb,2014-02-01,909
Other Markets In South Asia,2014,2,Feb,2014-02-01,1722
Other Markets In Southeast Asia,2014,2,Feb,2014-02-01,4653
Other Markets In West Asia,2014,2,Feb,2014-02-01,2260
Others,2014,2,Feb,2014-02-01,22
Pakistan,2014,2,Feb,2014-02-01,1117
Philippines,2014,2,Feb,2014-02-01,44539
Rep Of Ireland,2014,2,Feb,2014-02-01,1325
Russian Federation,2014,2,Feb,2014-02-01,9154
Saudi Arabia,2014,2,Feb,2014-02-01,1322
South Africa (Rep Of),2014,2,Feb,2014-02-01,1729
South Asia,2014,2,Feb,2014-02-01,81187
South Korea,2014,2,Feb,2014-02-01,51930
Southeast Asia,2014,2,Feb,2014-02-01,440212
Spain,2014,2,Feb,2014-02-01,3022
Sri Lanka,2014,2,Feb,2014-02-01,6006
Sweden,2014,2,Feb,2014-02-01,5289
Switzerland,2014,2,Feb,2014-02-01,8994
Taiwan,2014,2,Feb,2014-02-01,32874
Thailand,2014,2,Feb,2014-02-01,35161
Total International Visitor Arrivals By Place Of Residence,2014,2,Feb,2014-02-01,1238239
USA,2014,2,Feb,2014-02-01,44052
United Arab Emirates,2014,2,Feb,2014-02-01,4072
United Kingdom,2014,2,Feb,2014-02-01,43998
Vietnam,2014,2,Feb,2014-02-01,33053
West Asia,2014,2,Feb,2014-02-01,11577
Africa,2014,3,Mar,2014-03-01,4948
Americas,2014,3,Mar,2014-03-01,66875
Australia,2014,3,Mar,2014-03-01,74578
Bangladesh,2014,3,Mar,2014-03-01,10721
Belgium & Luxembourg,2014,3,Mar,2014-03-01,2821
Brunei Darussalam,2014,3,Mar,2014-03-01,7545
Canada,2014,3,Mar,2014-03-01,10905
China,2014,3,Mar,2014-03-01,165642
Denmark,2014,3,Mar,2014-03-01,3234
Egypt,2014,3,Mar,2014-03-01,328
Europe,2014,3,Mar,2014-03-01,168535
Finland,2014,3,Mar,2014-03-01,3449
France,2014,3,Mar,2014-03-01,15735
Germany,2014,3,Mar,2014-03-01,30806
Greater China,2014,3,Mar,2014-03-01,232681
Hong Kong SAR,2014,3,Mar,2014-03-01,43218
India,2014,3,Mar,2014-03-01,70488
Indonesia,2014,3,Mar,2014-03-01,246308
Iran,2014,3,Mar,2014-03-01,3433
Israel,2014,3,Mar,2014-03-01,1320
Italy,2014,3,Mar,2014-03-01,5940
Japan,2014,3,Mar,2014-03-01,85946
Kuwait,2014,3,Mar,2014-03-01,587
Malaysia,2014,3,Mar,2014-03-01,107002
Mauritius,2014,3,Mar,2014-03-01,478
Myanmar,2014,3,Mar,2014-03-01,9789
Netherlands,2014,3,Mar,2014-03-01,7969
New Zealand,2014,3,Mar,2014-03-01,6872
North Asia,2014,3,Mar,2014-03-01,127048
Norway,2014,3,Mar,2014-03-01,3397
Oceania,2014,3,Mar,2014-03-01,82577
Other Markets In Africa,2014,3,Mar,2014-03-01,1862
Other Markets In Americas,2014,3,Mar,2014-03-01,6241
Other Markets In Europe,2014,3,Mar,2014-03-01,17589
Other Markets In Greater China,2014,3,Mar,2014-03-01,1706
Other Markets In North Asia,2014,3,Mar,2014-03-01,107
Other Markets In Oceania,2014,3,Mar,2014-03-01,1127
Other Markets In South Asia,2014,3,Mar,2014-03-01,1795
Other Markets In Southeast Asia,2014,3,Mar,2014-03-01,3821
Other Markets In West Asia,2014,3,Mar,2014-03-01,1951
Others,2014,3,Mar,2014-03-01,14
Pakistan,2014,3,Mar,2014-03-01,1570
Philippines,2014,3,Mar,2014-03-01,57050
Rep Of Ireland,2014,3,Mar,2014-03-01,1464
Russian Federation,2014,3,Mar,2014-03-01,9563
Saudi Arabia,2014,3,Mar,2014-03-01,2037
South Africa (Rep Of),2014,3,Mar,2014-03-01,2280
South Asia,2014,3,Mar,2014-03-01,90346
South Korea,2014,3,Mar,2014-03-01,40995
Southeast Asia,2014,3,Mar,2014-03-01,508913
Spain,2014,3,Mar,2014-03-01,3444
Sri Lanka,2014,3,Mar,2014-03-01,5772
Sweden,2014,3,Mar,2014-03-01,4821
Switzerland,2014,3,Mar,2014-03-01,8829
Taiwan,2014,3,Mar,2014-03-01,22115
Thailand,2014,3,Mar,2014-03-01,46338
Total International Visitor Arrivals By Place Of Residence,2014,3,Mar,2014-03-01,1297551
USA,2014,3,Mar,2014-03-01,49729
United Arab Emirates,2014,3,Mar,2014-03-01,6286
United Kingdom,2014,3,Mar,2014-03-01,49474
Vietnam,2014,3,Mar,2014-03-01,31060
West Asia,2014,3,Mar,2014-03-01,15614
Africa,2014,4,Apr,2014-04-01,6291
Americas,2014,4,Apr,2014-04-01,48811
Australia,2014,4,Apr,2014-04-01,99811
Bangladesh,2014,4,Apr,2014-04-01,9817
Belgium & Luxembourg,2014,4,Apr,2014-04-01,2664
Brunei Darussalam,2014,4,Apr,2014-04-01,4741
Canada,2014,4,Apr,2014-04-01,6861
China,2014,4,Apr,2014-04-01,126507
Denmark,2014,4,Apr,2014-04-01,2649
Egypt,2014,4,Apr,2014-04-01,333
Europe,2014,4,Apr,2014-04-01,140349
Finland,2014,4,Apr,2014-04-01,2305
France,2014,4,Apr,2014-04-01,13643
Germany,2014,4,Apr,2014-04-01,22125
Greater China,2014,4,Apr,2014-04-01,224305
Hong Kong SAR,2014,4,Apr,2014-04-01,69675
India,2014,4,Apr,2014-04-01,79536
Indonesia,2014,4,Apr,2014-04-01,230236
Iran,2014,4,Apr,2014-04-01,577
Israel,2014,4,Apr,2014-04-01,1273
Italy,2014,4,Apr,2014-04-01,4684
Japan,2014,4,Apr,2014-04-01,50751
Kuwait,2014,4,Apr,2014-04-01,448
Malaysia,2014,4,Apr,2014-04-01,94982
Mauritius,2014,4,Apr,2014-04-01,748
Myanmar,2014,4,Apr,2014-04-01,15255
Netherlands,2014,4,Apr,2014-04-01,6517
New Zealand,2014,4,Apr,2014-04-01,9520
North Asia,2014,4,Apr,2014-04-01,87061
Norway,2014,4,Apr,2014-04-01,3938
Oceania,2014,4,Apr,2014-04-01,110478
Other Markets In Africa,2014,4,Apr,2014-04-01,1846
Other Markets In Americas,2014,4,Apr,2014-04-01,5356
Other Markets In Europe,2014,4,Apr,2014-04-01,12747
Other Markets In Greater China,2014,4,Apr,2014-04-01,2258
Other Markets In North Asia,2014,4,Apr,2014-04-01,63
Other Markets In Oceania,2014,4,Apr,2014-04-01,1147
Other Markets In South Asia,2014,4,Apr,2014-04-01,2052
Other Markets In Southeast Asia,2014,4,Apr,2014-04-01,6759
Other Markets In West Asia,2014,4,Apr,2014-04-01,2155
Others,2014,4,Apr,2014-04-01,6
Pakistan,2014,4,Apr,2014-04-01,1225
Philippines,2014,4,Apr,2014-04-01,73558
Rep Of Ireland,2014,4,Apr,2014-04-01,1278
Russian Federation,2014,4,Apr,2014-04-01,6996
Saudi Arabia,2014,4,Apr,2014-04-01,1379
South Africa (Rep Of),2014,4,Apr,2014-04-01,3364
South Asia,2014,4,Apr,2014-04-01,103761
South Korea,2014,4,Apr,2014-04-01,36247
Southeast Asia,2014,4,Apr,2014-04-01,511901
Spain,2014,4,Apr,2014-04-01,3394
Sri Lanka,2014,4,Apr,2014-04-01,11131
Sweden,2014,4,Apr,2014-04-01,3676
Switzerland,2014,4,Apr,2014-04-01,10025
Taiwan,2014,4,Apr,2014-04-01,25865
Thailand,2014,4,Apr,2014-04-01,56136
Total International Visitor Arrivals By Place Of Residence,2014,4,Apr,2014-04-01,1245307
USA,2014,4,Apr,2014-04-01,36594
United Arab Emirates,2014,4,Apr,2014-04-01,6512
United Kingdom,2014,4,Apr,2014-04-01,43708
Vietnam,2014,4,Apr,2014-04-01,30234
West Asia,2014,4,Apr,2014-04-01,12344
Africa,2014,5,May,2014-05-01,4305
Americas,2014,5,May,2014-05-01,46359
Australia,2014,5,May,2014-05-01,78280
Bangladesh,2014,5,May,2014-05-01,9853
Belgium & Luxembourg,2014,5,May,2014-05-01,1792
Brunei Darussalam,2014,5,May,2014-05-01,6254
Canada,2014,5,May,2014-05-01,6803
China,2014,5,May,2014-05-01,95987
Denmark,2014,5,May,2014-05-01,1624
Egypt,2014,5,May,2014-05-01,322
Europe,2014,5,May,2014-05-01,100622
Finland,2014,5,May,2014-05-01,1495
France,2014,5,May,2014-05-01,11980
Germany,2014,5,May,2014-05-01,15425
Greater China,2014,5,May,2014-05-01,172254
Hong Kong SAR,2014,5,May,2014-05-01,47859
India,2014,5,May,2014-05-01,118953
Indonesia,2014,5,May,2014-05-01,267714
Iran,2014,5,May,2014-05-01,443
Israel,2014,5,May,2014-05-01,1075
Italy,2014,5,May,2014-05-01,3712
Japan,2014,5,May,2014-05-01,54173
Kuwait,2014,5,May,2014-05-01,390
Malaysia,2014,5,May,2014-05-01,100648
Mauritius,2014,5,May,2014-05-01,390
Myanmar,2014,5,May,2014-05-01,9538
Netherlands,2014,5,May,2014-05-01,5888
New Zealand,2014,5,May,2014-05-01,10812
North Asia,2014,5,May,2014-05-01,96160
Norway,2014,5,May,2014-05-01,1854
Oceania,2014,5,May,2014-05-01,90197
Other Markets In Africa,2014,5,May,2014-05-01,1681
Other Markets In Americas,2014,5,May,2014-05-01,4201
Other Markets In Europe,2014,5,May,2014-05-01,10542
Other Markets In Greater China,2014,5,May,2014-05-01,1709
Other Markets In North Asia,2014,5,May,2014-05-01,41
Other Markets In Oceania,2014,5,May,2014-05-01,1105
Other Markets In South Asia,2014,5,May,2014-05-01,1762
Other Markets In Southeast Asia,2014,5,May,2014-05-01,5412
Other Markets In West Asia,2014,5,May,2014-05-01,1779
Others,2014,5,May,2014-05-01,9
Pakistan,2014,5,May,2014-05-01,1357
Philippines,2014,5,May,2014-05-01,76976
Rep Of Ireland,2014,5,May,2014-05-01,1113
Russian Federation,2014,5,May,2014-05-01,5746
Saudi Arabia,2014,5,May,2014-05-01,1556
South Africa (Rep Of),2014,5,May,2014-05-01,1912
South Asia,2014,5,May,2014-05-01,138919
South Korea,2014,5,May,2014-05-01,41946
Southeast Asia,2014,5,May,2014-05-01,549855
Spain,2014,5,May,2014-05-01,2657
Sri Lanka,2014,5,May,2014-05-01,6994
Sweden,2014,5,May,2014-05-01,2417
Switzerland,2014,5,May,2014-05-01,6710
Taiwan,2014,5,May,2014-05-01,26699
Thailand,2014,5,May,2014-05-01,46683
Total International Visitor Arrivals By Place Of Residence,2014,5,May,2014-05-01,1208532
USA,2014,5,May,2014-05-01,35355
United Arab Emirates,2014,5,May,2014-05-01,4609
United Kingdom,2014,5,May,2014-05-01,27667
Vietnam,2014,5,May,2014-05-01,36630
West Asia,2014,5,May,2014-05-01,9852
Africa,2014,6,Jun,2014-06-01,4382
Americas,2014,6,Jun,2014-06-01,50633
Australia,2014,6,Jun,2014-06-01,81558
Bangladesh,2014,6,Jun,2014-06-01,11100
Belgium & Luxembourg,2014,6,Jun,2014-06-01,1654
Brunei Darussalam,2014,6,Jun,2014-06-01,7393
Canada,2014,6,Jun,2014-06-01,5516
China,2014,6,Jun,2014-06-01,91485
Denmark,2014,6,Jun,2014-06-01,1653
Egypt,2014,6,Jun,2014-06-01,307
Europe,2014,6,Jun,2014-06-01,88947
Finland,2014,6,Jun,2014-06-01,1532
France,2014,6,Jun,2014-06-01,9288
Germany,2014,6,Jun,2014-06-01,13270
Greater China,2014,6,Jun,2014-06-01,167167
Hong Kong SAR,2014,6,Jun,2014-06-01,47182
India,2014,6,Jun,2014-06-01,94738
Indonesia,2014,6,Jun,2014-06-01,278181
Iran,2014,6,Jun,2014-06-01,685
Israel,2014,6,Jun,2014-06-01,1193
Italy,2014,6,Jun,2014-06-01,3674
Japan,2014,6,Jun,2014-06-01,56044
Kuwait,2014,6,Jun,2014-06-01,769
Malaysia,2014,6,Jun,2014-06-01,108945
Mauritius,2014,6,Jun,2014-06-01,525
Myanmar,2014,6,Jun,2014-06-01,9530
Netherlands,2014,6,Jun,2014-06-01,4962
New Zealand,2014,6,Jun,2014-06-01,10922
North Asia,2014,6,Jun,2014-06-01,93685
Norway,2014,6,Jun,2014-06-01,2093
Oceania,2014,6,Jun,2014-06-01,93721
Other Markets In Africa,2014,6,Jun,2014-06-01,1750
Other Markets In Americas,2014,6,Jun,2014-06-01,3508
Other Markets In Europe,2014,6,Jun,2014-06-01,9326
Other Markets In Greater China,2014,6,Jun,2014-06-01,2693
Other Markets In North Asia,2014,6,Jun,2014-06-01,52
Other Markets In Oceania,2014,6,Jun,2014-06-01,1241
Other Markets In South Asia,2014,6,Jun,2014-06-01,2238
Other Markets In Southeast Asia,2014,6,Jun,2014-06-01,4353
Other Markets In West Asia,2014,6,Jun,2014-06-01,2400
Others,2014,6,Jun,2014-06-01,7
Pakistan,2014,6,Jun,2014-06-01,2799
Philippines,2014,6,Jun,2014-06-01,56224
Rep Of Ireland,2014,6,Jun,2014-06-01,1357
Russian Federation,2014,6,Jun,2014-06-01,4874
Saudi Arabia,2014,6,Jun,2014-06-01,2205
South Africa (Rep Of),2014,6,Jun,2014-06-01,1800
South Asia,2014,6,Jun,2014-06-01,117244
South Korea,2014,6,Jun,2014-06-01,37589
Southeast Asia,2014,6,Jun,2014-06-01,552708
Spain,2014,6,Jun,2014-06-01,2515
Sri Lanka,2014,6,Jun,2014-06-01,6369
Sweden,2014,6,Jun,2014-06-01,2160
Switzerland,2014,6,Jun,2014-06-01,5454
Taiwan,2014,6,Jun,2014-06-01,25807
Thailand,2014,6,Jun,2014-06-01,39083
Total International Visitor Arrivals By Place Of Residence,2014,6,Jun,2014-06-01,1181422
USA,2014,6,Jun,2014-06-01,41609
United Arab Emirates,2014,6,Jun,2014-06-01,5676
United Kingdom,2014,6,Jun,2014-06-01,25135
Vietnam,2014,6,Jun,2014-06-01,48999
West Asia,2014,6,Jun,2014-06-01,12928
Africa,2014,7,Jul,2014-07-01,5435
Americas,2014,7,Jul,2014-07-01,54556
Australia,2014,7,Jul,2014-07-01,106641
Bangladesh,2014,7,Jul,2014-07-01,10108
Belgium & Luxembourg,2014,7,Jul,2014-07-01,2987
Brunei Darussalam,2014,7,Jul,2014-07-01,6305
Canada,2014,7,Jul,2014-07-01,7052
China,2014,7,Jul,2014-07-01,180653
Denmark,2014,7,Jul,2014-07-01,3293
Egypt,2014,7,Jul,2014-07-01,214
Europe,2014,7,Jul,2014-07-01,124542
Finland,2014,7,Jul,2014-07-01,1266
France,2014,7,Jul,2014-07-01,14405
Germany,2014,7,Jul,2014-07-01,17014
Greater China,2014,7,Jul,2014-07-01,309197
Hong Kong SAR,2014,7,Jul,2014-07-01,80808
India,2014,7,Jul,2014-07-01,72724
Indonesia,2014,7,Jul,2014-07-01,296880
Iran,2014,7,Jul,2014-07-01,844
Israel,2014,7,Jul,2014-07-01,1065
Italy,2014,7,Jul,2014-07-01,5153
Japan,2014,7,Jul,2014-07-01,69419
Kuwait,2014,7,Jul,2014-07-01,1208
Malaysia,2014,7,Jul,2014-07-01,101461
Mauritius,2014,7,Jul,2014-07-01,708
Myanmar,2014,7,Jul,2014-07-01,9345
Netherlands,2014,7,Jul,2014-07-01,8089
New Zealand,2014,7,Jul,2014-07-01,14075
North Asia,2014,7,Jul,2014-07-01,116155
Norway,2014,7,Jul,2014-07-01,3328
Oceania,2014,7,Jul,2014-07-01,121954
Other Markets In Africa,2014,7,Jul,2014-07-01,2065
Other Markets In Americas,2014,7,Jul,2014-07-01,3996
Other Markets In Europe,2014,7,Jul,2014-07-01,12671
Other Markets In Greater China,2014,7,Jul,2014-07-01,3507
Other Markets In North Asia,2014,7,Jul,2014-07-01,70
Other Markets In Oceania,2014,7,Jul,2014-07-01,1238
Other Markets In South Asia,2014,7,Jul,2014-07-01,1912
Other Markets In Southeast Asia,2014,7,Jul,2014-07-01,5061
Other Markets In West Asia,2014,7,Jul,2014-07-01,3017
Others,2014,7,Jul,2014-07-01,0
Pakistan,2014,7,Jul,2014-07-01,1374
Philippines,2014,7,Jul,2014-07-01,49506
Rep Of Ireland,2014,7,Jul,2014-07-01,1734
Russian Federation,2014,7,Jul,2014-07-01,5280
Saudi Arabia,2014,7,Jul,2014-07-01,1760
South Africa (Rep Of),2014,7,Jul,2014-07-01,2448
South Asia,2014,7,Jul,2014-07-01,91829
South Korea,2014,7,Jul,2014-07-01,46666
Southeast Asia,2014,7,Jul,2014-07-01,568294
Spain,2014,7,Jul,2014-07-01,4047
Sri Lanka,2014,7,Jul,2014-07-01,5711
Sweden,2014,7,Jul,2014-07-01,2716
Switzerland,2014,7,Jul,2014-07-01,10503
Taiwan,2014,7,Jul,2014-07-01,44229
Thailand,2014,7,Jul,2014-07-01,43785
Total International Visitor Arrivals By Place Of Residence,2014,7,Jul,2014-07-01,1408400
USA,2014,7,Jul,2014-07-01,43508
United Arab Emirates,2014,7,Jul,2014-07-01,8544
United Kingdom,2014,7,Jul,2014-07-01,32056
Vietnam,2014,7,Jul,2014-07-01,55951
West Asia,2014,7,Jul,2014-07-01,16438
Africa,2014,8,Aug,2014-08-01,6468
Americas,2014,8,Aug,2014-08-01,47977
Australia,2014,8,Aug,2014-08-01,82448
Bangladesh,2014,8,Aug,2014-08-01,11690
Belgium & Luxembourg,2014,8,Aug,2014-08-01,2946
Brunei Darussalam,2014,8,Aug,2014-08-01,5079
Canada,2014,8,Aug,2014-08-01,6641
China,2014,8,Aug,2014-08-01,174150
Denmark,2014,8,Aug,2014-08-01,2052
Egypt,2014,8,Aug,2014-08-01,448
Europe,2014,8,Aug,2014-08-01,153482
Finland,2014,8,Aug,2014-08-01,1108
France,2014,8,Aug,2014-08-01,20541
Germany,2014,8,Aug,2014-08-01,24544
Greater China,2014,8,Aug,2014-08-01,305291
Hong Kong SAR,2014,8,Aug,2014-08-01,87173
India,2014,8,Aug,2014-08-01,69960
Indonesia,2014,8,Aug,2014-08-01,234710
Iran,2014,8,Aug,2014-08-01,892
Israel,2014,8,Aug,2014-08-01,1166
Italy,2014,8,Aug,2014-08-01,13280
Japan,2014,8,Aug,2014-08-01,95248
Kuwait,2014,8,Aug,2014-08-01,2784
Malaysia,2014,8,Aug,2014-08-01,93222
Mauritius,2014,8,Aug,2014-08-01,655
Myanmar,2014,8,Aug,2014-08-01,8903
Netherlands,2014,8,Aug,2014-08-01,8541
New Zealand,2014,8,Aug,2014-08-01,10939
North Asia,2014,8,Aug,2014-08-01,151961
Norway,2014,8,Aug,2014-08-01,2040
Oceania,2014,8,Aug,2014-08-01,94518
Other Markets In Africa,2014,8,Aug,2014-08-01,3328
Other Markets In Americas,2014,8,Aug,2014-08-01,3269
Other Markets In Europe,2014,8,Aug,2014-08-01,14539
Other Markets In Greater China,2014,8,Aug,2014-08-01,5546
Other Markets In North Asia,2014,8,Aug,2014-08-01,90
Other Markets In Oceania,2014,8,Aug,2014-08-01,1131
Other Markets In South Asia,2014,8,Aug,2014-08-01,2156
Other Markets In Southeast Asia,2014,8,Aug,2014-08-01,4653
Other Markets In West Asia,2014,8,Aug,2014-08-01,5573
Others,2014,8,Aug,2014-08-01,0
Pakistan,2014,8,Aug,2014-08-01,1951
Philippines,2014,8,Aug,2014-08-01,51074
Rep Of Ireland,2014,8,Aug,2014-08-01,1429
Russian Federation,2014,8,Aug,2014-08-01,6129
Saudi Arabia,2014,8,Aug,2014-08-01,5290
South Africa (Rep Of),2014,8,Aug,2014-08-01,2037
South Asia,2014,8,Aug,2014-08-01,95406
South Korea,2014,8,Aug,2014-08-01,56623
Southeast Asia,2014,8,Aug,2014-08-01,480265
Spain,2014,8,Aug,2014-08-01,7295
Sri Lanka,2014,8,Aug,2014-08-01,9649
Sweden,2014,8,Aug,2014-08-01,1841
Switzerland,2014,8,Aug,2014-08-01,8837
Taiwan,2014,8,Aug,2014-08-01,38422
Thailand,2014,8,Aug,2014-08-01,40849
Total International Visitor Arrivals By Place Of Residence,2014,8,Aug,2014-08-01,1362935
USA,2014,8,Aug,2014-08-01,38067
United Arab Emirates,2014,8,Aug,2014-08-01,11862
United Kingdom,2014,8,Aug,2014-08-01,38360
Vietnam,2014,8,Aug,2014-08-01,41775
West Asia,2014,8,Aug,2014-08-01,27567
Africa,2014,9,Sep,2014-09-01,4846
Americas,2014,9,Sep,2014-09-01,42437
Australia,2014,9,Sep,2014-09-01,97642
Bangladesh,2014,9,Sep,2014-09-01,9486
Belgium & Luxembourg,2014,9,Sep,2014-09-01,2233
Brunei Darussalam,2014,9,Sep,2014-09-01,5601
Canada,2014,9,Sep,2014-09-01,5022
China,2014,9,Sep,2014-09-01,105780
Denmark,2014,9,Sep,2014-09-01,2199
Egypt,2014,9,Sep,2014-09-01,399
Europe,2014,9,Sep,2014-09-01,120902
Finland,2014,9,Sep,2014-09-01,1759
France,2014,9,Sep,2014-09-01,10323
Germany,2014,9,Sep,2014-09-01,22156
Greater China,2014,9,Sep,2014-09-01,173014
Hong Kong SAR,2014,9,Sep,2014-09-01,39931
India,2014,9,Sep,2014-09-01,65751
Indonesia,2014,9,Sep,2014-09-01,206593
Iran,2014,9,Sep,2014-09-01,1254
Israel,2014,9,Sep,2014-09-01,1134
Italy,2014,9,Sep,2014-09-01,5164
Japan,2014,9,Sep,2014-09-01,74408
Kuwait,2014,9,Sep,2014-09-01,532
Malaysia,2014,9,Sep,2014-09-01,99339
Mauritius,2014,9,Sep,2014-09-01,475
Myanmar,2014,9,Sep,2014-09-01,8294
Netherlands,2014,9,Sep,2014-09-01,6027
New Zealand,2014,9,Sep,2014-09-01,10593
North Asia,2014,9,Sep,2014-09-01,113725
Norway,2014,9,Sep,2014-09-01,2132
Oceania,2014,9,Sep,2014-09-01,109434
Other Markets In Africa,2014,9,Sep,2014-09-01,1618
Other Markets In Americas,2014,9,Sep,2014-09-01,4362
Other Markets In Europe,2014,9,Sep,2014-09-01,12431
Other Markets In Greater China,2014,9,Sep,2014-09-01,1930
Other Markets In North Asia,2014,9,Sep,2014-09-01,41
Other Markets In Oceania,2014,9,Sep,2014-09-01,1199
Other Markets In South Asia,2014,9,Sep,2014-09-01,2091
Other Markets In Southeast Asia,2014,9,Sep,2014-09-01,5172
Other Markets In West Asia,2014,9,Sep,2014-09-01,1718
Others,2014,9,Sep,2014-09-01,1
Pakistan,2014,9,Sep,2014-09-01,1115
Philippines,2014,9,Sep,2014-09-01,47246
Rep Of Ireland,2014,9,Sep,2014-09-01,1281
Russian Federation,2014,9,Sep,2014-09-01,5384
Saudi Arabia,2014,9,Sep,2014-09-01,2311
South Africa (Rep Of),2014,9,Sep,2014-09-01,2354
South Asia,2014,9,Sep,2014-09-01,85979
South Korea,2014,9,Sep,2014-09-01,39276
Southeast Asia,2014,9,Sep,2014-09-01,436327
Spain,2014,9,Sep,2014-09-01,4153
Sri Lanka,2014,9,Sep,2014-09-01,7536
Sweden,2014,9,Sep,2014-09-01,2034
Switzerland,2014,9,Sep,2014-09-01,7645
Taiwan,2014,9,Sep,2014-09-01,25373
Thailand,2014,9,Sep,2014-09-01,35122
Total International Visitor Arrivals By Place Of Residence,2014,9,Sep,2014-09-01,1098626
USA,2014,9,Sep,2014-09-01,33053
United Arab Emirates,2014,9,Sep,2014-09-01,5012
United Kingdom,2014,9,Sep,2014-09-01,35981
Vietnam,2014,9,Sep,2014-09-01,28960
West Asia,2014,9,Sep,2014-09-01,11961
Africa,2014,10,Oct,2014-10-01,4191
Americas,2014,10,Oct,2014-10-01,47969
Australia,2014,10,Oct,2014-10-01,87565
Bangladesh,2014,10,Oct,2014-10-01,10722
Belgium & Luxembourg,2014,10,Oct,2014-10-01,2029
Brunei Darussalam,2014,10,Oct,2014-10-01,5440
Canada,2014,10,Oct,2014-10-01,6696
China,2014,10,Oct,2014-10-01,133993
Denmark,2014,10,Oct,2014-10-01,2754
Egypt,2014,10,Oct,2014-10-01,406
Europe,2014,10,Oct,2014-10-01,129264
Finland,2014,10,Oct,2014-10-01,2522
France,2014,10,Oct,2014-10-01,12351
Germany,2014,10,Oct,2014-10-01,21905
Greater China,2014,10,Oct,2014-10-01,200246
Hong Kong SAR,2014,10,Oct,2014-10-01,40146
India,2014,10,Oct,2014-10-01,88855
Indonesia,2014,10,Oct,2014-10-01,226630
Iran,2014,10,Oct,2014-10-01,756
Israel,2014,10,Oct,2014-10-01,1441
Italy,2014,10,Oct,2014-10-01,4389
Japan,2014,10,Oct,2014-10-01,68609
Kuwait,2014,10,Oct,2014-10-01,896
Malaysia,2014,10,Oct,2014-10-01,97184
Mauritius,2014,10,Oct,2014-10-01,475
Myanmar,2014,10,Oct,2014-10-01,8958
Netherlands,2014,10,Oct,2014-10-01,6051
New Zealand,2014,10,Oct,2014-10-01,9146
North Asia,2014,10,Oct,2014-10-01,113472
Norway,2014,10,Oct,2014-10-01,2328
Oceania,2014,10,Oct,2014-10-01,97886
Other Markets In Africa,2014,10,Oct,2014-10-01,1457
Other Markets In Americas,2014,10,Oct,2014-10-01,4967
Other Markets In Europe,2014,10,Oct,2014-10-01,13755
Other Markets In Greater China,2014,10,Oct,2014-10-01,1910
Other Markets In North Asia,2014,10,Oct,2014-10-01,53
Other Markets In Oceania,2014,10,Oct,2014-10-01,1175
Other Markets In South Asia,2014,10,Oct,2014-10-01,2632
Other Markets In Southeast Asia,2014,10,Oct,2014-10-01,3787
Other Markets In West Asia,2014,10,Oct,2014-10-01,2752
Others,2014,10,Oct,2014-10-01,205
Pakistan,2014,10,Oct,2014-10-01,1161
Philippines,2014,10,Oct,2014-10-01,58572
Rep Of Ireland,2014,10,Oct,2014-10-01,1353
Russian Federation,2014,10,Oct,2014-10-01,6507
Saudi Arabia,2014,10,Oct,2014-10-01,2349
South Africa (Rep Of),2014,10,Oct,2014-10-01,1853
South Asia,2014,10,Oct,2014-10-01,110357
South Korea,2014,10,Oct,2014-10-01,44810
Southeast Asia,2014,10,Oct,2014-10-01,485039
Spain,2014,10,Oct,2014-10-01,3488
Sri Lanka,2014,10,Oct,2014-10-01,6987
Sweden,2014,10,Oct,2014-10-01,3331
Switzerland,2014,10,Oct,2014-10-01,9515
Taiwan,2014,10,Oct,2014-10-01,24197
Thailand,2014,10,Oct,2014-10-01,53916
Total International Visitor Arrivals By Place Of Residence,2014,10,Oct,2014-10-01,1203527
USA,2014,10,Oct,2014-10-01,36306
United Arab Emirates,2014,10,Oct,2014-10-01,6704
United Kingdom,2014,10,Oct,2014-10-01,36986
Vietnam,2014,10,Oct,2014-10-01,30552
West Asia,2014,10,Oct,2014-10-01,14898
Africa,2014,11,Nov,2014-11-01,5507
Americas,2014,11,Nov,2014-11-01,52340
Australia,2014,11,Nov,2014-11-01,73262
Bangladesh,2014,11,Nov,2014-11-01,10027
Belgium & Luxembourg,2014,11,Nov,2014-11-01,2546
Brunei Darussalam,2014,11,Nov,2014-11-01,5806
Canada,2014,11,Nov,2014-11-01,7662
China,2014,11,Nov,2014-11-01,131731
Denmark,2014,11,Nov,2014-11-01,2372
Egypt,2014,11,Nov,2014-11-01,397
Europe,2014,11,Nov,2014-11-01,134238
Finland,2014,11,Nov,2014-11-01,3054
France,2014,11,Nov,2014-11-01,11762
Germany,2014,11,Nov,2014-11-01,21514
Greater China,2014,11,Nov,2014-11-01,194072
Hong Kong SAR,2014,11,Nov,2014-11-01,39019
India,2014,11,Nov,2014-11-01,71555
Indonesia,2014,11,Nov,2014-11-01,219369
Iran,2014,11,Nov,2014-11-01,758
Israel,2014,11,Nov,2014-11-01,1602
Italy,2014,11,Nov,2014-11-01,5559
Japan,2014,11,Nov,2014-11-01,69415
Kuwait,2014,11,Nov,2014-11-01,404
Malaysia,2014,11,Nov,2014-11-01,106313
Mauritius,2014,11,Nov,2014-11-01,1024
Myanmar,2014,11,Nov,2014-11-01,7973
Netherlands,2014,11,Nov,2014-11-01,6447
New Zealand,2014,11,Nov,2014-11-01,7435
North Asia,2014,11,Nov,2014-11-01,109720
Norway,2014,11,Nov,2014-11-01,2689
Oceania,2014,11,Nov,2014-11-01,81969
Other Markets In Africa,2014,11,Nov,2014-11-01,1776
Other Markets In Americas,2014,11,Nov,2014-11-01,4973
Other Markets In Europe,2014,11,Nov,2014-11-01,15529
Other Markets In Greater China,2014,11,Nov,2014-11-01,2082
Other Markets In North Asia,2014,11,Nov,2014-11-01,75
Other Markets In Oceania,2014,11,Nov,2014-11-01,1272
Other Markets In South Asia,2014,11,Nov,2014-11-01,1950
Other Markets In Southeast Asia,2014,11,Nov,2014-11-01,5114
Other Markets In West Asia,2014,11,Nov,2014-11-01,1666
Others,2014,11,Nov,2014-11-01,4
Pakistan,2014,11,Nov,2014-11-01,1242
Philippines,2014,11,Nov,2014-11-01,53508
Rep Of Ireland,2014,11,Nov,2014-11-01,1363
Russian Federation,2014,11,Nov,2014-11-01,7246
Saudi Arabia,2014,11,Nov,2014-11-01,1660
South Africa (Rep Of),2014,11,Nov,2014-11-01,2310
South Asia,2014,11,Nov,2014-11-01,92377
South Korea,2014,11,Nov,2014-11-01,40230
Southeast Asia,2014,11,Nov,2014-11-01,463159
Spain,2014,11,Nov,2014-11-01,3757
Sri Lanka,2014,11,Nov,2014-11-01,7603
Sweden,2014,11,Nov,2014-11-01,3498
Switzerland,2014,11,Nov,2014-11-01,8983
Taiwan,2014,11,Nov,2014-11-01,21240
Thailand,2014,11,Nov,2014-11-01,35138
Total International Visitor Arrivals By Place Of Residence,2014,11,Nov,2014-11-01,1144230
USA,2014,11,Nov,2014-11-01,39705
United Arab Emirates,2014,11,Nov,2014-11-01,4754
United Kingdom,2014,11,Nov,2014-11-01,37919
Vietnam,2014,11,Nov,2014-11-01,29938
West Asia,2014,11,Nov,2014-11-01,10844
Africa,2014,12,Dec,2014-12-01,9594
Americas,2014,12,Dec,2014-12-01,57955
Australia,2014,12,Dec,2014-12-01,97855
Bangladesh,2014,12,Dec,2014-12-01,11631
Belgium & Luxembourg,2014,12,Dec,2014-12-01,2321
Brunei Darussalam,2014,12,Dec,2014-12-01,11998
Canada,2014,12,Dec,2014-12-01,9234
China,2014,12,Dec,2014-12-01,124615
Denmark,2014,12,Dec,2014-12-01,2485
Egypt,2014,12,Dec,2014-12-01,457
Europe,2014,12,Dec,2014-12-01,137315
Finland,2014,12,Dec,2014-12-01,3210
France,2014,12,Dec,2014-12-01,10708
Germany,2014,12,Dec,2014-12-01,24156
Greater China,2014,12,Dec,2014-12-01,192653
Hong Kong SAR,2014,12,Dec,2014-12-01,45669
India,2014,12,Dec,2014-12-01,82520
Indonesia,2014,12,Dec,2014-12-01,315395
Iran,2014,12,Dec,2014-12-01,934
Israel,2014,12,Dec,2014-12-01,1120
Italy,2014,12,Dec,2014-12-01,5124
Japan,2014,12,Dec,2014-12-01,71920
Kuwait,2014,12,Dec,2014-12-01,781
Malaysia,2014,12,Dec,2014-12-01,143276
Mauritius,2014,12,Dec,2014-12-01,1420
Myanmar,2014,12,Dec,2014-12-01,9859
Netherlands,2014,12,Dec,2014-12-01,6222
New Zealand,2014,12,Dec,2014-12-01,10015
North Asia,2014,12,Dec,2014-12-01,112880
Norway,2014,12,Dec,2014-12-01,2758
Oceania,2014,12,Dec,2014-12-01,109269
Other Markets In Africa,2014,12,Dec,2014-12-01,2875
Other Markets In Americas,2014,12,Dec,2014-12-01,5533
Other Markets In Europe,2014,12,Dec,2014-12-01,15350
Other Markets In Greater China,2014,12,Dec,2014-12-01,3792
Other Markets In North Asia,2014,12,Dec,2014-12-01,42
Other Markets In Oceania,2014,12,Dec,2014-12-01,1399
Other Markets In South Asia,2014,12,Dec,2014-12-01,2745
Other Markets In Southeast Asia,2014,12,Dec,2014-12-01,3924
Other Markets In West Asia,2014,12,Dec,2014-12-01,2672
Others,2014,12,Dec,2014-12-01,1
Pakistan,2014,12,Dec,2014-12-01,1505
Philippines,2014,12,Dec,2014-12-01,64526
Rep Of Ireland,2014,12,Dec,2014-12-01,1198
Russian Federation,2014,12,Dec,2014-12-01,8004
Saudi Arabia,2014,12,Dec,2014-12-01,1292
South Africa (Rep Of),2014,12,Dec,2014-12-01,4842
South Asia,2014,12,Dec,2014-12-01,107009
South Korea,2014,12,Dec,2014-12-01,40918
Southeast Asia,2014,12,Dec,2014-12-01,619198
Spain,2014,12,Dec,2014-12-01,3348
Sri Lanka,2014,12,Dec,2014-12-01,8608
Sweden,2014,12,Dec,2014-12-01,5363
Switzerland,2014,12,Dec,2014-12-01,8630
Taiwan,2014,12,Dec,2014-12-01,18577
Thailand,2014,12,Dec,2014-12-01,39035
Total International Visitor Arrivals By Place Of Residence,2014,12,Dec,2014-12-01,1360541
USA,2014,12,Dec,2014-12-01,43188
United Arab Emirates,2014,12,Dec,2014-12-01,7868
United Kingdom,2014,12,Dec,2014-12-01,38438
Vietnam,2014,12,Dec,2014-12-01,31185
West Asia,2014,12,Dec,2014-12-01,14667
Africa,2015,1,Jan,2015-01-01,6377
Americas,2015,1,Jan,2015-01-01,64780
Australia,2015,1,Jan,2015-01-01,115584
Bangladesh,2015,1,Jan,2015-01-01,10923
Belgium & Luxembourg,2015,1,Jan,2015-01-01,2063
Brunei Darussalam,2015,1,Jan,2015-01-01,5521
Canada,2015,1,Jan,2015-01-01,10875
China,2015,1,Jan,2015-01-01,140548
Denmark,2015,1,Jan,2015-01-01,3440
Egypt,2015,1,Jan,2015-01-01,453
Europe,2015,1,Jan,2015-01-01,158529
Finland,2015,1,Jan,2015-01-01,3740
France,2015,1,Jan,2015-01-01,11285
Germany,2015,1,Jan,2015-01-01,24529
Greater China,2015,1,Jan,2015-01-01,207586
Hong Kong SAR,2015,1,Jan,2015-01-01,34012
India,2015,1,Jan,2015-01-01,73605
Indonesia,2015,1,Jan,2015-01-01,236295
Iran,2015,1,Jan,2015-01-01,601
Israel,2015,1,Jan,2015-01-01,1425
Italy,2015,1,Jan,2015-01-01,5470
Japan,2015,1,Jan,2015-01-01,58479
Kuwait,2015,1,Jan,2015-01-01,1420
Malaysia,2015,1,Jan,2015-01-01,86193
Mauritius,2015,1,Jan,2015-01-01,828
Myanmar,2015,1,Jan,2015-01-01,7825
Netherlands,2015,1,Jan,2015-01-01,6405
New Zealand,2015,1,Jan,2015-01-01,12330
North Asia,2015,1,Jan,2015-01-01,130360
Norway,2015,1,Jan,2015-01-01,2859
Oceania,2015,1,Jan,2015-01-01,129274
Other Markets In Africa,2015,1,Jan,2015-01-01,1841
Other Markets In Americas,2015,1,Jan,2015-01-01,7060
Other Markets In Europe,2015,1,Jan,2015-01-01,20303
Other Markets In Greater China,2015,1,Jan,2015-01-01,2341
Other Markets In North Asia,2015,1,Jan,2015-01-01,61
Other Markets In Oceania,2015,1,Jan,2015-01-01,1360
Other Markets In South Asia,2015,1,Jan,2015-01-01,2362
Other Markets In Southeast Asia,2015,1,Jan,2015-01-01,4030
Other Markets In West Asia,2015,1,Jan,2015-01-01,2479
Others,2015,1,Jan,2015-01-01,3
Pakistan,2015,1,Jan,2015-01-01,1500
Philippines,2015,1,Jan,2015-01-01,42839
Rep Of Ireland,2015,1,Jan,2015-01-01,1551
Russian Federation,2015,1,Jan,2015-01-01,12650
Saudi Arabia,2015,1,Jan,2015-01-01,2500
South Africa (Rep Of),2015,1,Jan,2015-01-01,3255
South Asia,2015,1,Jan,2015-01-01,94529
South Korea,2015,1,Jan,2015-01-01,71820
Southeast Asia,2015,1,Jan,2015-01-01,448133
Spain,2015,1,Jan,2015-01-01,3546
Sri Lanka,2015,1,Jan,2015-01-01,6139
Sweden,2015,1,Jan,2015-01-01,6295
Switzerland,2015,1,Jan,2015-01-01,9470
Taiwan,2015,1,Jan,2015-01-01,30685
Thailand,2015,1,Jan,2015-01-01,36798
Total International Visitor Arrivals By Place Of Residence,2015,1,Jan,2015-01-01,1252608
USA,2015,1,Jan,2015-01-01,46845
United Arab Emirates,2015,1,Jan,2015-01-01,4612
United Kingdom,2015,1,Jan,2015-01-01,44923
Vietnam,2015,1,Jan,2015-01-01,28632
West Asia,2015,1,Jan,2015-01-01,13037
Africa,2015,2,Feb,2015-02-01,3562
Americas,2015,2,Feb,2015-02-01,57924
Australia,2015,2,Feb,2015-02-01,65009
Bangladesh,2015,2,Feb,2015-02-01,7960
Belgium & Luxembourg,2015,2,Feb,2015-02-01,1968
Brunei Darussalam,2015,2,Feb,2015-02-01,4759
Canada,2015,2,Feb,2015-02-01,9915
China,2015,2,Feb,2015-02-01,238011
Denmark,2015,2,Feb,2015-02-01,3634
Egypt,2015,2,Feb,2015-02-01,268
Europe,2015,2,Feb,2015-02-01,147155
Finland,2015,2,Feb,2015-02-01,3390
France,2015,2,Feb,2015-02-01,13590
Germany,2015,2,Feb,2015-02-01,24937
Greater China,2015,2,Feb,2015-02-01,327971
Hong Kong SAR,2015,2,Feb,2015-02-01,46985
India,2015,2,Feb,2015-02-01,60016
Indonesia,2015,2,Feb,2015-02-01,184183
Iran,2015,2,Feb,2015-02-01,632
Israel,2015,2,Feb,2015-02-01,1347
Italy,2015,2,Feb,2015-02-01,4192
Japan,2015,2,Feb,2015-02-01,62422
Kuwait,2015,2,Feb,2015-02-01,519
Malaysia,2015,2,Feb,2015-02-01,82408
Mauritius,2015,2,Feb,2015-02-01,557
Myanmar,2015,2,Feb,2015-02-01,6204
Netherlands,2015,2,Feb,2015-02-01,6678
New Zealand,2015,2,Feb,2015-02-01,6349
North Asia,2015,2,Feb,2015-02-01,113888
Norway,2015,2,Feb,2015-02-01,3123
Oceania,2015,2,Feb,2015-02-01,72276
Other Markets In Africa,2015,2,Feb,2015-02-01,1118
Other Markets In Americas,2015,2,Feb,2015-02-01,5582
Other Markets In Europe,2015,2,Feb,2015-02-01,16530
Other Markets In Greater China,2015,2,Feb,2015-02-01,2916
Other Markets In North Asia,2015,2,Feb,2015-02-01,51
Other Markets In Oceania,2015,2,Feb,2015-02-01,918
Other Markets In South Asia,2015,2,Feb,2015-02-01,1743
Other Markets In Southeast Asia,2015,2,Feb,2015-02-01,3641
Other Markets In West Asia,2015,2,Feb,2015-02-01,1756
Others,2015,2,Feb,2015-02-01,4
Pakistan,2015,2,Feb,2015-02-01,870
Philippines,2015,2,Feb,2015-02-01,41155
Rep Of Ireland,2015,2,Feb,2015-02-01,1277
Russian Federation,2015,2,Feb,2015-02-01,4861
Saudi Arabia,2015,2,Feb,2015-02-01,948
South Africa (Rep Of),2015,2,Feb,2015-02-01,1619
South Asia,2015,2,Feb,2015-02-01,76576
South Korea,2015,2,Feb,2015-02-01,51415
Southeast Asia,2015,2,Feb,2015-02-01,380389
Spain,2015,2,Feb,2015-02-01,2893
Sri Lanka,2015,2,Feb,2015-02-01,5987
Sweden,2015,2,Feb,2015-02-01,4556
Switzerland,2015,2,Feb,2015-02-01,8475
Taiwan,2015,2,Feb,2015-02-01,40059
Thailand,2015,2,Feb,2015-02-01,29889
Total International Visitor Arrivals By Place Of Residence,2015,2,Feb,2015-02-01,1188818
USA,2015,2,Feb,2015-02-01,42427
United Arab Emirates,2015,2,Feb,2015-02-01,3871
United Kingdom,2015,2,Feb,2015-02-01,47051
Vietnam,2015,2,Feb,2015-02-01,28150
West Asia,2015,2,Feb,2015-02-01,9073
Africa,2015,3,Mar,2015-03-01,5138
Americas,2015,3,Mar,2015-03-01,64764
Australia,2015,3,Mar,2015-03-01,70708
Bangladesh,2015,3,Mar,2015-03-01,10186
Belgium & Luxembourg,2015,3,Mar,2015-03-01,2594
Brunei Darussalam,2015,3,Mar,2015-03-01,6989
Canada,2015,3,Mar,2015-03-01,10515
China,2015,3,Mar,2015-03-01,130827
Denmark,2015,3,Mar,2015-03-01,3246
Egypt,2015,3,Mar,2015-03-01,419
Europe,2015,3,Mar,2015-03-01,160349
Finland,2015,3,Mar,2015-03-01,3110
France,2015,3,Mar,2015-03-01,12789
Germany,2015,3,Mar,2015-03-01,31468
Greater China,2015,3,Mar,2015-03-01,198908
Hong Kong SAR,2015,3,Mar,2015-03-01,41803
India,2015,3,Mar,2015-03-01,70302
Indonesia,2015,3,Mar,2015-03-01,211347
Iran,2015,3,Mar,2015-03-01,2937
Israel,2015,3,Mar,2015-03-01,1414
Italy,2015,3,Mar,2015-03-01,5311
Japan,2015,3,Mar,2015-03-01,79941
Kuwait,2015,3,Mar,2015-03-01,546
Malaysia,2015,3,Mar,2015-03-01,101929
Mauritius,2015,3,Mar,2015-03-01,567
Myanmar,2015,3,Mar,2015-03-01,9681
Netherlands,2015,3,Mar,2015-03-01,7127
New Zealand,2015,3,Mar,2015-03-01,7854
North Asia,2015,3,Mar,2015-03-01,122861
Norway,2015,3,Mar,2015-03-01,3535
Oceania,2015,3,Mar,2015-03-01,79761
Other Markets In Africa,2015,3,Mar,2015-03-01,1611
Other Markets In Americas,2015,3,Mar,2015-03-01,5908
Other Markets In Europe,2015,3,Mar,2015-03-01,16881
Other Markets In Greater China,2015,3,Mar,2015-03-01,1584
Other Markets In North Asia,2015,3,Mar,2015-03-01,48
Other Markets In Oceania,2015,3,Mar,2015-03-01,1199
Other Markets In South Asia,2015,3,Mar,2015-03-01,2190
Other Markets In Southeast Asia,2015,3,Mar,2015-03-01,3993
Other Markets In West Asia,2015,3,Mar,2015-03-01,2054
Others,2015,3,Mar,2015-03-01,0
Pakistan,2015,3,Mar,2015-03-01,1234
Philippines,2015,3,Mar,2015-03-01,53649
Rep Of Ireland,2015,3,Mar,2015-03-01,1617
Russian Federation,2015,3,Mar,2015-03-01,5154
Saudi Arabia,2015,3,Mar,2015-03-01,1777
South Africa (Rep Of),2015,3,Mar,2015-03-01,2541
South Asia,2015,3,Mar,2015-03-01,91552
South Korea,2015,3,Mar,2015-03-01,42872
Southeast Asia,2015,3,Mar,2015-03-01,461999
Spain,2015,3,Mar,2015-03-01,3715
Sri Lanka,2015,3,Mar,2015-03-01,7640
Sweden,2015,3,Mar,2015-03-01,4284
Switzerland,2015,3,Mar,2015-03-01,8777
Taiwan,2015,3,Mar,2015-03-01,24694
Thailand,2015,3,Mar,2015-03-01,43504
Total International Visitor Arrivals By Place Of Residence,2015,3,Mar,2015-03-01,1201648
USA,2015,3,Mar,2015-03-01,48341
United Arab Emirates,2015,3,Mar,2015-03-01,7588
United Kingdom,2015,3,Mar,2015-03-01,50741
Vietnam,2015,3,Mar,2015-03-01,30907
West Asia,2015,3,Mar,2015-03-01,16316
Africa,2015,4,Apr,2015-04-01,6410
Americas,2015,4,Apr,2015-04-01,49143
Australia,2015,4,Apr,2015-04-01,83497
Bangladesh,2015,4,Apr,2015-04-01,9809
Belgium & Luxembourg,2015,4,Apr,2015-04-01,2369
Brunei Darussalam,2015,4,Apr,2015-04-01,4977
Canada,2015,4,Apr,2015-04-01,7086
China,2015,4,Apr,2015-04-01,153784
Denmark,2015,4,Apr,2015-04-01,2301
Egypt,2015,4,Apr,2015-04-01,348
Europe,2015,4,Apr,2015-04-01,128157
Finland,2015,4,Apr,2015-04-01,2198
France,2015,4,Apr,2015-04-01,13135
Germany,2015,4,Apr,2015-04-01,20086
Greater China,2015,4,Apr,2015-04-01,243881
Hong Kong SAR,2015,4,Apr,2015-04-01,58959
India,2015,4,Apr,2015-04-01,84041
Indonesia,2015,4,Apr,2015-04-01,207138
Iran,2015,4,Apr,2015-04-01,548
Israel,2015,4,Apr,2015-04-01,1264
Italy,2015,4,Apr,2015-04-01,4870
Japan,2015,4,Apr,2015-04-01,46687
Kuwait,2015,4,Apr,2015-04-01,476
Malaysia,2015,4,Apr,2015-04-01,90515
Mauritius,2015,4,Apr,2015-04-01,858
Myanmar,2015,4,Apr,2015-04-01,12969
Netherlands,2015,4,Apr,2015-04-01,5989
New Zealand,2015,4,Apr,2015-04-01,9492
North Asia,2015,4,Apr,2015-04-01,88349
Norway,2015,4,Apr,2015-04-01,2652
Oceania,2015,4,Apr,2015-04-01,94029
Other Markets In Africa,2015,4,Apr,2015-04-01,2319
Other Markets In Americas,2015,4,Apr,2015-04-01,5871
Other Markets In Europe,2015,4,Apr,2015-04-01,13390
Other Markets In Greater China,2015,4,Apr,2015-04-01,1909
Other Markets In North Asia,2015,4,Apr,2015-04-01,60
Other Markets In Oceania,2015,4,Apr,2015-04-01,1040
Other Markets In South Asia,2015,4,Apr,2015-04-01,2101
Other Markets In Southeast Asia,2015,4,Apr,2015-04-01,6045
Other Markets In West Asia,2015,4,Apr,2015-04-01,2473
Others,2015,4,Apr,2015-04-01,1
Pakistan,2015,4,Apr,2015-04-01,1125
Philippines,2015,4,Apr,2015-04-01,72259
Rep Of Ireland,2015,4,Apr,2015-04-01,1434
Russian Federation,2015,4,Apr,2015-04-01,4371
Saudi Arabia,2015,4,Apr,2015-04-01,873
South Africa (Rep Of),2015,4,Apr,2015-04-01,2885
South Asia,2015,4,Apr,2015-04-01,108179
South Korea,2015,4,Apr,2015-04-01,41602
Southeast Asia,2015,4,Apr,2015-04-01,478213
Spain,2015,4,Apr,2015-04-01,3094
Sri Lanka,2015,4,Apr,2015-04-01,11103
Sweden,2015,4,Apr,2015-04-01,3138
Switzerland,2015,4,Apr,2015-04-01,9308
Taiwan,2015,4,Apr,2015-04-01,29229
Thailand,2015,4,Apr,2015-04-01,47838
Total International Visitor Arrivals By Place Of Residence,2015,4,Apr,2015-04-01,1208624
USA,2015,4,Apr,2015-04-01,36186
United Arab Emirates,2015,4,Apr,2015-04-01,6628
United Kingdom,2015,4,Apr,2015-04-01,39822
Vietnam,2015,4,Apr,2015-04-01,36472
West Asia,2015,4,Apr,2015-04-01,12262
Africa,2015,5,May,2015-05-01,4663
Americas,2015,5,May,2015-05-01,48014
Australia,2015,5,May,2015-05-01,73965
Bangladesh,2015,5,May,2015-05-01,10447
Belgium & Luxembourg,2015,5,May,2015-05-01,1765
Brunei Darussalam,2015,5,May,2015-05-01,5378
Canada,2015,5,May,2015-05-01,6637
China,2015,5,May,2015-05-01,141375
Denmark,2015,5,May,2015-05-01,1642
Egypt,2015,5,May,2015-05-01,355
Europe,2015,5,May,2015-05-01,99889
Finland,2015,5,May,2015-05-01,1373
France,2015,5,May,2015-05-01,11686
Germany,2015,5,May,2015-05-01,16266
Greater China,2015,5,May,2015-05-01,214376
Hong Kong SAR,2015,5,May,2015-05-01,45742
India,2015,5,May,2015-05-01,130511
Indonesia,2015,5,May,2015-05-01,238688
Iran,2015,5,May,2015-05-01,488
Israel,2015,5,May,2015-05-01,1188
Italy,2015,5,May,2015-05-01,3923
Japan,2015,5,May,2015-05-01,52971
Kuwait,2015,5,May,2015-05-01,463
Malaysia,2015,5,May,2015-05-01,100340
Mauritius,2015,5,May,2015-05-01,513
Myanmar,2015,5,May,2015-05-01,9162
Netherlands,2015,5,May,2015-05-01,5797
New Zealand,2015,5,May,2015-05-01,10077
North Asia,2015,5,May,2015-05-01,96909
Norway,2015,5,May,2015-05-01,1497
Oceania,2015,5,May,2015-05-01,85227
Other Markets In Africa,2015,5,May,2015-05-01,1444
Other Markets In Americas,2015,5,May,2015-05-01,4260
Other Markets In Europe,2015,5,May,2015-05-01,10431
Other Markets In Greater China,2015,5,May,2015-05-01,1761
Other Markets In North Asia,2015,5,May,2015-05-01,55
Other Markets In Oceania,2015,5,May,2015-05-01,1185
Other Markets In South Asia,2015,5,May,2015-05-01,1722
Other Markets In Southeast Asia,2015,5,May,2015-05-01,4699
Other Markets In West Asia,2015,5,May,2015-05-01,1930
Others,2015,5,May,2015-05-01,3
Pakistan,2015,5,May,2015-05-01,1291
Philippines,2015,5,May,2015-05-01,72159
Rep Of Ireland,2015,5,May,2015-05-01,1224
Russian Federation,2015,5,May,2015-05-01,4523
Saudi Arabia,2015,5,May,2015-05-01,711
South Africa (Rep Of),2015,5,May,2015-05-01,2351
South Asia,2015,5,May,2015-05-01,151623
South Korea,2015,5,May,2015-05-01,43883
Southeast Asia,2015,5,May,2015-05-01,512074
Spain,2015,5,May,2015-05-01,2953
Sri Lanka,2015,5,May,2015-05-01,7652
Sweden,2015,5,May,2015-05-01,1985
Switzerland,2015,5,May,2015-05-01,6699
Taiwan,2015,5,May,2015-05-01,25498
Thailand,2015,5,May,2015-05-01,45674
Total International Visitor Arrivals By Place Of Residence,2015,5,May,2015-05-01,1222836
USA,2015,5,May,2015-05-01,37117
United Arab Emirates,2015,5,May,2015-05-01,5278
United Kingdom,2015,5,May,2015-05-01,28125
Vietnam,2015,5,May,2015-05-01,35974
West Asia,2015,5,May,2015-05-01,10058
Africa,2015,6,Jun,2015-06-01,4051
Americas,2015,6,Jun,2015-06-01,55325
Australia,2015,6,Jun,2015-06-01,82755
Bangladesh,2015,6,Jun,2015-06-01,9737
Belgium & Luxembourg,2015,6,Jun,2015-06-01,1599
Brunei Darussalam,2015,6,Jun,2015-06-01,4992
Canada,2015,6,Jun,2015-06-01,5914
China,2015,6,Jun,2015-06-01,144533
Denmark,2015,6,Jun,2015-06-01,1635
Egypt,2015,6,Jun,2015-06-01,226
Europe,2015,6,Jun,2015-06-01,88472
Finland,2015,6,Jun,2015-06-01,1551
France,2015,6,Jun,2015-06-01,8969
Germany,2015,6,Jun,2015-06-01,13660
Greater China,2015,6,Jun,2015-06-01,222897
Hong Kong SAR,2015,6,Jun,2015-06-01,45453
India,2015,6,Jun,2015-06-01,101773
Indonesia,2015,6,Jun,2015-06-01,238403
Iran,2015,6,Jun,2015-06-01,646
Israel,2015,6,Jun,2015-06-01,1087
Italy,2015,6,Jun,2015-06-01,3915
Japan,2015,6,Jun,2015-06-01,53257
Kuwait,2015,6,Jun,2015-06-01,538
Malaysia,2015,6,Jun,2015-06-01,100074
Mauritius,2015,6,Jun,2015-06-01,600
Myanmar,2015,6,Jun,2015-06-01,9326
Netherlands,2015,6,Jun,2015-06-01,4553
New Zealand,2015,6,Jun,2015-06-01,11593
North Asia,2015,6,Jun,2015-06-01,90541
Norway,2015,6,Jun,2015-06-01,2260
Oceania,2015,6,Jun,2015-06-01,95694
Other Markets In Africa,2015,6,Jun,2015-06-01,1177
Other Markets In Americas,2015,6,Jun,2015-06-01,4482
Other Markets In Europe,2015,6,Jun,2015-06-01,9763
Other Markets In Greater China,2015,6,Jun,2015-06-01,2346
Other Markets In North Asia,2015,6,Jun,2015-06-01,91
Other Markets In Oceania,2015,6,Jun,2015-06-01,1346
Other Markets In South Asia,2015,6,Jun,2015-06-01,2124
Other Markets In Southeast Asia,2015,6,Jun,2015-06-01,4657
Other Markets In West Asia,2015,6,Jun,2015-06-01,1855
Others,2015,6,Jun,2015-06-01,0
Pakistan,2015,6,Jun,2015-06-01,1947
Philippines,2015,6,Jun,2015-06-01,53329
Rep Of Ireland,2015,6,Jun,2015-06-01,1369
Russian Federation,2015,6,Jun,2015-06-01,3644
Saudi Arabia,2015,6,Jun,2015-06-01,735
South Africa (Rep Of),2015,6,Jun,2015-06-01,2048
South Asia,2015,6,Jun,2015-06-01,121413
South Korea,2015,6,Jun,2015-06-01,37193
Southeast Asia,2015,6,Jun,2015-06-01,496392
Spain,2015,6,Jun,2015-06-01,2717
Sri Lanka,2015,6,Jun,2015-06-01,5832
Sweden,2015,6,Jun,2015-06-01,2091
Switzerland,2015,6,Jun,2015-06-01,5203
Taiwan,2015,6,Jun,2015-06-01,30565
Thailand,2015,6,Jun,2015-06-01,40121
Total International Visitor Arrivals By Place Of Residence,2015,6,Jun,2015-06-01,1184747
USA,2015,6,Jun,2015-06-01,44929
United Arab Emirates,2015,6,Jun,2015-06-01,5101
United Kingdom,2015,6,Jun,2015-06-01,25543
Vietnam,2015,6,Jun,2015-06-01,45490
West Asia,2015,6,Jun,2015-06-01,9962
Africa,2015,7,Jul,2015-07-01,5383
Americas,2015,7,Jul,2015-07-01,56521
Australia,2015,7,Jul,2015-07-01,97583
Bangladesh,2015,7,Jul,2015-07-01,11793
Belgium & Luxembourg,2015,7,Jul,2015-07-01,3225
Brunei Darussalam,2015,7,Jul,2015-07-01,7237
Canada,2015,7,Jul,2015-07-01,6984
China,2015,7,Jul,2015-07-01,246819
Denmark,2015,7,Jul,2015-07-01,3786
Egypt,2015,7,Jul,2015-07-01,296
Europe,2015,7,Jul,2015-07-01,136833
Finland,2015,7,Jul,2015-07-01,1308
France,2015,7,Jul,2015-07-01,16926
Germany,2015,7,Jul,2015-07-01,18815
Greater China,2015,7,Jul,2015-07-01,383975
Hong Kong SAR,2015,7,Jul,2015-07-01,82817
India,2015,7,Jul,2015-07-01,83806
Indonesia,2015,7,Jul,2015-07-01,305600
Iran,2015,7,Jul,2015-07-01,665
Israel,2015,7,Jul,2015-07-01,1266
Italy,2015,7,Jul,2015-07-01,5402
Japan,2015,7,Jul,2015-07-01,67682
Kuwait,2015,7,Jul,2015-07-01,1631
Malaysia,2015,7,Jul,2015-07-01,102347
Mauritius,2015,7,Jul,2015-07-01,601
Myanmar,2015,7,Jul,2015-07-01,8757
Netherlands,2015,7,Jul,2015-07-01,9364
New Zealand,2015,7,Jul,2015-07-01,14756
North Asia,2015,7,Jul,2015-07-01,116129
Norway,2015,7,Jul,2015-07-01,3874
Oceania,2015,7,Jul,2015-07-01,113554
Other Markets In Africa,2015,7,Jul,2015-07-01,1734
Other Markets In Americas,2015,7,Jul,2015-07-01,4398
Other Markets In Europe,2015,7,Jul,2015-07-01,13400
Other Markets In Greater China,2015,7,Jul,2015-07-01,4061
Other Markets In North Asia,2015,7,Jul,2015-07-01,72
Other Markets In Oceania,2015,7,Jul,2015-07-01,1215
Other Markets In South Asia,2015,7,Jul,2015-07-01,2268
Other Markets In Southeast Asia,2015,7,Jul,2015-07-01,5465
Other Markets In West Asia,2015,7,Jul,2015-07-01,4554
Others,2015,7,Jul,2015-07-01,1
Pakistan,2015,7,Jul,2015-07-01,2281
Philippines,2015,7,Jul,2015-07-01,49724
Rep Of Ireland,2015,7,Jul,2015-07-01,1576
Russian Federation,2015,7,Jul,2015-07-01,4071
Saudi Arabia,2015,7,Jul,2015-07-01,2177
South Africa (Rep Of),2015,7,Jul,2015-07-01,2752
South Asia,2015,7,Jul,2015-07-01,106930
South Korea,2015,7,Jul,2015-07-01,48375
Southeast Asia,2015,7,Jul,2015-07-01,579570
Spain,2015,7,Jul,2015-07-01,4875
Sri Lanka,2015,7,Jul,2015-07-01,6782
Sweden,2015,7,Jul,2015-07-01,2911
Switzerland,2015,7,Jul,2015-07-01,10657
Taiwan,2015,7,Jul,2015-07-01,50278
Thailand,2015,7,Jul,2015-07-01,45729
Total International Visitor Arrivals By Place Of Residence,2015,7,Jul,2015-07-01,1519233
USA,2015,7,Jul,2015-07-01,45139
United Arab Emirates,2015,7,Jul,2015-07-01,10044
United Kingdom,2015,7,Jul,2015-07-01,36643
Vietnam,2015,7,Jul,2015-07-01,54711
West Asia,2015,7,Jul,2015-07-01,20337
Africa,2015,8,Aug,2015-08-01,6102
Americas,2015,8,Aug,2015-08-01,49942
Australia,2015,8,Aug,2015-08-01,83063
Bangladesh,2015,8,Aug,2015-08-01,10353
Belgium & Luxembourg,2015,8,Aug,2015-08-01,2905
Brunei Darussalam,2015,8,Aug,2015-08-01,4585
Canada,2015,8,Aug,2015-08-01,6734
China,2015,8,Aug,2015-08-01,267122
Denmark,2015,8,Aug,2015-08-01,2161
Egypt,2015,8,Aug,2015-08-01,574
Europe,2015,8,Aug,2015-08-01,163413
Finland,2015,8,Aug,2015-08-01,1222
France,2015,8,Aug,2015-08-01,22241
Germany,2015,8,Aug,2015-08-01,26784
Greater China,2015,8,Aug,2015-08-01,408047
Hong Kong SAR,2015,8,Aug,2015-08-01,89436
India,2015,8,Aug,2015-08-01,77137
Indonesia,2015,8,Aug,2015-08-01,205671
Iran,2015,8,Aug,2015-08-01,889
Israel,2015,8,Aug,2015-08-01,1323
Italy,2015,8,Aug,2015-08-01,15817
Japan,2015,8,Aug,2015-08-01,92793
Kuwait,2015,8,Aug,2015-08-01,2395
Malaysia,2015,8,Aug,2015-08-01,88834
Mauritius,2015,8,Aug,2015-08-01,694
Myanmar,2015,8,Aug,2015-08-01,8000
Netherlands,2015,8,Aug,2015-08-01,8040
New Zealand,2015,8,Aug,2015-08-01,12497
North Asia,2015,8,Aug,2015-08-01,153400
Norway,2015,8,Aug,2015-08-01,1978
Oceania,2015,8,Aug,2015-08-01,96656
Other Markets In Africa,2015,8,Aug,2015-08-01,2651
Other Markets In Americas,2015,8,Aug,2015-08-01,4118
Other Markets In Europe,2015,8,Aug,2015-08-01,16363
Other Markets In Greater China,2015,8,Aug,2015-08-01,6197
Other Markets In North Asia,2015,8,Aug,2015-08-01,139
Other Markets In Oceania,2015,8,Aug,2015-08-01,1096
Other Markets In South Asia,2015,8,Aug,2015-08-01,2611
Other Markets In Southeast Asia,2015,8,Aug,2015-08-01,4952
Other Markets In West Asia,2015,8,Aug,2015-08-01,5345
Others,2015,8,Aug,2015-08-01,1
Pakistan,2015,8,Aug,2015-08-01,2250
Philippines,2015,8,Aug,2015-08-01,52997
Rep Of Ireland,2015,8,Aug,2015-08-01,1631
Russian Federation,2015,8,Aug,2015-08-01,4618
Saudi Arabia,2015,8,Aug,2015-08-01,1932
South Africa (Rep Of),2015,8,Aug,2015-08-01,2183
South Asia,2015,8,Aug,2015-08-01,101316
South Korea,2015,8,Aug,2015-08-01,60468
Southeast Asia,2015,8,Aug,2015-08-01,444137
Spain,2015,8,Aug,2015-08-01,8377
Sri Lanka,2015,8,Aug,2015-08-01,8965
Sweden,2015,8,Aug,2015-08-01,1946
Switzerland,2015,8,Aug,2015-08-01,8253
Taiwan,2015,8,Aug,2015-08-01,45292
Thailand,2015,8,Aug,2015-08-01,39579
Total International Visitor Arrivals By Place Of Residence,2015,8,Aug,2015-08-01,1445062
USA,2015,8,Aug,2015-08-01,39090
United Arab Emirates,2015,8,Aug,2015-08-01,10164
United Kingdom,2015,8,Aug,2015-08-01,41077
Vietnam,2015,8,Aug,2015-08-01,39519
West Asia,2015,8,Aug,2015-08-01,22048
Africa,2015,9,Sep,2015-09-01,5206
Americas,2015,9,Sep,2015-09-01,42354
Australia,2015,9,Sep,2015-09-01,97071
Bangladesh,2015,9,Sep,2015-09-01,10159
Belgium & Luxembourg,2015,9,Sep,2015-09-01,2155
Brunei Darussalam,2015,9,Sep,2015-09-01,5761
Canada,2015,9,Sep,2015-09-01,5196
China,2015,9,Sep,2015-09-01,149929
Denmark,2015,9,Sep,2015-09-01,1974
Egypt,2015,9,Sep,2015-09-01,444
Europe,2015,9,Sep,2015-09-01,119898
Finland,2015,9,Sep,2015-09-01,1451
France,2015,9,Sep,2015-09-01,9816
Germany,2015,9,Sep,2015-09-01,22303
Greater China,2015,9,Sep,2015-09-01,219786
Hong Kong SAR,2015,9,Sep,2015-09-01,40315
India,2015,9,Sep,2015-09-01,69846
Indonesia,2015,9,Sep,2015-09-01,187629
Iran,2015,9,Sep,2015-09-01,1473
Israel,2015,9,Sep,2015-09-01,1356
Italy,2015,9,Sep,2015-09-01,5291
Japan,2015,9,Sep,2015-09-01,73972
Kuwait,2015,9,Sep,2015-09-01,1024
Malaysia,2015,9,Sep,2015-09-01,93334
Mauritius,2015,9,Sep,2015-09-01,411
Myanmar,2015,9,Sep,2015-09-01,7461
Netherlands,2015,9,Sep,2015-09-01,5761
New Zealand,2015,9,Sep,2015-09-01,12412
North Asia,2015,9,Sep,2015-09-01,113105
Norway,2015,9,Sep,2015-09-01,2068
Oceania,2015,9,Sep,2015-09-01,110596
Other Markets In Africa,2015,9,Sep,2015-09-01,1709
Other Markets In Americas,2015,9,Sep,2015-09-01,4409
Other Markets In Europe,2015,9,Sep,2015-09-01,13275
Other Markets In Greater China,2015,9,Sep,2015-09-01,1706
Other Markets In North Asia,2015,9,Sep,2015-09-01,70
Other Markets In Oceania,2015,9,Sep,2015-09-01,1113
Other Markets In South Asia,2015,9,Sep,2015-09-01,2695
Other Markets In Southeast Asia,2015,9,Sep,2015-09-01,3912
Other Markets In West Asia,2015,9,Sep,2015-09-01,2834
Others,2015,9,Sep,2015-09-01,3
Pakistan,2015,9,Sep,2015-09-01,1383
Philippines,2015,9,Sep,2015-09-01,48209
Rep Of Ireland,2015,9,Sep,2015-09-01,1335
Russian Federation,2015,9,Sep,2015-09-01,3725
Saudi Arabia,2015,9,Sep,2015-09-01,1845
South Africa (Rep Of),2015,9,Sep,2015-09-01,2642
South Asia,2015,9,Sep,2015-09-01,91560
South Korea,2015,9,Sep,2015-09-01,39063
Southeast Asia,2015,9,Sep,2015-09-01,414155
Spain,2015,9,Sep,2015-09-01,4330
Sri Lanka,2015,9,Sep,2015-09-01,7477
Sweden,2015,9,Sep,2015-09-01,2102
Switzerland,2015,9,Sep,2015-09-01,6938
Taiwan,2015,9,Sep,2015-09-01,27836
Thailand,2015,9,Sep,2015-09-01,39567
Total International Visitor Arrivals By Place Of Residence,2015,9,Sep,2015-09-01,1131976
USA,2015,9,Sep,2015-09-01,32749
United Arab Emirates,2015,9,Sep,2015-09-01,6781
United Kingdom,2015,9,Sep,2015-09-01,37374
Vietnam,2015,9,Sep,2015-09-01,28282
West Asia,2015,9,Sep,2015-09-01,15313
Africa,2015,10,Oct,2015-10-01,5857
Americas,2015,10,Oct,2015-10-01,52973
Australia,2015,10,Oct,2015-10-01,96340
Bangladesh,2015,10,Oct,2015-10-01,10394
Belgium & Luxembourg,2015,10,Oct,2015-10-01,2336
Brunei Darussalam,2015,10,Oct,2015-10-01,4825
Canada,2015,10,Oct,2015-10-01,7858
China,2015,10,Oct,2015-10-01,165649
Denmark,2015,10,Oct,2015-10-01,2590
Egypt,2015,10,Oct,2015-10-01,532
Europe,2015,10,Oct,2015-10-01,139262
Finland,2015,10,Oct,2015-10-01,2569
France,2015,10,Oct,2015-10-01,13334
Germany,2015,10,Oct,2015-10-01,24718
Greater China,2015,10,Oct,2015-10-01,236418
Hong Kong SAR,2015,10,Oct,2015-10-01,41272
India,2015,10,Oct,2015-10-01,86649
Indonesia,2015,10,Oct,2015-10-01,204574
Iran,2015,10,Oct,2015-10-01,943
Israel,2015,10,Oct,2015-10-01,1456
Italy,2015,10,Oct,2015-10-01,5042
Japan,2015,10,Oct,2015-10-01,66416
Kuwait,2015,10,Oct,2015-10-01,550
Malaysia,2015,10,Oct,2015-10-01,88338
Mauritius,2015,10,Oct,2015-10-01,474
Myanmar,2015,10,Oct,2015-10-01,8762
Netherlands,2015,10,Oct,2015-10-01,6557
New Zealand,2015,10,Oct,2015-10-01,11462
North Asia,2015,10,Oct,2015-10-01,117039
Norway,2015,10,Oct,2015-10-01,2675
Oceania,2015,10,Oct,2015-10-01,109160
Other Markets In Africa,2015,10,Oct,2015-10-01,1870
Other Markets In Americas,2015,10,Oct,2015-10-01,5432
Other Markets In Europe,2015,10,Oct,2015-10-01,15297
Other Markets In Greater China,2015,10,Oct,2015-10-01,1972
Other Markets In North Asia,2015,10,Oct,2015-10-01,41
Other Markets In Oceania,2015,10,Oct,2015-10-01,1358
Other Markets In South Asia,2015,10,Oct,2015-10-01,3318
Other Markets In Southeast Asia,2015,10,Oct,2015-10-01,5817
Other Markets In West Asia,2015,10,Oct,2015-10-01,2056
Others,2015,10,Oct,2015-10-01,3
Pakistan,2015,10,Oct,2015-10-01,1857
Philippines,2015,10,Oct,2015-10-01,58357
Rep Of Ireland,2015,10,Oct,2015-10-01,1386
Russian Federation,2015,10,Oct,2015-10-01,4900
Saudi Arabia,2015,10,Oct,2015-10-01,893
South Africa (Rep Of),2015,10,Oct,2015-10-01,2981
South Asia,2015,10,Oct,2015-10-01,110301
South Korea,2015,10,Oct,2015-10-01,50582
Southeast Asia,2015,10,Oct,2015-10-01,465052
Spain,2015,10,Oct,2015-10-01,4046
Sri Lanka,2015,10,Oct,2015-10-01,8083
Sweden,2015,10,Oct,2015-10-01,3753
Switzerland,2015,10,Oct,2015-10-01,9188
Taiwan,2015,10,Oct,2015-10-01,27525
Thailand,2015,10,Oct,2015-10-01,63693
Total International Visitor Arrivals By Place Of Residence,2015,10,Oct,2015-10-01,1246947
USA,2015,10,Oct,2015-10-01,39683
United Arab Emirates,2015,10,Oct,2015-10-01,4984
United Kingdom,2015,10,Oct,2015-10-01,40871
Vietnam,2015,10,Oct,2015-10-01,30686
West Asia,2015,10,Oct,2015-10-01,10882
Africa,2015,11,Nov,2015-11-01,5417
Americas,2015,11,Nov,2015-11-01,55155
Australia,2015,11,Nov,2015-11-01,76369
Bangladesh,2015,11,Nov,2015-11-01,9272
Belgium & Luxembourg,2015,11,Nov,2015-11-01,2271
Brunei Darussalam,2015,11,Nov,2015-11-01,6191
Canada,2015,11,Nov,2015-11-01,8581
China,2015,11,Nov,2015-11-01,158736
Denmark,2015,11,Nov,2015-11-01,2656
Egypt,2015,11,Nov,2015-11-01,325
Europe,2015,11,Nov,2015-11-01,146342
Finland,2015,11,Nov,2015-11-01,2761
France,2015,11,Nov,2015-11-01,12269
Germany,2015,11,Nov,2015-11-01,27994
Greater China,2015,11,Nov,2015-11-01,221707
Hong Kong SAR,2015,11,Nov,2015-11-01,37241
India,2015,11,Nov,2015-11-01,88350
Indonesia,2015,11,Nov,2015-11-01,200687
Iran,2015,11,Nov,2015-11-01,1048
Israel,2015,11,Nov,2015-11-01,1421
Italy,2015,11,Nov,2015-11-01,5317
Japan,2015,11,Nov,2015-11-01,67840
Kuwait,2015,11,Nov,2015-11-01,327
Malaysia,2015,11,Nov,2015-11-01,106214
Mauritius,2015,11,Nov,2015-11-01,1087
Myanmar,2015,11,Nov,2015-11-01,7625
Netherlands,2015,11,Nov,2015-11-01,6627
New Zealand,2015,11,Nov,2015-11-01,9070
North Asia,2015,11,Nov,2015-11-01,112895
Norway,2015,11,Nov,2015-11-01,2615
Oceania,2015,11,Nov,2015-11-01,87045
Other Markets In Africa,2015,11,Nov,2015-11-01,1658
Other Markets In Americas,2015,11,Nov,2015-11-01,5117
Other Markets In Europe,2015,11,Nov,2015-11-01,16777
Other Markets In Greater China,2015,11,Nov,2015-11-01,1668
Other Markets In North Asia,2015,11,Nov,2015-11-01,67
Other Markets In Oceania,2015,11,Nov,2015-11-01,1606
Other Markets In South Asia,2015,11,Nov,2015-11-01,2702
Other Markets In Southeast Asia,2015,11,Nov,2015-11-01,5968
Other Markets In West Asia,2015,11,Nov,2015-11-01,2053
Others,2015,11,Nov,2015-11-01,5
Pakistan,2015,11,Nov,2015-11-01,1446
Philippines,2015,11,Nov,2015-11-01,60583
Rep Of Ireland,2015,11,Nov,2015-11-01,1480
Russian Federation,2015,11,Nov,2015-11-01,5518
Saudi Arabia,2015,11,Nov,2015-11-01,797
South Africa (Rep Of),2015,11,Nov,2015-11-01,2347
South Asia,2015,11,Nov,2015-11-01,109202
South Korea,2015,11,Nov,2015-11-01,44988
Southeast Asia,2015,11,Nov,2015-11-01,455128
Spain,2015,11,Nov,2015-11-01,4464
Sri Lanka,2015,11,Nov,2015-11-01,7432
Sweden,2015,11,Nov,2015-11-01,4078
Switzerland,2015,11,Nov,2015-11-01,9481
Taiwan,2015,11,Nov,2015-11-01,24062
Thailand,2015,11,Nov,2015-11-01,38576
Total International Visitor Arrivals By Place Of Residence,2015,11,Nov,2015-11-01,1203992
USA,2015,11,Nov,2015-11-01,41457
United Arab Emirates,2015,11,Nov,2015-11-01,5450
United Kingdom,2015,11,Nov,2015-11-01,42034
Vietnam,2015,11,Nov,2015-11-01,29284
West Asia,2015,11,Nov,2015-11-01,11096
Africa,2015,12,Dec,2015-12-01,9136
Americas,2015,12,Dec,2015-12-01,60391
Australia,2015,12,Dec,2015-12-01,101624
Bangladesh,2015,12,Dec,2015-12-01,11554
Belgium & Luxembourg,2015,12,Dec,2015-12-01,2329
Brunei Darussalam,2015,12,Dec,2015-12-01,12379
Canada,2015,12,Dec,2015-12-01,9952
China,2015,12,Dec,2015-12-01,168831
Denmark,2015,12,Dec,2015-12-01,2324
Egypt,2015,12,Dec,2015-12-01,298
Europe,2015,12,Dec,2015-12-01,147577
Finland,2015,12,Dec,2015-12-01,3231
France,2015,12,Dec,2015-12-01,11443
Germany,2015,12,Dec,2015-12-01,35172
Greater China,2015,12,Dec,2015-12-01,240080
Hong Kong SAR,2015,12,Dec,2015-12-01,45853
India,2015,12,Dec,2015-12-01,87950
Indonesia,2015,12,Dec,2015-12-01,311475
Iran,2015,12,Dec,2015-12-01,1397
Israel,2015,12,Dec,2015-12-01,1196
Italy,2015,12,Dec,2015-12-01,4800
Japan,2015,12,Dec,2015-12-01,66719
Kuwait,2015,12,Dec,2015-12-01,878
Malaysia,2015,12,Dec,2015-12-01,130551
Mauritius,2015,12,Dec,2015-12-01,1549
Myanmar,2015,12,Dec,2015-12-01,9680
Netherlands,2015,12,Dec,2015-12-01,6154
New Zealand,2015,12,Dec,2015-12-01,9726
North Asia,2015,12,Dec,2015-12-01,111637
Norway,2015,12,Dec,2015-12-01,2514
Oceania,2015,12,Dec,2015-12-01,113008
Other Markets In Africa,2015,12,Dec,2015-12-01,2423
Other Markets In Americas,2015,12,Dec,2015-12-01,4893
Other Markets In Europe,2015,12,Dec,2015-12-01,15692
Other Markets In Greater China,2015,12,Dec,2015-12-01,3093
Other Markets In North Asia,2015,12,Dec,2015-12-01,97
Other Markets In Oceania,2015,12,Dec,2015-12-01,1658
Other Markets In South Asia,2015,12,Dec,2015-12-01,3511
Other Markets In Southeast Asia,2015,12,Dec,2015-12-01,5114
Other Markets In West Asia,2015,12,Dec,2015-12-01,2931
Others,2015,12,Dec,2015-12-01,0
Pakistan,2015,12,Dec,2015-12-01,1764
Philippines,2015,12,Dec,2015-12-01,68114
Rep Of Ireland,2015,12,Dec,2015-12-01,1467
Russian Federation,2015,12,Dec,2015-12-01,5807
Saudi Arabia,2015,12,Dec,2015-12-01,903
South Africa (Rep Of),2015,12,Dec,2015-12-01,4866
South Asia,2015,12,Dec,2015-12-01,114739
South Korea,2015,12,Dec,2015-12-01,44821
Southeast Asia,2015,12,Dec,2015-12-01,612913
Spain,2015,12,Dec,2015-12-01,3064
Sri Lanka,2015,12,Dec,2015-12-01,9960
Sweden,2015,12,Dec,2015-12-01,5423
Switzerland,2015,12,Dec,2015-12-01,8400
Taiwan,2015,12,Dec,2015-12-01,22303
Thailand,2015,12,Dec,2015-12-01,45441
Total International Visitor Arrivals By Place Of Residence,2015,12,Dec,2015-12-01,1424978
USA,2015,12,Dec,2015-12-01,45546
United Arab Emirates,2015,12,Dec,2015-12-01,8192
United Kingdom,2015,12,Dec,2015-12-01,39757
Vietnam,2015,12,Dec,2015-12-01,30159
West Asia,2015,12,Dec,2015-12-01,15497
Africa,2016,1,Jan,2016-01-01,6364
Americas,2016,1,Jan,2016-01-01,66988
Australia,2016,1,Jan,2016-01-01,117073
Bangladesh,2016,1,Jan,2016-01-01,11151
Belgium & Luxembourg,2016,1,Jan,2016-01-01,2289
Brunei Darussalam,2016,1,Jan,2016-01-01,5596
Canada,2016,1,Jan,2016-01-01,11209
China,2016,1,Jan,2016-01-01,229150
Denmark,2016,1,Jan,2016-01-01,3833
Egypt,2016,1,Jan,2016-01-01,387
Europe,2016,1,Jan,2016-01-01,179868
Finland,2016,1,Jan,2016-01-01,4431
France,2016,1,Jan,2016-01-01,12144
Germany,2016,1,Jan,2016-01-01,39133
Greater China,2016,1,Jan,2016-01-01,302777
Hong Kong SAR,2016,1,Jan,2016-01-01,34742
India,2016,1,Jan,2016-01-01,81363
Indonesia,2016,1,Jan,2016-01-01,249876
Iran,2016,1,Jan,2016-01-01,1156
Israel,2016,1,Jan,2016-01-01,1707
Italy,2016,1,Jan,2016-01-01,6186
Japan,2016,1,Jan,2016-01-01,62275
Kuwait,2016,1,Jan,2016-01-01,1682
Malaysia,2016,1,Jan,2016-01-01,87208
Mauritius,2016,1,Jan,2016-01-01,841
Myanmar,2016,1,Jan,2016-01-01,7703
Netherlands,2016,1,Jan,2016-01-01,7135
New Zealand,2016,1,Jan,2016-01-01,10983
North Asia,2016,1,Jan,2016-01-01,136486
Norway,2016,1,Jan,2016-01-01,2992
Oceania,2016,1,Jan,2016-01-01,129377
Other Markets In Africa,2016,1,Jan,2016-01-01,1777
Other Markets In Americas,2016,1,Jan,2016-01-01,6927
Other Markets In Europe,2016,1,Jan,2016-01-01,22536
Other Markets In Greater China,2016,1,Jan,2016-01-01,1798
Other Markets In North Asia,2016,1,Jan,2016-01-01,31
Other Markets In Oceania,2016,1,Jan,2016-01-01,1321
Other Markets In South Asia,2016,1,Jan,2016-01-01,2483
Other Markets In Southeast Asia,2016,1,Jan,2016-01-01,4813
Other Markets In West Asia,2016,1,Jan,2016-01-01,3060
Others,2016,1,Jan,2016-01-01,1
Pakistan,2016,1,Jan,2016-01-01,1563
Philippines,2016,1,Jan,2016-01-01,44334
Rep Of Ireland,2016,1,Jan,2016-01-01,1916
Russian Federation,2016,1,Jan,2016-01-01,9504
Saudi Arabia,2016,1,Jan,2016-01-01,1420
South Africa (Rep Of),2016,1,Jan,2016-01-01,3359
South Asia,2016,1,Jan,2016-01-01,103184
South Korea,2016,1,Jan,2016-01-01,74180
Southeast Asia,2016,1,Jan,2016-01-01,473005
Spain,2016,1,Jan,2016-01-01,3432
Sri Lanka,2016,1,Jan,2016-01-01,6624
Sweden,2016,1,Jan,2016-01-01,6852
Switzerland,2016,1,Jan,2016-01-01,9072
Taiwan,2016,1,Jan,2016-01-01,37087
Thailand,2016,1,Jan,2016-01-01,44330
Total International Visitor Arrivals By Place Of Residence,2016,1,Jan,2016-01-01,1412123
USA,2016,1,Jan,2016-01-01,48852
United Arab Emirates,2016,1,Jan,2016-01-01,5048
United Kingdom,2016,1,Jan,2016-01-01,48413
Vietnam,2016,1,Jan,2016-01-01,29145
West Asia,2016,1,Jan,2016-01-01,14073
Africa,2016,2,Feb,2016-02-01,3591
Americas,2016,2,Feb,2016-02-01,58800
Australia,2016,2,Feb,2016-02-01,61900
Bangladesh,2016,2,Feb,2016-02-01,8445
Belgium & Luxembourg,2016,2,Feb,2016-02-01,2503
Brunei Darussalam,2016,2,Feb,2016-02-01,4768
Canada,2016,2,Feb,2016-02-01,10558
China,2016,2,Feb,2016-02-01,277926
Denmark,2016,2,Feb,2016-02-01,3988
Egypt,2016,2,Feb,2016-02-01,416
Europe,2016,2,Feb,2016-02-01,173348
Finland,2016,2,Feb,2016-02-01,3959
France,2016,2,Feb,2016-02-01,16417
Germany,2016,2,Feb,2016-02-01,37455
Greater China,2016,2,Feb,2016-02-01,373011
Hong Kong SAR,2016,2,Feb,2016-02-01,49837
India,2016,2,Feb,2016-02-01,64702
Indonesia,2016,2,Feb,2016-02-01,216284
Iran,2016,2,Feb,2016-02-01,1516
Israel,2016,2,Feb,2016-02-01,1655
Italy,2016,2,Feb,2016-02-01,4883
Japan,2016,2,Feb,2016-02-01,65604
Kuwait,2016,2,Feb,2016-02-01,470
Malaysia,2016,2,Feb,2016-02-01,85850
Mauritius,2016,2,Feb,2016-02-01,425
Myanmar,2016,2,Feb,2016-02-01,7090
Netherlands,2016,2,Feb,2016-02-01,6753
New Zealand,2016,2,Feb,2016-02-01,5463
North Asia,2016,2,Feb,2016-02-01,123252
Norway,2016,2,Feb,2016-02-01,2749
Oceania,2016,2,Feb,2016-02-01,68362
Other Markets In Africa,2016,2,Feb,2016-02-01,1054
Other Markets In Americas,2016,2,Feb,2016-02-01,5491
Other Markets In Europe,2016,2,Feb,2016-02-01,21018
Other Markets In Greater China,2016,2,Feb,2016-02-01,2679
Other Markets In North Asia,2016,2,Feb,2016-02-01,53
Other Markets In Oceania,2016,2,Feb,2016-02-01,999
Other Markets In South Asia,2016,2,Feb,2016-02-01,2005
Other Markets In Southeast Asia,2016,2,Feb,2016-02-01,5006
Other Markets In West Asia,2016,2,Feb,2016-02-01,2250
Others,2016,2,Feb,2016-02-01,0
Pakistan,2016,2,Feb,2016-02-01,1250
Philippines,2016,2,Feb,2016-02-01,47217
Rep Of Ireland,2016,2,Feb,2016-02-01,1418
Russian Federation,2016,2,Feb,2016-02-01,6412
Saudi Arabia,2016,2,Feb,2016-02-01,797
South Africa (Rep Of),2016,2,Feb,2016-02-01,1696
South Asia,2016,2,Feb,2016-02-01,82979
South Korea,2016,2,Feb,2016-02-01,57595
Southeast Asia,2016,2,Feb,2016-02-01,440596
Spain,2016,2,Feb,2016-02-01,3159
Sri Lanka,2016,2,Feb,2016-02-01,6577
Sweden,2016,2,Feb,2016-02-01,5075
Switzerland,2016,2,Feb,2016-02-01,9181
Taiwan,2016,2,Feb,2016-02-01,42569
Thailand,2016,2,Feb,2016-02-01,38650
Total International Visitor Arrivals By Place Of Residence,2016,2,Feb,2016-02-01,1335097
USA,2016,2,Feb,2016-02-01,42751
United Arab Emirates,2016,2,Feb,2016-02-01,4470
United Kingdom,2016,2,Feb,2016-02-01,48378
Vietnam,2016,2,Feb,2016-02-01,35731
West Asia,2016,2,Feb,2016-02-01,11158
Africa,2016,3,Mar,2016-03-01,6045
Americas,2016,3,Mar,2016-03-01,63521
Australia,2016,3,Mar,2016-03-01,78701
Bangladesh,2016,3,Mar,2016-03-01,10845
Belgium & Luxembourg,2016,3,Mar,2016-03-01,2760
Brunei Darussalam,2016,3,Mar,2016-03-01,7100
Canada,2016,3,Mar,2016-03-01,10517
China,2016,3,Mar,2016-03-01,241230
Denmark,2016,3,Mar,2016-03-01,3441
Egypt,2016,3,Mar,2016-03-01,283
Europe,2016,3,Mar,2016-03-01,181967
Finland,2016,3,Mar,2016-03-01,3186
France,2016,3,Mar,2016-03-01,14259
Germany,2016,3,Mar,2016-03-01,40603
Greater China,2016,3,Mar,2016-03-01,328713
Hong Kong SAR,2016,3,Mar,2016-03-01,58341
India,2016,3,Mar,2016-03-01,78859
Indonesia,2016,3,Mar,2016-03-01,238160
Iran,2016,3,Mar,2016-03-01,6275
Israel,2016,3,Mar,2016-03-01,1582
Italy,2016,3,Mar,2016-03-01,4825
Japan,2016,3,Mar,2016-03-01,79146
Kuwait,2016,3,Mar,2016-03-01,674
Malaysia,2016,3,Mar,2016-03-01,98135
Mauritius,2016,3,Mar,2016-03-01,892
Myanmar,2016,3,Mar,2016-03-01,10517
Netherlands,2016,3,Mar,2016-03-01,6646
New Zealand,2016,3,Mar,2016-03-01,6616
North Asia,2016,3,Mar,2016-03-01,120159
Norway,2016,3,Mar,2016-03-01,4125
Oceania,2016,3,Mar,2016-03-01,86381
Other Markets In Africa,2016,3,Mar,2016-03-01,1904
Other Markets In Americas,2016,3,Mar,2016-03-01,6346
Other Markets In Europe,2016,3,Mar,2016-03-01,20313
Other Markets In Greater China,2016,3,Mar,2016-03-01,1741
Other Markets In North Asia,2016,3,Mar,2016-03-01,54
Other Markets In Oceania,2016,3,Mar,2016-03-01,1064
Other Markets In South Asia,2016,3,Mar,2016-03-01,2162
Other Markets In Southeast Asia,2016,3,Mar,2016-03-01,4645
Other Markets In West Asia,2016,3,Mar,2016-03-01,2610
Others,2016,3,Mar,2016-03-01,2
Pakistan,2016,3,Mar,2016-03-01,1409
Philippines,2016,3,Mar,2016-03-01,58963
Rep Of Ireland,2016,3,Mar,2016-03-01,1823
Russian Federation,2016,3,Mar,2016-03-01,6744
Saudi Arabia,2016,3,Mar,2016-03-01,1332
South Africa (Rep Of),2016,3,Mar,2016-03-01,2966
South Asia,2016,3,Mar,2016-03-01,99974
South Korea,2016,3,Mar,2016-03-01,40959
Southeast Asia,2016,3,Mar,2016-03-01,499023
Spain,2016,3,Mar,2016-03-01,4382
Sri Lanka,2016,3,Mar,2016-03-01,6699
Sweden,2016,3,Mar,2016-03-01,5278
Switzerland,2016,3,Mar,2016-03-01,8782
Taiwan,2016,3,Mar,2016-03-01,27401
Thailand,2016,3,Mar,2016-03-01,48381
Total International Visitor Arrivals By Place Of Residence,2016,3,Mar,2016-03-01,1406607
USA,2016,3,Mar,2016-03-01,46658
United Arab Emirates,2016,3,Mar,2016-03-01,8349
United Kingdom,2016,3,Mar,2016-03-01,54800
Vietnam,2016,3,Mar,2016-03-01,33122
West Asia,2016,3,Mar,2016-03-01,20822
Africa,2016,4,Apr,2016-04-01,6308
Americas,2016,4,Apr,2016-04-01,52570
Australia,2016,4,Apr,2016-04-01,93320
Bangladesh,2016,4,Apr,2016-04-01,10303
Belgium & Luxembourg,2016,4,Apr,2016-04-01,2411
Brunei Darussalam,2016,4,Apr,2016-04-01,5466
Canada,2016,4,Apr,2016-04-01,7598
China,2016,4,Apr,2016-04-01,269560
Denmark,2016,4,Apr,2016-04-01,2273
Egypt,2016,4,Apr,2016-04-01,410
Europe,2016,4,Apr,2016-04-01,141925
Finland,2016,4,Apr,2016-04-01,1889
France,2016,4,Apr,2016-04-01,16628
Germany,2016,4,Apr,2016-04-01,21371
Greater China,2016,4,Apr,2016-04-01,346908
Hong Kong SAR,2016,4,Apr,2016-04-01,42712
India,2016,4,Apr,2016-04-01,94578
Indonesia,2016,4,Apr,2016-04-01,215353
Iran,2016,4,Apr,2016-04-01,819
Israel,2016,4,Apr,2016-04-01,1270
Italy,2016,4,Apr,2016-04-01,5783
Japan,2016,4,Apr,2016-04-01,49613
Kuwait,2016,4,Apr,2016-04-01,404
Malaysia,2016,4,Apr,2016-04-01,97070
Mauritius,2016,4,Apr,2016-04-01,1196
Myanmar,2016,4,Apr,2016-04-01,14495
Netherlands,2016,4,Apr,2016-04-01,6362
New Zealand,2016,4,Apr,2016-04-01,10042
North Asia,2016,4,Apr,2016-04-01,91011
Norway,2016,4,Apr,2016-04-01,2267
Oceania,2016,4,Apr,2016-04-01,105445
Other Markets In Africa,2016,4,Apr,2016-04-01,1647
Other Markets In Americas,2016,4,Apr,2016-04-01,5617
Other Markets In Europe,2016,4,Apr,2016-04-01,15509
Other Markets In Greater China,2016,4,Apr,2016-04-01,1529
Other Markets In North Asia,2016,4,Apr,2016-04-01,42
Other Markets In Oceania,2016,4,Apr,2016-04-01,2083
Other Markets In South Asia,2016,4,Apr,2016-04-01,2454
Other Markets In Southeast Asia,2016,4,Apr,2016-04-01,8517
Other Markets In West Asia,2016,4,Apr,2016-04-01,2270
Others,2016,4,Apr,2016-04-01,1
Pakistan,2016,4,Apr,2016-04-01,1439
Philippines,2016,4,Apr,2016-04-01,74245
Rep Of Ireland,2016,4,Apr,2016-04-01,1406
Russian Federation,2016,4,Apr,2016-04-01,4961
Saudi Arabia,2016,4,Apr,2016-04-01,789
South Africa (Rep Of),2016,4,Apr,2016-04-01,3055
South Asia,2016,4,Apr,2016-04-01,121482
South Korea,2016,4,Apr,2016-04-01,41356
Southeast Asia,2016,4,Apr,2016-04-01,516058
Spain,2016,4,Apr,2016-04-01,3156
Sri Lanka,2016,4,Apr,2016-04-01,12708
Sweden,2016,4,Apr,2016-04-01,3165
Switzerland,2016,4,Apr,2016-04-01,9192
Taiwan,2016,4,Apr,2016-04-01,33107
Thailand,2016,4,Apr,2016-04-01,62514
Total International Visitor Arrivals By Place Of Residence,2016,4,Apr,2016-04-01,1393972
USA,2016,4,Apr,2016-04-01,39355
United Arab Emirates,2016,4,Apr,2016-04-01,6712
United Kingdom,2016,4,Apr,2016-04-01,45552
Vietnam,2016,4,Apr,2016-04-01,38398
West Asia,2016,4,Apr,2016-04-01,12264
Africa,2016,5,May,2016-05-01,4941
Americas,2016,5,May,2016-05-01,50578
Australia,2016,5,May,2016-05-01,64175
Bangladesh,2016,5,May,2016-05-01,10700
Belgium & Luxembourg,2016,5,May,2016-05-01,1848
Brunei Darussalam,2016,5,May,2016-05-01,5768
Canada,2016,5,May,2016-05-01,7211
China,2016,5,May,2016-05-01,234089
Denmark,2016,5,May,2016-05-01,1618
Egypt,2016,5,May,2016-05-01,424
Europe,2016,5,May,2016-05-01,103933
Finland,2016,5,May,2016-05-01,1490
France,2016,5,May,2016-05-01,11789
Germany,2016,5,May,2016-05-01,17868
Greater China,2016,5,May,2016-05-01,304453
Hong Kong SAR,2016,5,May,2016-05-01,39959
India,2016,5,May,2016-05-01,141986
Indonesia,2016,5,May,2016-05-01,258606
Iran,2016,5,May,2016-05-01,1198
Israel,2016,5,May,2016-05-01,1371
Italy,2016,5,May,2016-05-01,4300
Japan,2016,5,May,2016-05-01,55006
Kuwait,2016,5,May,2016-05-01,549
Malaysia,2016,5,May,2016-05-01,92668
Mauritius,2016,5,May,2016-05-01,621
Myanmar,2016,5,May,2016-05-01,9470
Netherlands,2016,5,May,2016-05-01,6273
New Zealand,2016,5,May,2016-05-01,9715
North Asia,2016,5,May,2016-05-01,99965
Norway,2016,5,May,2016-05-01,1849
Oceania,2016,5,May,2016-05-01,75598
Other Markets In Africa,2016,5,May,2016-05-01,1694
Other Markets In Americas,2016,5,May,2016-05-01,4945
Other Markets In Europe,2016,5,May,2016-05-01,11809
Other Markets In Greater China,2016,5,May,2016-05-01,1596
Other Markets In North Asia,2016,5,May,2016-05-01,27
Other Markets In Oceania,2016,5,May,2016-05-01,1708
Other Markets In South Asia,2016,5,May,2016-05-01,2628
Other Markets In Southeast Asia,2016,5,May,2016-05-01,6260
Other Markets In West Asia,2016,5,May,2016-05-01,1871
Others,2016,5,May,2016-05-01,0
Pakistan,2016,5,May,2016-05-01,1824
Philippines,2016,5,May,2016-05-01,76646
Rep Of Ireland,2016,5,May,2016-05-01,1349
Russian Federation,2016,5,May,2016-05-01,4411
Saudi Arabia,2016,5,May,2016-05-01,1049
South Africa (Rep Of),2016,5,May,2016-05-01,2202
South Asia,2016,5,May,2016-05-01,164572
South Korea,2016,5,May,2016-05-01,44932
Southeast Asia,2016,5,May,2016-05-01,541795
Spain,2016,5,May,2016-05-01,2973
Sri Lanka,2016,5,May,2016-05-01,7434
Sweden,2016,5,May,2016-05-01,2063
Switzerland,2016,5,May,2016-05-01,6626
Taiwan,2016,5,May,2016-05-01,28809
Thailand,2016,5,May,2016-05-01,52331
Total International Visitor Arrivals By Place Of Residence,2016,5,May,2016-05-01,1357543
USA,2016,5,May,2016-05-01,38422
United Arab Emirates,2016,5,May,2016-05-01,5670
United Kingdom,2016,5,May,2016-05-01,27667
Vietnam,2016,5,May,2016-05-01,40046
West Asia,2016,5,May,2016-05-01,11708
Africa,2016,6,Jun,2016-06-01,3932
Americas,2016,6,Jun,2016-06-01,56233
Australia,2016,6,Jun,2016-06-01,77805
Bangladesh,2016,6,Jun,2016-06-01,8949
Belgium & Luxembourg,2016,6,Jun,2016-06-01,1586
Brunei Darussalam,2016,6,Jun,2016-06-01,5061
Canada,2016,6,Jun,2016-06-01,5360
China,2016,6,Jun,2016-06-01,221614
Denmark,2016,6,Jun,2016-06-01,1515
Egypt,2016,6,Jun,2016-06-01,197
Europe,2016,6,Jun,2016-06-01,86155
Finland,2016,6,Jun,2016-06-01,1434
France,2016,6,Jun,2016-06-01,8954
Germany,2016,6,Jun,2016-06-01,13776
Greater China,2016,6,Jun,2016-06-01,302687
Hong Kong SAR,2016,6,Jun,2016-06-01,42330
India,2016,6,Jun,2016-06-01,112026
Indonesia,2016,6,Jun,2016-06-01,235444
Iran,2016,6,Jun,2016-06-01,972
Israel,2016,6,Jun,2016-06-01,1007
Italy,2016,6,Jun,2016-06-01,4272
Japan,2016,6,Jun,2016-06-01,54993
Kuwait,2016,6,Jun,2016-06-01,259
Malaysia,2016,6,Jun,2016-06-01,91901
Mauritius,2016,6,Jun,2016-06-01,579
Myanmar,2016,6,Jun,2016-06-01,9731
Netherlands,2016,6,Jun,2016-06-01,4510
New Zealand,2016,6,Jun,2016-06-01,10862
North Asia,2016,6,Jun,2016-06-01,98803
Norway,2016,6,Jun,2016-06-01,1887
Oceania,2016,6,Jun,2016-06-01,90417
Other Markets In Africa,2016,6,Jun,2016-06-01,1324
Other Markets In Americas,2016,6,Jun,2016-06-01,4718
Other Markets In Europe,2016,6,Jun,2016-06-01,9460
Other Markets In Greater China,2016,6,Jun,2016-06-01,2025
Other Markets In North Asia,2016,6,Jun,2016-06-01,44
Other Markets In Oceania,2016,6,Jun,2016-06-01,1750
Other Markets In South Asia,2016,6,Jun,2016-06-01,2254
Other Markets In Southeast Asia,2016,6,Jun,2016-06-01,5215
Other Markets In West Asia,2016,6,Jun,2016-06-01,1412
Others,2016,6,Jun,2016-06-01,1
Pakistan,2016,6,Jun,2016-06-01,1196
Philippines,2016,6,Jun,2016-06-01,56702
Rep Of Ireland,2016,6,Jun,2016-06-01,1579
Russian Federation,2016,6,Jun,2016-06-01,3486
Saudi Arabia,2016,6,Jun,2016-06-01,501
South Africa (Rep Of),2016,6,Jun,2016-06-01,1832
South Asia,2016,6,Jun,2016-06-01,130189
South Korea,2016,6,Jun,2016-06-01,43766
Southeast Asia,2016,6,Jun,2016-06-01,493485
Spain,2016,6,Jun,2016-06-01,2541
Sri Lanka,2016,6,Jun,2016-06-01,5764
Sweden,2016,6,Jun,2016-06-01,1963
Switzerland,2016,6,Jun,2016-06-01,4779
Taiwan,2016,6,Jun,2016-06-01,36718
Thailand,2016,6,Jun,2016-06-01,36982
Total International Visitor Arrivals By Place Of Residence,2016,6,Jun,2016-06-01,1270531
USA,2016,6,Jun,2016-06-01,46155
United Arab Emirates,2016,6,Jun,2016-06-01,4478
United Kingdom,2016,6,Jun,2016-06-01,24413
Vietnam,2016,6,Jun,2016-06-01,52449
West Asia,2016,6,Jun,2016-06-01,8629
Africa,2016,7,Jul,2016-07-01,6165
Americas,2016,7,Jul,2016-07-01,59258
Australia,2016,7,Jul,2016-07-01,103689
Bangladesh,2016,7,Jul,2016-07-01,12303
Belgium & Luxembourg,2016,7,Jul,2016-07-01,3310
Brunei Darussalam,2016,7,Jul,2016-07-01,6409
Canada,2016,7,Jul,2016-07-01,7547
China,2016,7,Jul,2016-07-01,311124
Denmark,2016,7,Jul,2016-07-01,3506
Egypt,2016,7,Jul,2016-07-01,340
Europe,2016,7,Jul,2016-07-01,140279
Finland,2016,7,Jul,2016-07-01,1586
France,2016,7,Jul,2016-07-01,16844
Germany,2016,7,Jul,2016-07-01,19327
Greater China,2016,7,Jul,2016-07-01,430751
Hong Kong SAR,2016,7,Jul,2016-07-01,69847
India,2016,7,Jul,2016-07-01,87919
Indonesia,2016,7,Jul,2016-07-01,319759
Iran,2016,7,Jul,2016-07-01,1529
Israel,2016,7,Jul,2016-07-01,1446
Italy,2016,7,Jul,2016-07-01,6093
Japan,2016,7,Jul,2016-07-01,64715
Kuwait,2016,7,Jul,2016-07-01,1946
Malaysia,2016,7,Jul,2016-07-01,100397
Mauritius,2016,7,Jul,2016-07-01,823
Myanmar,2016,7,Jul,2016-07-01,9937
Netherlands,2016,7,Jul,2016-07-01,9454
New Zealand,2016,7,Jul,2016-07-01,14548
North Asia,2016,7,Jul,2016-07-01,119480
Norway,2016,7,Jul,2016-07-01,3166
Oceania,2016,7,Jul,2016-07-01,119907
Other Markets In Africa,2016,7,Jul,2016-07-01,2196
Other Markets In Americas,2016,7,Jul,2016-07-01,4622
Other Markets In Europe,2016,7,Jul,2016-07-01,14800
Other Markets In Greater China,2016,7,Jul,2016-07-01,3089
Other Markets In North Asia,2016,7,Jul,2016-07-01,65
Other Markets In Oceania,2016,7,Jul,2016-07-01,1670
Other Markets In South Asia,2016,7,Jul,2016-07-01,3064
Other Markets In Southeast Asia,2016,7,Jul,2016-07-01,6195
Other Markets In West Asia,2016,7,Jul,2016-07-01,5880
Others,2016,7,Jul,2016-07-01,0
Pakistan,2016,7,Jul,2016-07-01,3823
Philippines,2016,7,Jul,2016-07-01,55005
Rep Of Ireland,2016,7,Jul,2016-07-01,2006
Russian Federation,2016,7,Jul,2016-07-01,4349
Saudi Arabia,2016,7,Jul,2016-07-01,2278
South Africa (Rep Of),2016,7,Jul,2016-07-01,2806
South Asia,2016,7,Jul,2016-07-01,115028
South Korea,2016,7,Jul,2016-07-01,54700
Southeast Asia,2016,7,Jul,2016-07-01,607290
Spain,2016,7,Jul,2016-07-01,4973
Sri Lanka,2016,7,Jul,2016-07-01,7919
Sweden,2016,7,Jul,2016-07-01,2991
Switzerland,2016,7,Jul,2016-07-01,10602
Taiwan,2016,7,Jul,2016-07-01,46691
Thailand,2016,7,Jul,2016-07-01,49788
Total International Visitor Arrivals By Place Of Residence,2016,7,Jul,2016-07-01,1622405
USA,2016,7,Jul,2016-07-01,47089
United Arab Emirates,2016,7,Jul,2016-07-01,11168
United Kingdom,2016,7,Jul,2016-07-01,37272
Vietnam,2016,7,Jul,2016-07-01,59800
West Asia,2016,7,Jul,2016-07-01,24247
Africa,2016,8,Aug,2016-08-01,6478
Americas,2016,8,Aug,2016-08-01,48661
Australia,2016,8,Aug,2016-08-01,78888
Bangladesh,2016,8,Aug,2016-08-01,9694
Belgium & Luxembourg,2016,8,Aug,2016-08-01,3147
Brunei Darussalam,2016,8,Aug,2016-08-01,4665
Canada,2016,8,Aug,2016-08-01,6896
China,2016,8,Aug,2016-08-01,315548
Denmark,2016,8,Aug,2016-08-01,1940
Egypt,2016,8,Aug,2016-08-01,462
Europe,2016,8,Aug,2016-08-01,167971
Finland,2016,8,Aug,2016-08-01,1114
France,2016,8,Aug,2016-08-01,23795
Germany,2016,8,Aug,2016-08-01,25895
Greater China,2016,8,Aug,2016-08-01,433176
Hong Kong SAR,2016,8,Aug,2016-08-01,70842
India,2016,8,Aug,2016-08-01,80977
Indonesia,2016,8,Aug,2016-08-01,210626
Iran,2016,8,Aug,2016-08-01,1901
Israel,2016,8,Aug,2016-08-01,1556
Italy,2016,8,Aug,2016-08-01,16139
Japan,2016,8,Aug,2016-08-01,93619
Kuwait,2016,8,Aug,2016-08-01,2224
Malaysia,2016,8,Aug,2016-08-01,81655
Mauritius,2016,8,Aug,2016-08-01,882
Myanmar,2016,8,Aug,2016-08-01,8012
Netherlands,2016,8,Aug,2016-08-01,9452
New Zealand,2016,8,Aug,2016-08-01,11873
North Asia,2016,8,Aug,2016-08-01,155678
Norway,2016,8,Aug,2016-08-01,1668
Oceania,2016,8,Aug,2016-08-01,92290
Other Markets In Africa,2016,8,Aug,2016-08-01,2852
Other Markets In Americas,2016,8,Aug,2016-08-01,3649
Other Markets In Europe,2016,8,Aug,2016-08-01,16040
Other Markets In Greater China,2016,8,Aug,2016-08-01,4512
Other Markets In North Asia,2016,8,Aug,2016-08-01,41
Other Markets In Oceania,2016,8,Aug,2016-08-01,1529
Other Markets In South Asia,2016,8,Aug,2016-08-01,2971
Other Markets In Southeast Asia,2016,8,Aug,2016-08-01,6225
Other Markets In West Asia,2016,8,Aug,2016-08-01,4956
Others,2016,8,Aug,2016-08-01,0
Pakistan,2016,8,Aug,2016-08-01,2494
Philippines,2016,8,Aug,2016-08-01,50362
Rep Of Ireland,2016,8,Aug,2016-08-01,1443
Russian Federation,2016,8,Aug,2016-08-01,5002
Saudi Arabia,2016,8,Aug,2016-08-01,2074
South Africa (Rep Of),2016,8,Aug,2016-08-01,2282
South Asia,2016,8,Aug,2016-08-01,107278
South Korea,2016,8,Aug,2016-08-01,62018
Southeast Asia,2016,8,Aug,2016-08-01,447752
Spain,2016,8,Aug,2016-08-01,8652
Sri Lanka,2016,8,Aug,2016-08-01,11142
Sweden,2016,8,Aug,2016-08-01,1908
Switzerland,2016,8,Aug,2016-08-01,8475
Taiwan,2016,8,Aug,2016-08-01,42274
Thailand,2016,8,Aug,2016-08-01,39434
Total International Visitor Arrivals By Place Of Residence,2016,8,Aug,2016-08-01,1481876
USA,2016,8,Aug,2016-08-01,38116
United Arab Emirates,2016,8,Aug,2016-08-01,9881
United Kingdom,2016,8,Aug,2016-08-01,43301
Vietnam,2016,8,Aug,2016-08-01,46773
West Asia,2016,8,Aug,2016-08-01,22592
Africa,2016,9,Sep,2016-09-01,5308
Americas,2016,9,Sep,2016-09-01,42901
Australia,2016,9,Sep,2016-09-01,92210
Bangladesh,2016,9,Sep,2016-09-01,10081
Belgium & Luxembourg,2016,9,Sep,2016-09-01,2282
Brunei Darussalam,2016,9,Sep,2016-09-01,5551
Canada,2016,9,Sep,2016-09-01,5257
China,2016,9,Sep,2016-09-01,170204
Denmark,2016,9,Sep,2016-09-01,1891
Egypt,2016,9,Sep,2016-09-01,448
Europe,2016,9,Sep,2016-09-01,123106
Finland,2016,9,Sep,2016-09-01,1688
France,2016,9,Sep,2016-09-01,11176
Germany,2016,9,Sep,2016-09-01,22567
Greater China,2016,9,Sep,2016-09-01,232061
Hong Kong SAR,2016,9,Sep,2016-09-01,30252
India,2016,9,Sep,2016-09-01,75074
Indonesia,2016,9,Sep,2016-09-01,186610
Iran,2016,9,Sep,2016-09-01,2534
Israel,2016,9,Sep,2016-09-01,1639
Italy,2016,9,Sep,2016-09-01,5731
Japan,2016,9,Sep,2016-09-01,68997
Kuwait,2016,9,Sep,2016-09-01,1399
Malaysia,2016,9,Sep,2016-09-01,93519
Mauritius,2016,9,Sep,2016-09-01,688
Myanmar,2016,9,Sep,2016-09-01,7102
Netherlands,2016,9,Sep,2016-09-01,6078
New Zealand,2016,9,Sep,2016-09-01,11514
North Asia,2016,9,Sep,2016-09-01,106835
Norway,2016,9,Sep,2016-09-01,1651
Oceania,2016,9,Sep,2016-09-01,105400
Other Markets In Africa,2016,9,Sep,2016-09-01,1742
Other Markets In Americas,2016,9,Sep,2016-09-01,4382
Other Markets In Europe,2016,9,Sep,2016-09-01,14129
Other Markets In Greater China,2016,9,Sep,2016-09-01,1338
Other Markets In North Asia,2016,9,Sep,2016-09-01,96
Other Markets In Oceania,2016,9,Sep,2016-09-01,1676
Other Markets In South Asia,2016,9,Sep,2016-09-01,2622
Other Markets In Southeast Asia,2016,9,Sep,2016-09-01,4904
Other Markets In West Asia,2016,9,Sep,2016-09-01,3006
Others,2016,9,Sep,2016-09-01,0
Pakistan,2016,9,Sep,2016-09-01,1893
Philippines,2016,9,Sep,2016-09-01,45804
Rep Of Ireland,2016,9,Sep,2016-09-01,1425
Russian Federation,2016,9,Sep,2016-09-01,4503
Saudi Arabia,2016,9,Sep,2016-09-01,1750
South Africa (Rep Of),2016,9,Sep,2016-09-01,2430
South Asia,2016,9,Sep,2016-09-01,97415
South Korea,2016,9,Sep,2016-09-01,37742
Southeast Asia,2016,9,Sep,2016-09-01,413178
Spain,2016,9,Sep,2016-09-01,4377
Sri Lanka,2016,9,Sep,2016-09-01,7745
Sweden,2016,9,Sep,2016-09-01,2076
Switzerland,2016,9,Sep,2016-09-01,7003
Taiwan,2016,9,Sep,2016-09-01,30267
Thailand,2016,9,Sep,2016-09-01,36911
Total International Visitor Arrivals By Place Of Residence,2016,9,Sep,2016-09-01,1144063
USA,2016,9,Sep,2016-09-01,33262
United Arab Emirates,2016,9,Sep,2016-09-01,7531
United Kingdom,2016,9,Sep,2016-09-01,36529
Vietnam,2016,9,Sep,2016-09-01,32777
West Asia,2016,9,Sep,2016-09-01,17859
Africa,2016,10,Oct,2016-10-01,6015
Americas,2016,10,Oct,2016-10-01,53083
Australia,2016,10,Oct,2016-10-01,85395
Bangladesh,2016,10,Oct,2016-10-01,10078
Belgium & Luxembourg,2016,10,Oct,2016-10-01,2565
Brunei Darussalam,2016,10,Oct,2016-10-01,4022
Canada,2016,10,Oct,2016-10-01,7170
China,2016,10,Oct,2016-10-01,173185
Denmark,2016,10,Oct,2016-10-01,2795
Egypt,2016,10,Oct,2016-10-01,370
Europe,2016,10,Oct,2016-10-01,149426
Finland,2016,10,Oct,2016-10-01,2725
France,2016,10,Oct,2016-10-01,14543
Germany,2016,10,Oct,2016-10-01,27153
Greater China,2016,10,Oct,2016-10-01,232317
Hong Kong SAR,2016,10,Oct,2016-10-01,31512
India,2016,10,Oct,2016-10-01,94649
Indonesia,2016,10,Oct,2016-10-01,213070
Iran,2016,10,Oct,2016-10-01,1718
Israel,2016,10,Oct,2016-10-01,2232
Italy,2016,10,Oct,2016-10-01,5336
Japan,2016,10,Oct,2016-10-01,62858
Kuwait,2016,10,Oct,2016-10-01,372
Malaysia,2016,10,Oct,2016-10-01,92736
Mauritius,2016,10,Oct,2016-10-01,1013
Myanmar,2016,10,Oct,2016-10-01,8218
Netherlands,2016,10,Oct,2016-10-01,6602
New Zealand,2016,10,Oct,2016-10-01,10961
North Asia,2016,10,Oct,2016-10-01,97212
Norway,2016,10,Oct,2016-10-01,2286
Oceania,2016,10,Oct,2016-10-01,97974
Other Markets In Africa,2016,10,Oct,2016-10-01,1823
Other Markets In Americas,2016,10,Oct,2016-10-01,5636
Other Markets In Europe,2016,10,Oct,2016-10-01,15829
Other Markets In Greater China,2016,10,Oct,2016-10-01,1350
Other Markets In North Asia,2016,10,Oct,2016-10-01,8
Other Markets In Oceania,2016,10,Oct,2016-10-01,1618
Other Markets In South Asia,2016,10,Oct,2016-10-01,4580
Other Markets In Southeast Asia,2016,10,Oct,2016-10-01,5342
Other Markets In West Asia,2016,10,Oct,2016-10-01,1570
Others,2016,10,Oct,2016-10-01,0
Pakistan,2016,10,Oct,2016-10-01,1901
Philippines,2016,10,Oct,2016-10-01,57924
Rep Of Ireland,2016,10,Oct,2016-10-01,1693
Russian Federation,2016,10,Oct,2016-10-01,6006
Saudi Arabia,2016,10,Oct,2016-10-01,598
South Africa (Rep Of),2016,10,Oct,2016-10-01,2809
South Asia,2016,10,Oct,2016-10-01,119033
South Korea,2016,10,Oct,2016-10-01,34346
Southeast Asia,2016,10,Oct,2016-10-01,471598
Spain,2016,10,Oct,2016-10-01,4166
Sri Lanka,2016,10,Oct,2016-10-01,7825
Sweden,2016,10,Oct,2016-10-01,3422
Switzerland,2016,10,Oct,2016-10-01,10464
Taiwan,2016,10,Oct,2016-10-01,26270
Thailand,2016,10,Oct,2016-10-01,58094
Total International Visitor Arrivals By Place Of Residence,2016,10,Oct,2016-10-01,1237675
USA,2016,10,Oct,2016-10-01,40277
United Arab Emirates,2016,10,Oct,2016-10-01,4527
United Kingdom,2016,10,Oct,2016-10-01,43841
Vietnam,2016,10,Oct,2016-10-01,32192
West Asia,2016,10,Oct,2016-10-01,11017
Africa,2016,11,Nov,2016-11-01,6478
Americas,2016,11,Nov,2016-11-01,60401
Australia,2016,11,Nov,2016-11-01,73308
Bangladesh,2016,11,Nov,2016-11-01,9830
Belgium & Luxembourg,2016,11,Nov,2016-11-01,2491
Brunei Darussalam,2016,11,Nov,2016-11-01,5256
Canada,2016,11,Nov,2016-11-01,9104
China,2016,11,Nov,2016-11-01,193984
Denmark,2016,11,Nov,2016-11-01,2273
Egypt,2016,11,Nov,2016-11-01,350
Europe,2016,11,Nov,2016-11-01,144990
Finland,2016,11,Nov,2016-11-01,2390
France,2016,11,Nov,2016-11-01,12615
Germany,2016,11,Nov,2016-11-01,28441
Greater China,2016,11,Nov,2016-11-01,247733
Hong Kong SAR,2016,11,Nov,2016-11-01,30832
India,2016,11,Nov,2016-11-01,90734
Indonesia,2016,11,Nov,2016-11-01,219845
Iran,2016,11,Nov,2016-11-01,1632
Israel,2016,11,Nov,2016-11-01,1729
Italy,2016,11,Nov,2016-11-01,5425
Japan,2016,11,Nov,2016-11-01,64466
Kuwait,2016,11,Nov,2016-11-01,365
Malaysia,2016,11,Nov,2016-11-01,101549
Mauritius,2016,11,Nov,2016-11-01,2478
Myanmar,2016,11,Nov,2016-11-01,7648
Netherlands,2016,11,Nov,2016-11-01,6777
New Zealand,2016,11,Nov,2016-11-01,8529
North Asia,2016,11,Nov,2016-11-01,100810
Norway,2016,11,Nov,2016-11-01,2440
Oceania,2016,11,Nov,2016-11-01,83536
Other Markets In Africa,2016,11,Nov,2016-11-01,1558
Other Markets In Americas,2016,11,Nov,2016-11-01,6326
Other Markets In Europe,2016,11,Nov,2016-11-01,16685
Other Markets In Greater China,2016,11,Nov,2016-11-01,1349
Other Markets In North Asia,2016,11,Nov,2016-11-01,30
Other Markets In Oceania,2016,11,Nov,2016-11-01,1699
Other Markets In South Asia,2016,11,Nov,2016-11-01,3057
Other Markets In Southeast Asia,2016,11,Nov,2016-11-01,6834
Other Markets In West Asia,2016,11,Nov,2016-11-01,1629
Others,2016,11,Nov,2016-11-01,1
Pakistan,2016,11,Nov,2016-11-01,1473
Philippines,2016,11,Nov,2016-11-01,55814
Rep Of Ireland,2016,11,Nov,2016-11-01,1453
Russian Federation,2016,11,Nov,2016-11-01,7286
Saudi Arabia,2016,11,Nov,2016-11-01,1123
South Africa (Rep Of),2016,11,Nov,2016-11-01,2092
South Asia,2016,11,Nov,2016-11-01,114255
South Korea,2016,11,Nov,2016-11-01,36314
Southeast Asia,2016,11,Nov,2016-11-01,465948
Spain,2016,11,Nov,2016-11-01,4088
Sri Lanka,2016,11,Nov,2016-11-01,9161
Sweden,2016,11,Nov,2016-11-01,4142
Switzerland,2016,11,Nov,2016-11-01,8766
Taiwan,2016,11,Nov,2016-11-01,21568
Thailand,2016,11,Nov,2016-11-01,35520
Total International Visitor Arrivals By Place Of Residence,2016,11,Nov,2016-11-01,1235433
USA,2016,11,Nov,2016-11-01,44971
United Arab Emirates,2016,11,Nov,2016-11-01,4803
United Kingdom,2016,11,Nov,2016-11-01,39718
Vietnam,2016,11,Nov,2016-11-01,33482
West Asia,2016,11,Nov,2016-11-01,11281
Africa,2016,12,Dec,2016-12-01,10784
Americas,2016,12,Dec,2016-12-01,67650
Australia,2016,12,Dec,2016-12-01,100849
Bangladesh,2016,12,Dec,2016-12-01,10960
Belgium & Luxembourg,2016,12,Dec,2016-12-01,2166
Brunei Darussalam,2016,12,Dec,2016-12-01,10229
Canada,2016,12,Dec,2016-12-01,10047
China,2016,12,Dec,2016-12-01,226020
Denmark,2016,12,Dec,2016-12-01,2173
Egypt,2016,12,Dec,2016-12-01,338
Europe,2016,12,Dec,2016-12-01,150103
Finland,2016,12,Dec,2016-12-01,2750
France,2016,12,Dec,2016-12-01,11749
Germany,2016,12,Dec,2016-12-01,35176
Greater China,2016,12,Dec,2016-12-01,286667
Hong Kong SAR,2016,12,Dec,2016-12-01,36763
India,2016,12,Dec,2016-12-01,94323
Indonesia,2016,12,Dec,2016-12-01,329994
Iran,2016,12,Dec,2016-12-01,1391
Israel,2016,12,Dec,2016-12-01,1441
Italy,2016,12,Dec,2016-12-01,5656
Japan,2016,12,Dec,2016-12-01,62570
Kuwait,2016,12,Dec,2016-12-01,779
Malaysia,2016,12,Dec,2016-12-01,128897
Mauritius,2016,12,Dec,2016-12-01,2394
Myanmar,2016,12,Dec,2016-12-01,13691
Netherlands,2016,12,Dec,2016-12-01,6200
New Zealand,2016,12,Dec,2016-12-01,9994
North Asia,2016,12,Dec,2016-12-01,101187
Norway,2016,12,Dec,2016-12-01,2170
Oceania,2016,12,Dec,2016-12-01,113380
Other Markets In Africa,2016,12,Dec,2016-12-01,2747
Other Markets In Americas,2016,12,Dec,2016-12-01,7061
Other Markets In Europe,2016,12,Dec,2016-12-01,16492
Other Markets In Greater China,2016,12,Dec,2016-12-01,2430
Other Markets In North Asia,2016,12,Dec,2016-12-01,16
Other Markets In Oceania,2016,12,Dec,2016-12-01,2537
Other Markets In South Asia,2016,12,Dec,2016-12-01,4069
Other Markets In Southeast Asia,2016,12,Dec,2016-12-01,7204
Other Markets In West Asia,2016,12,Dec,2016-12-01,2900
Others,2016,12,Dec,2016-12-01,110
Pakistan,2016,12,Dec,2016-12-01,1947
Philippines,2016,12,Dec,2016-12-01,68624
Rep Of Ireland,2016,12,Dec,2016-12-01,1432
Russian Federation,2016,12,Dec,2016-12-01,7739
Saudi Arabia,2016,12,Dec,2016-12-01,809
South Africa (Rep Of),2016,12,Dec,2016-12-01,5305
South Asia,2016,12,Dec,2016-12-01,123606
South Korea,2016,12,Dec,2016-12-01,38601
Southeast Asia,2016,12,Dec,2016-12-01,637752
Spain,2016,12,Dec,2016-12-01,3592
Sri Lanka,2016,12,Dec,2016-12-01,12307
Sweden,2016,12,Dec,2016-12-01,4830
Switzerland,2016,12,Dec,2016-12-01,8513
Taiwan,2016,12,Dec,2016-12-01,21454
Thailand,2016,12,Dec,2016-12-01,43619
Total International Visitor Arrivals By Place Of Residence,2016,12,Dec,2016-12-01,1506134
USA,2016,12,Dec,2016-12-01,50542
United Arab Emirates,2016,12,Dec,2016-12-01,7575
United Kingdom,2016,12,Dec,2016-12-01,39465
Vietnam,2016,12,Dec,2016-12-01,35494
West Asia,2016,12,Dec,2016-12-01,14895
Africa,2017,1,Jan,2017-01-01,7040
Americas,2017,1,Jan,2017-01-01,72376
Australia,2017,1,Jan,2017-01-01,115930
Bangladesh,2017,1,Jan,2017-01-01,9712
Belgium & Luxembourg,2017,1,Jan,2017-01-01,2336
Brunei Darussalam,2017,1,Jan,2017-01-01,5297
Canada,2017,1,Jan,2017-01-01,11225
China,2017,1,Jan,2017-01-01,316805
Denmark,2017,1,Jan,2017-01-01,3364
Egypt,2017,1,Jan,2017-01-01,281
Europe,2017,1,Jan,2017-01-01,177009
Finland,2017,1,Jan,2017-01-01,3929
France,2017,1,Jan,2017-01-01,12356
Germany,2017,1,Jan,2017-01-01,37068
Greater China,2017,1,Jan,2017-01-01,389744
Hong Kong SAR,2017,1,Jan,2017-01-01,34436
India,2017,1,Jan,2017-01-01,80062
Indonesia,2017,1,Jan,2017-01-01,254634
Iran,2017,1,Jan,2017-01-01,1421
Israel,2017,1,Jan,2017-01-01,1630
Italy,2017,1,Jan,2017-01-01,6231
Japan,2017,1,Jan,2017-01-01,53377
Kuwait,2017,1,Jan,2017-01-01,1154
Malaysia,2017,1,Jan,2017-01-01,84504
Mauritius,2017,1,Jan,2017-01-01,1142
Myanmar,2017,1,Jan,2017-01-01,9902
Netherlands,2017,1,Jan,2017-01-01,7187
New Zealand,2017,1,Jan,2017-01-01,10778
North Asia,2017,1,Jan,2017-01-01,113643
Norway,2017,1,Jan,2017-01-01,2522
Oceania,2017,1,Jan,2017-01-01,128719
Other Markets In Africa,2017,1,Jan,2017-01-01,1893
Other Markets In Americas,2017,1,Jan,2017-01-01,9589
Other Markets In Europe,2017,1,Jan,2017-01-01,22844
Other Markets In Greater China,2017,1,Jan,2017-01-01,2316
Other Markets In North Asia,2017,1,Jan,2017-01-01,19
Other Markets In Oceania,2017,1,Jan,2017-01-01,2011
Other Markets In South Asia,2017,1,Jan,2017-01-01,3330
Other Markets In Southeast Asia,2017,1,Jan,2017-01-01,6108
Other Markets In West Asia,2017,1,Jan,2017-01-01,2733
Others,2017,1,Jan,2017-01-01,0
Pakistan,2017,1,Jan,2017-01-01,1520
Philippines,2017,1,Jan,2017-01-01,46187
Rep Of Ireland,2017,1,Jan,2017-01-01,1706
Russian Federation,2017,1,Jan,2017-01-01,12262
Saudi Arabia,2017,1,Jan,2017-01-01,1065
South Africa (Rep Of),2017,1,Jan,2017-01-01,3724
South Asia,2017,1,Jan,2017-01-01,100555
South Korea,2017,1,Jan,2017-01-01,60247
Southeast Asia,2017,1,Jan,2017-01-01,478812
Spain,2017,1,Jan,2017-01-01,3529
Sri Lanka,2017,1,Jan,2017-01-01,5931
Sweden,2017,1,Jan,2017-01-01,6232
Switzerland,2017,1,Jan,2017-01-01,9079
Taiwan,2017,1,Jan,2017-01-01,36187
Thailand,2017,1,Jan,2017-01-01,36813
Total International Visitor Arrivals By Place Of Residence,2017,1,Jan,2017-01-01,1480479
USA,2017,1,Jan,2017-01-01,51562
United Arab Emirates,2017,1,Jan,2017-01-01,4578
United Kingdom,2017,1,Jan,2017-01-01,46364
Vietnam,2017,1,Jan,2017-01-01,35367
West Asia,2017,1,Jan,2017-01-01,12581
Africa,2017,2,Feb,2017-02-01,4403
Americas,2017,2,Feb,2017-02-01,68575
Australia,2017,2,Feb,2017-02-01,71416
Bangladesh,2017,2,Feb,2017-02-01,8788
Belgium & Luxembourg,2017,2,Feb,2017-02-01,2431
Brunei Darussalam,2017,2,Feb,2017-02-01,4379
Canada,2017,2,Feb,2017-02-01,11213
China,2017,2,Feb,2017-02-01,268993
Denmark,2017,2,Feb,2017-02-01,4099
Egypt,2017,2,Feb,2017-02-01,312
Europe,2017,2,Feb,2017-02-01,188107
Finland,2017,2,Feb,2017-02-01,3834
France,2017,2,Feb,2017-02-01,16851
Germany,2017,2,Feb,2017-02-01,40022
Greater China,2017,2,Feb,2017-02-01,342756
Hong Kong SAR,2017,2,Feb,2017-02-01,33169
India,2017,2,Feb,2017-02-01,75905
Indonesia,2017,2,Feb,2017-02-01,208853
Iran,2017,2,Feb,2017-02-01,1704
Israel,2017,2,Feb,2017-02-01,1799
Italy,2017,2,Feb,2017-02-01,5320
Japan,2017,2,Feb,2017-02-01,72654
Kuwait,2017,2,Feb,2017-02-01,508
Malaysia,2017,2,Feb,2017-02-01,85058
Mauritius,2017,2,Feb,2017-02-01,908
Myanmar,2017,2,Feb,2017-02-01,9783
Netherlands,2017,2,Feb,2017-02-01,6971
New Zealand,2017,2,Feb,2017-02-01,6928
North Asia,2017,2,Feb,2017-02-01,132843
Norway,2017,2,Feb,2017-02-01,2990
Oceania,2017,2,Feb,2017-02-01,79801
Other Markets In Africa,2017,2,Feb,2017-02-01,1496
Other Markets In Americas,2017,2,Feb,2017-02-01,7992
Other Markets In Europe,2017,2,Feb,2017-02-01,21341
Other Markets In Greater China,2017,2,Feb,2017-02-01,1728
Other Markets In North Asia,2017,2,Feb,2017-02-01,15
Other Markets In Oceania,2017,2,Feb,2017-02-01,1457
Other Markets In South Asia,2017,2,Feb,2017-02-01,2577
Other Markets In Southeast Asia,2017,2,Feb,2017-02-01,5417
Other Markets In West Asia,2017,2,Feb,2017-02-01,2069
Others,2017,2,Feb,2017-02-01,0
Pakistan,2017,2,Feb,2017-02-01,1522
Philippines,2017,2,Feb,2017-02-01,51160
Rep Of Ireland,2017,2,Feb,2017-02-01,1625
Russian Federation,2017,2,Feb,2017-02-01,8949
Saudi Arabia,2017,2,Feb,2017-02-01,835
South Africa (Rep Of),2017,2,Feb,2017-02-01,1687
South Asia,2017,2,Feb,2017-02-01,95038
South Korea,2017,2,Feb,2017-02-01,60174
Southeast Asia,2017,2,Feb,2017-02-01,437738
Spain,2017,2,Feb,2017-02-01,3625
Sri Lanka,2017,2,Feb,2017-02-01,6246
Sweden,2017,2,Feb,2017-02-01,5726
Switzerland,2017,2,Feb,2017-02-01,9867
Taiwan,2017,2,Feb,2017-02-01,38866
Thailand,2017,2,Feb,2017-02-01,38502
Total International Visitor Arrivals By Place Of Residence,2017,2,Feb,2017-02-01,1361010
USA,2017,2,Feb,2017-02-01,49370
United Arab Emirates,2017,2,Feb,2017-02-01,4834
United Kingdom,2017,2,Feb,2017-02-01,54456
Vietnam,2017,2,Feb,2017-02-01,34586
West Asia,2017,2,Feb,2017-02-01,11749
Africa,2017,3,Mar,2017-03-01,5566
Americas,2017,3,Mar,2017-03-01,72468
Australia,2017,3,Mar,2017-03-01,85040
Bangladesh,2017,3,Mar,2017-03-01,10218
Belgium & Luxembourg,2017,3,Mar,2017-03-01,2678
Brunei Darussalam,2017,3,Mar,2017-03-01,7835
Canada,2017,3,Mar,2017-03-01,11493
China,2017,3,Mar,2017-03-01,264711
Denmark,2017,3,Mar,2017-03-01,3182
Egypt,2017,3,Mar,2017-03-01,390
Europe,2017,3,Mar,2017-03-01,188890
Finland,2017,3,Mar,2017-03-01,3101
France,2017,3,Mar,2017-03-01,14751
Germany,2017,3,Mar,2017-03-01,43618
Greater China,2017,3,Mar,2017-03-01,328080
Hong Kong SAR,2017,3,Mar,2017-03-01,33561
India,2017,3,Mar,2017-03-01,85299
Indonesia,2017,3,Mar,2017-03-01,256636
Iran,2017,3,Mar,2017-03-01,8000
Israel,2017,3,Mar,2017-03-01,1633
Italy,2017,3,Mar,2017-03-01,5470
Japan,2017,3,Mar,2017-03-01,82293
Kuwait,2017,3,Mar,2017-03-01,703
Malaysia,2017,3,Mar,2017-03-01,105372
Mauritius,2017,3,Mar,2017-03-01,864
Myanmar,2017,3,Mar,2017-03-01,12656
Netherlands,2017,3,Mar,2017-03-01,6755
New Zealand,2017,3,Mar,2017-03-01,8459
North Asia,2017,3,Mar,2017-03-01,126243
Norway,2017,3,Mar,2017-03-01,2675
Oceania,2017,3,Mar,2017-03-01,95041
Other Markets In Africa,2017,3,Mar,2017-03-01,1553
Other Markets In Americas,2017,3,Mar,2017-03-01,8868
Other Markets In Europe,2017,3,Mar,2017-03-01,20597
Other Markets In Greater China,2017,3,Mar,2017-03-01,1832
Other Markets In North Asia,2017,3,Mar,2017-03-01,8
Other Markets In Oceania,2017,3,Mar,2017-03-01,1542
Other Markets In South Asia,2017,3,Mar,2017-03-01,2671
Other Markets In Southeast Asia,2017,3,Mar,2017-03-01,5308
Other Markets In West Asia,2017,3,Mar,2017-03-01,2262
Others,2017,3,Mar,2017-03-01,0
Pakistan,2017,3,Mar,2017-03-01,2050
Philippines,2017,3,Mar,2017-03-01,61816
Rep Of Ireland,2017,3,Mar,2017-03-01,1738
Russian Federation,2017,3,Mar,2017-03-01,8963
Saudi Arabia,2017,3,Mar,2017-03-01,1111
South Africa (Rep Of),2017,3,Mar,2017-03-01,2759
South Asia,2017,3,Mar,2017-03-01,107296
South Korea,2017,3,Mar,2017-03-01,43942
Southeast Asia,2017,3,Mar,2017-03-01,534535
Spain,2017,3,Mar,2017-03-01,3866
Sri Lanka,2017,3,Mar,2017-03-01,7058
Sweden,2017,3,Mar,2017-03-01,4664
Switzerland,2017,3,Mar,2017-03-01,8197
Taiwan,2017,3,Mar,2017-03-01,27976
Thailand,2017,3,Mar,2017-03-01,47025
Total International Visitor Arrivals By Place Of Residence,2017,3,Mar,2017-03-01,1480161
USA,2017,3,Mar,2017-03-01,52107
United Arab Emirates,2017,3,Mar,2017-03-01,8333
United Kingdom,2017,3,Mar,2017-03-01,58635
Vietnam,2017,3,Mar,2017-03-01,37887
West Asia,2017,3,Mar,2017-03-01,22042
Africa,2017,4,Apr,2017-04-01,7195
Americas,2017,4,Apr,2017-04-01,55814
Australia,2017,4,Apr,2017-04-01,93927
Bangladesh,2017,4,Apr,2017-04-01,8949
Belgium & Luxembourg,2017,4,Apr,2017-04-01,2955
Brunei Darussalam,2017,4,Apr,2017-04-01,4662
Canada,2017,4,Apr,2017-04-01,7684
China,2017,4,Apr,2017-04-01,252135
Denmark,2017,4,Apr,2017-04-01,2977
Egypt,2017,4,Apr,2017-04-01,342
Europe,2017,4,Apr,2017-04-01,163089
Finland,2017,4,Apr,2017-04-01,2492
France,2017,4,Apr,2017-04-01,15681
Germany,2017,4,Apr,2017-04-01,30420
Greater China,2017,4,Apr,2017-04-01,338068
Hong Kong SAR,2017,4,Apr,2017-04-01,53971
India,2017,4,Apr,2017-04-01,109303
Indonesia,2017,4,Apr,2017-04-01,248048
Iran,2017,4,Apr,2017-04-01,922
Israel,2017,4,Apr,2017-04-01,1698
Italy,2017,4,Apr,2017-04-01,5450
Japan,2017,4,Apr,2017-04-01,46245
Kuwait,2017,4,Apr,2017-04-01,436
Malaysia,2017,4,Apr,2017-04-01,94550
Mauritius,2017,4,Apr,2017-04-01,1221
Myanmar,2017,4,Apr,2017-04-01,19610
Netherlands,2017,4,Apr,2017-04-01,6641
New Zealand,2017,4,Apr,2017-04-01,12447
North Asia,2017,4,Apr,2017-04-01,95081
Norway,2017,4,Apr,2017-04-01,3041
Oceania,2017,4,Apr,2017-04-01,108478
Other Markets In Africa,2017,4,Apr,2017-04-01,1843
Other Markets In Americas,2017,4,Apr,2017-04-01,7468
Other Markets In Europe,2017,4,Apr,2017-04-01,17165
Other Markets In Greater China,2017,4,Apr,2017-04-01,1820
Other Markets In North Asia,2017,4,Apr,2017-04-01,7
Other Markets In Oceania,2017,4,Apr,2017-04-01,2104
Other Markets In South Asia,2017,4,Apr,2017-04-01,2456
Other Markets In Southeast Asia,2017,4,Apr,2017-04-01,9116
Other Markets In West Asia,2017,4,Apr,2017-04-01,2602
Others,2017,4,Apr,2017-04-01,0
Pakistan,2017,4,Apr,2017-04-01,1434
Philippines,2017,4,Apr,2017-04-01,81952
Rep Of Ireland,2017,4,Apr,2017-04-01,1731
Russian Federation,2017,4,Apr,2017-04-01,6616
Saudi Arabia,2017,4,Apr,2017-04-01,928
South Africa (Rep Of),2017,4,Apr,2017-04-01,3789
South Asia,2017,4,Apr,2017-04-01,134505
South Korea,2017,4,Apr,2017-04-01,48829
Southeast Asia,2017,4,Apr,2017-04-01,555812
Spain,2017,4,Apr,2017-04-01,4391
Sri Lanka,2017,4,Apr,2017-04-01,12363
Sweden,2017,4,Apr,2017-04-01,3662
Switzerland,2017,4,Apr,2017-04-01,11697
Taiwan,2017,4,Apr,2017-04-01,30142
Thailand,2017,4,Apr,2017-04-01,58504
Total International Visitor Arrivals By Place Of Residence,2017,4,Apr,2017-04-01,1470750
USA,2017,4,Apr,2017-04-01,40662
United Arab Emirates,2017,4,Apr,2017-04-01,6122
United Kingdom,2017,4,Apr,2017-04-01,48170
Vietnam,2017,4,Apr,2017-04-01,39370
West Asia,2017,4,Apr,2017-04-01,12708
Africa,2017,5,May,2017-05-01,4787
Americas,2017,5,May,2017-05-01,54290
Australia,2017,5,May,2017-05-01,71970
Bangladesh,2017,5,May,2017-05-01,9548
Belgium & Luxembourg,2017,5,May,2017-05-01,1758
Brunei Darussalam,2017,5,May,2017-05-01,4645
Canada,2017,5,May,2017-05-01,7617
China,2017,5,May,2017-05-01,232361
Denmark,2017,5,May,2017-05-01,1671
Egypt,2017,5,May,2017-05-01,260
Europe,2017,5,May,2017-05-01,107646
Finland,2017,5,May,2017-05-01,1596
France,2017,5,May,2017-05-01,12333
Germany,2017,5,May,2017-05-01,17427
Greater China,2017,5,May,2017-05-01,298939
Hong Kong SAR,2017,5,May,2017-05-01,33784
India,2017,5,May,2017-05-01,172822
Indonesia,2017,5,May,2017-05-01,220534
Iran,2017,5,May,2017-05-01,1115
Israel,2017,5,May,2017-05-01,1627
Italy,2017,5,May,2017-05-01,4337
Japan,2017,5,May,2017-05-01,54012
Kuwait,2017,5,May,2017-05-01,314
Malaysia,2017,5,May,2017-05-01,90335
Mauritius,2017,5,May,2017-05-01,619
Myanmar,2017,5,May,2017-05-01,11705
Netherlands,2017,5,May,2017-05-01,5842
New Zealand,2017,5,May,2017-05-01,10261
North Asia,2017,5,May,2017-05-01,106798
Norway,2017,5,May,2017-05-01,1387
Oceania,2017,5,May,2017-05-01,83916
Other Markets In Africa,2017,5,May,2017-05-01,1597
Other Markets In Americas,2017,5,May,2017-05-01,5884
Other Markets In Europe,2017,5,May,2017-05-01,12624
Other Markets In Greater China,2017,5,May,2017-05-01,1702
Other Markets In North Asia,2017,5,May,2017-05-01,24
Other Markets In Oceania,2017,5,May,2017-05-01,1685
Other Markets In South Asia,2017,5,May,2017-05-01,2575
Other Markets In Southeast Asia,2017,5,May,2017-05-01,6736
Other Markets In West Asia,2017,5,May,2017-05-01,1414
Others,2017,5,May,2017-05-01,0
Pakistan,2017,5,May,2017-05-01,1383
Philippines,2017,5,May,2017-05-01,77671
Rep Of Ireland,2017,5,May,2017-05-01,1476
Russian Federation,2017,5,May,2017-05-01,5123
Saudi Arabia,2017,5,May,2017-05-01,594
South Africa (Rep Of),2017,5,May,2017-05-01,2311
South Asia,2017,5,May,2017-05-01,195198
South Korea,2017,5,May,2017-05-01,52762
Southeast Asia,2017,5,May,2017-05-01,502134
Spain,2017,5,May,2017-05-01,3244
Sri Lanka,2017,5,May,2017-05-01,8870
Sweden,2017,5,May,2017-05-01,2079
Switzerland,2017,5,May,2017-05-01,6683
Taiwan,2017,5,May,2017-05-01,31092
Thailand,2017,5,May,2017-05-01,47074
Total International Visitor Arrivals By Place Of Residence,2017,5,May,2017-05-01,1363897
USA,2017,5,May,2017-05-01,40789
United Arab Emirates,2017,5,May,2017-05-01,5125
United Kingdom,2017,5,May,2017-05-01,30066
Vietnam,2017,5,May,2017-05-01,43434
West Asia,2017,5,May,2017-05-01,10189
Africa,2017,6,Jun,2017-06-01,4427
Americas,2017,6,Jun,2017-06-01,64461
Australia,2017,6,Jun,2017-06-01,84840
Bangladesh,2017,6,Jun,2017-06-01,9972
Belgium & Luxembourg,2017,6,Jun,2017-06-01,1741
Brunei Darussalam,2017,6,Jun,2017-06-01,5758
Canada,2017,6,Jun,2017-06-01,6217
China,2017,6,Jun,2017-06-01,218118
Denmark,2017,6,Jun,2017-06-01,1685
Egypt,2017,6,Jun,2017-06-01,191
Europe,2017,6,Jun,2017-06-01,97934
Finland,2017,6,Jun,2017-06-01,1885
France,2017,6,Jun,2017-06-01,9643
Germany,2017,6,Jun,2017-06-01,16274
Greater China,2017,6,Jun,2017-06-01,283320
Hong Kong SAR,2017,6,Jun,2017-06-01,32684
India,2017,6,Jun,2017-06-01,136478
Indonesia,2017,6,Jun,2017-06-01,281171
Iran,2017,6,Jun,2017-06-01,1607
Israel,2017,6,Jun,2017-06-01,1171
Italy,2017,6,Jun,2017-06-01,4048
Japan,2017,6,Jun,2017-06-01,52932
Kuwait,2017,6,Jun,2017-06-01,576
Malaysia,2017,6,Jun,2017-06-01,102776
Mauritius,2017,6,Jun,2017-06-01,539
Myanmar,2017,6,Jun,2017-06-01,12144
Netherlands,2017,6,Jun,2017-06-01,4859
New Zealand,2017,6,Jun,2017-06-01,11805
North Asia,2017,6,Jun,2017-06-01,102427
Norway,2017,6,Jun,2017-06-01,2134
Oceania,2017,6,Jun,2017-06-01,98259
Other Markets In Africa,2017,6,Jun,2017-06-01,1761
Other Markets In Americas,2017,6,Jun,2017-06-01,5661
Other Markets In Europe,2017,6,Jun,2017-06-01,11227
Other Markets In Greater China,2017,6,Jun,2017-06-01,1863
Other Markets In North Asia,2017,6,Jun,2017-06-01,8
Other Markets In Oceania,2017,6,Jun,2017-06-01,1614
Other Markets In South Asia,2017,6,Jun,2017-06-01,2185
Other Markets In Southeast Asia,2017,6,Jun,2017-06-01,5851
Other Markets In West Asia,2017,6,Jun,2017-06-01,2071
Others,2017,6,Jun,2017-06-01,2
Pakistan,2017,6,Jun,2017-06-01,1421
Philippines,2017,6,Jun,2017-06-01,62002
Rep Of Ireland,2017,6,Jun,2017-06-01,1545
Russian Federation,2017,6,Jun,2017-06-01,3992
Saudi Arabia,2017,6,Jun,2017-06-01,640
South Africa (Rep Of),2017,6,Jun,2017-06-01,1936
South Asia,2017,6,Jun,2017-06-01,156862
South Korea,2017,6,Jun,2017-06-01,49487
Southeast Asia,2017,6,Jun,2017-06-01,567156
Spain,2017,6,Jun,2017-06-01,3305
Sri Lanka,2017,6,Jun,2017-06-01,6806
Sweden,2017,6,Jun,2017-06-01,2421
Switzerland,2017,6,Jun,2017-06-01,5201
Taiwan,2017,6,Jun,2017-06-01,30655
Thailand,2017,6,Jun,2017-06-01,34623
Total International Visitor Arrivals By Place Of Residence,2017,6,Jun,2017-06-01,1387601
USA,2017,6,Jun,2017-06-01,52583
United Arab Emirates,2017,6,Jun,2017-06-01,6688
United Kingdom,2017,6,Jun,2017-06-01,27974
Vietnam,2017,6,Jun,2017-06-01,62831
West Asia,2017,6,Jun,2017-06-01,12753
Africa,2017,7,Jul,2017-07-01,6948
Americas,2017,7,Jul,2017-07-01,66833
Australia,2017,7,Jul,2017-07-01,104873
Bangladesh,2017,7,Jul,2017-07-01,11416
Belgium & Luxembourg,2017,7,Jul,2017-07-01,4055
Brunei Darussalam,2017,7,Jul,2017-07-01,5625
Canada,2017,7,Jul,2017-07-01,7924
China,2017,7,Jul,2017-07-01,349654
Denmark,2017,7,Jul,2017-07-01,4278
Egypt,2017,7,Jul,2017-07-01,368
Europe,2017,7,Jul,2017-07-01,154203
Finland,2017,7,Jul,2017-07-01,1618
France,2017,7,Jul,2017-07-01,18255
Germany,2017,7,Jul,2017-07-01,21206
Greater China,2017,7,Jul,2017-07-01,455964
Hong Kong SAR,2017,7,Jul,2017-07-01,54124
India,2017,7,Jul,2017-07-01,97125
Indonesia,2017,7,Jul,2017-07-01,268010
Iran,2017,7,Jul,2017-07-01,1423
Israel,2017,7,Jul,2017-07-01,1807
Italy,2017,7,Jul,2017-07-01,6984
Japan,2017,7,Jul,2017-07-01,63193
Kuwait,2017,7,Jul,2017-07-01,1604
Malaysia,2017,7,Jul,2017-07-01,87138
Mauritius,2017,7,Jul,2017-07-01,1205
Myanmar,2017,7,Jul,2017-07-01,12619
Netherlands,2017,7,Jul,2017-07-01,10462
New Zealand,2017,7,Jul,2017-07-01,15358
North Asia,2017,7,Jul,2017-07-01,121532
Norway,2017,7,Jul,2017-07-01,3872
Oceania,2017,7,Jul,2017-07-01,122061
Other Markets In Africa,2017,7,Jul,2017-07-01,2475
Other Markets In Americas,2017,7,Jul,2017-07-01,5798
Other Markets In Europe,2017,7,Jul,2017-07-01,17131
Other Markets In Greater China,2017,7,Jul,2017-07-01,3699
Other Markets In North Asia,2017,7,Jul,2017-07-01,13
Other Markets In Oceania,2017,7,Jul,2017-07-01,1830
Other Markets In South Asia,2017,7,Jul,2017-07-01,3236
Other Markets In Southeast Asia,2017,7,Jul,2017-07-01,8495
Other Markets In West Asia,2017,7,Jul,2017-07-01,4562
Others,2017,7,Jul,2017-07-01,1
Pakistan,2017,7,Jul,2017-07-01,4160
Philippines,2017,7,Jul,2017-07-01,58727
Rep Of Ireland,2017,7,Jul,2017-07-01,2229
Russian Federation,2017,7,Jul,2017-07-01,4374
Saudi Arabia,2017,7,Jul,2017-07-01,1427
South Africa (Rep Of),2017,7,Jul,2017-07-01,2900
South Asia,2017,7,Jul,2017-07-01,123743
South Korea,2017,7,Jul,2017-07-01,58326
Southeast Asia,2017,7,Jul,2017-07-01,560387
Spain,2017,7,Jul,2017-07-01,6321
Sri Lanka,2017,7,Jul,2017-07-01,7806
Sweden,2017,7,Jul,2017-07-01,4027
Switzerland,2017,7,Jul,2017-07-01,10967
Taiwan,2017,7,Jul,2017-07-01,48487
Thailand,2017,7,Jul,2017-07-01,48620
Total International Visitor Arrivals By Place Of Residence,2017,7,Jul,2017-07-01,1632135
USA,2017,7,Jul,2017-07-01,53111
United Arab Emirates,2017,7,Jul,2017-07-01,9640
United Kingdom,2017,7,Jul,2017-07-01,38424
Vietnam,2017,7,Jul,2017-07-01,71153
West Asia,2017,7,Jul,2017-07-01,20463
Africa,2017,8,Aug,2017-08-01,6979
Americas,2017,8,Aug,2017-08-01,53414
Australia,2017,8,Aug,2017-08-01,75171
Bangladesh,2017,8,Aug,2017-08-01,9652
Belgium & Luxembourg,2017,8,Aug,2017-08-01,3249
Brunei Darussalam,2017,8,Aug,2017-08-01,4610
Canada,2017,8,Aug,2017-08-01,7808
China,2017,8,Aug,2017-08-01,357287
Denmark,2017,8,Aug,2017-08-01,2321
Egypt,2017,8,Aug,2017-08-01,373
Europe,2017,8,Aug,2017-08-01,179183
Finland,2017,8,Aug,2017-08-01,1294
France,2017,8,Aug,2017-08-01,23815
Germany,2017,8,Aug,2017-08-01,26590
Greater China,2017,8,Aug,2017-08-01,458502
Hong Kong SAR,2017,8,Aug,2017-08-01,55265
India,2017,8,Aug,2017-08-01,91551
Indonesia,2017,8,Aug,2017-08-01,217339
Iran,2017,8,Aug,2017-08-01,1724
Israel,2017,8,Aug,2017-08-01,1610
Italy,2017,8,Aug,2017-08-01,19114
Japan,2017,8,Aug,2017-08-01,94900
Kuwait,2017,8,Aug,2017-08-01,2124
Malaysia,2017,8,Aug,2017-08-01,91135
Mauritius,2017,8,Aug,2017-08-01,998
Myanmar,2017,8,Aug,2017-08-01,10934
Netherlands,2017,8,Aug,2017-08-01,10254
New Zealand,2017,8,Aug,2017-08-01,11197
North Asia,2017,8,Aug,2017-08-01,155871
Norway,2017,8,Aug,2017-08-01,1704
Oceania,2017,8,Aug,2017-08-01,88232
Other Markets In Africa,2017,8,Aug,2017-08-01,3382
Other Markets In Americas,2017,8,Aug,2017-08-01,4443
Other Markets In Europe,2017,8,Aug,2017-08-01,18688
Other Markets In Greater China,2017,8,Aug,2017-08-01,3799
Other Markets In North Asia,2017,8,Aug,2017-08-01,14
Other Markets In Oceania,2017,8,Aug,2017-08-01,1864
Other Markets In South Asia,2017,8,Aug,2017-08-01,2964
Other Markets In Southeast Asia,2017,8,Aug,2017-08-01,7401
Other Markets In West Asia,2017,8,Aug,2017-08-01,4064
Others,2017,8,Aug,2017-08-01,2
Pakistan,2017,8,Aug,2017-08-01,2159
Philippines,2017,8,Aug,2017-08-01,53539
Rep Of Ireland,2017,8,Aug,2017-08-01,1815
Russian Federation,2017,8,Aug,2017-08-01,4933
Saudi Arabia,2017,8,Aug,2017-08-01,1315
South Africa (Rep Of),2017,8,Aug,2017-08-01,2226
South Asia,2017,8,Aug,2017-08-01,118131
South Korea,2017,8,Aug,2017-08-01,60957
Southeast Asia,2017,8,Aug,2017-08-01,477817
Spain,2017,8,Aug,2017-08-01,11064
Sri Lanka,2017,8,Aug,2017-08-01,11805
Sweden,2017,8,Aug,2017-08-01,2443
Switzerland,2017,8,Aug,2017-08-01,8432
Taiwan,2017,8,Aug,2017-08-01,42151
Thailand,2017,8,Aug,2017-08-01,40993
Total International Visitor Arrivals By Place Of Residence,2017,8,Aug,2017-08-01,1559283
USA,2017,8,Aug,2017-08-01,41163
United Arab Emirates,2017,8,Aug,2017-08-01,10315
United Kingdom,2017,8,Aug,2017-08-01,43467
Vietnam,2017,8,Aug,2017-08-01,51866
West Asia,2017,8,Aug,2017-08-01,21152
Africa,2017,9,Sep,2017-09-01,5451
Americas,2017,9,Sep,2017-09-01,48313
Australia,2017,9,Sep,2017-09-01,100987
Bangladesh,2017,9,Sep,2017-09-01,11277
Belgium & Luxembourg,2017,9,Sep,2017-09-01,2500
Brunei Darussalam,2017,9,Sep,2017-09-01,5387
Canada,2017,9,Sep,2017-09-01,5999
China,2017,9,Sep,2017-09-01,226978
Denmark,2017,9,Sep,2017-09-01,2152
Egypt,2017,9,Sep,2017-09-01,339
Europe,2017,9,Sep,2017-09-01,138100
Finland,2017,9,Sep,2017-09-01,2076
France,2017,9,Sep,2017-09-01,11584
Germany,2017,9,Sep,2017-09-01,24858
Greater China,2017,9,Sep,2017-09-01,289803
Hong Kong SAR,2017,9,Sep,2017-09-01,31937
India,2017,9,Sep,2017-09-01,102262
Indonesia,2017,9,Sep,2017-09-01,216278
Iran,2017,9,Sep,2017-09-01,2840
Israel,2017,9,Sep,2017-09-01,1528
Italy,2017,9,Sep,2017-09-01,6568
Japan,2017,9,Sep,2017-09-01,69742
Kuwait,2017,9,Sep,2017-09-01,555
Malaysia,2017,9,Sep,2017-09-01,90837
Mauritius,2017,9,Sep,2017-09-01,639
Myanmar,2017,9,Sep,2017-09-01,9888
Netherlands,2017,9,Sep,2017-09-01,6902
New Zealand,2017,9,Sep,2017-09-01,12021
North Asia,2017,9,Sep,2017-09-01,117359
Norway,2017,9,Sep,2017-09-01,1721
Oceania,2017,9,Sep,2017-09-01,114853
Other Markets In Africa,2017,9,Sep,2017-09-01,1835
Other Markets In Americas,2017,9,Sep,2017-09-01,5480
Other Markets In Europe,2017,9,Sep,2017-09-01,15577
Other Markets In Greater China,2017,9,Sep,2017-09-01,1524
Other Markets In North Asia,2017,9,Sep,2017-09-01,15
Other Markets In Oceania,2017,9,Sep,2017-09-01,1845
Other Markets In South Asia,2017,9,Sep,2017-09-01,3490
Other Markets In Southeast Asia,2017,9,Sep,2017-09-01,9261
Other Markets In West Asia,2017,9,Sep,2017-09-01,2237
Others,2017,9,Sep,2017-09-01,1
Pakistan,2017,9,Sep,2017-09-01,1968
Philippines,2017,9,Sep,2017-09-01,52500
Rep Of Ireland,2017,9,Sep,2017-09-01,1657
Russian Federation,2017,9,Sep,2017-09-01,4483
Saudi Arabia,2017,9,Sep,2017-09-01,883
South Africa (Rep Of),2017,9,Sep,2017-09-01,2638
South Asia,2017,9,Sep,2017-09-01,128319
South Korea,2017,9,Sep,2017-09-01,47602
Southeast Asia,2017,9,Sep,2017-09-01,464113
Spain,2017,9,Sep,2017-09-01,6101
Sri Lanka,2017,9,Sep,2017-09-01,9322
Sweden,2017,9,Sep,2017-09-01,2226
Switzerland,2017,9,Sep,2017-09-01,7272
Taiwan,2017,9,Sep,2017-09-01,29364
Thailand,2017,9,Sep,2017-09-01,39692
Total International Visitor Arrivals By Place Of Residence,2017,9,Sep,2017-09-01,1320050
USA,2017,9,Sep,2017-09-01,36834
United Arab Emirates,2017,9,Sep,2017-09-01,5695
United Kingdom,2017,9,Sep,2017-09-01,42423
Vietnam,2017,9,Sep,2017-09-01,40270
West Asia,2017,9,Sep,2017-09-01,13738
Africa,2017,10,Oct,2017-10-01,5627
Americas,2017,10,Oct,2017-10-01,54388
Australia,2017,10,Oct,2017-10-01,90940
Bangladesh,2017,10,Oct,2017-10-01,9555
Belgium & Luxembourg,2017,10,Oct,2017-10-01,2425
Brunei Darussalam,2017,10,Oct,2017-10-01,4202
Canada,2017,10,Oct,2017-10-01,7388
China,2017,10,Oct,2017-10-01,245755
Denmark,2017,10,Oct,2017-10-01,2942
Egypt,2017,10,Oct,2017-10-01,403
Europe,2017,10,Oct,2017-10-01,149618
Finland,2017,10,Oct,2017-10-01,2940
France,2017,10,Oct,2017-10-01,14082
Germany,2017,10,Oct,2017-10-01,27617
Greater China,2017,10,Oct,2017-10-01,313669
Hong Kong SAR,2017,10,Oct,2017-10-01,32964
India,2017,10,Oct,2017-10-01,120100
Indonesia,2017,10,Oct,2017-10-01,221036
Iran,2017,10,Oct,2017-10-01,1423
Israel,2017,10,Oct,2017-10-01,2051
Italy,2017,10,Oct,2017-10-01,5280
Japan,2017,10,Oct,2017-10-01,64624
Kuwait,2017,10,Oct,2017-10-01,343
Malaysia,2017,10,Oct,2017-10-01,96015
Mauritius,2017,10,Oct,2017-10-01,765
Myanmar,2017,10,Oct,2017-10-01,11616
Netherlands,2017,10,Oct,2017-10-01,7147
New Zealand,2017,10,Oct,2017-10-01,11834
North Asia,2017,10,Oct,2017-10-01,118060
Norway,2017,10,Oct,2017-10-01,2232
Oceania,2017,10,Oct,2017-10-01,104578
Other Markets In Africa,2017,10,Oct,2017-10-01,2043
Other Markets In Americas,2017,10,Oct,2017-10-01,6572
Other Markets In Europe,2017,10,Oct,2017-10-01,16346
Other Markets In Greater China,2017,10,Oct,2017-10-01,1668
Other Markets In North Asia,2017,10,Oct,2017-10-01,6
Other Markets In Oceania,2017,10,Oct,2017-10-01,1804
Other Markets In South Asia,2017,10,Oct,2017-10-01,3779
Other Markets In Southeast Asia,2017,10,Oct,2017-10-01,7500
Other Markets In West Asia,2017,10,Oct,2017-10-01,1676
Others,2017,10,Oct,2017-10-01,0
Pakistan,2017,10,Oct,2017-10-01,1552
Philippines,2017,10,Oct,2017-10-01,60194
Rep Of Ireland,2017,10,Oct,2017-10-01,1807
Russian Federation,2017,10,Oct,2017-10-01,5459
Saudi Arabia,2017,10,Oct,2017-10-01,621
South Africa (Rep Of),2017,10,Oct,2017-10-01,2416
South Asia,2017,10,Oct,2017-10-01,144299
South Korea,2017,10,Oct,2017-10-01,53430
Southeast Asia,2017,10,Oct,2017-10-01,501024
Spain,2017,10,Oct,2017-10-01,5534
Sri Lanka,2017,10,Oct,2017-10-01,9313
Sweden,2017,10,Oct,2017-10-01,4054
Switzerland,2017,10,Oct,2017-10-01,9833
Taiwan,2017,10,Oct,2017-10-01,33282
Thailand,2017,10,Oct,2017-10-01,61448
Total International Visitor Arrivals By Place Of Residence,2017,10,Oct,2017-10-01,1402299
USA,2017,10,Oct,2017-10-01,40428
United Arab Emirates,2017,10,Oct,2017-10-01,4922
United Kingdom,2017,10,Oct,2017-10-01,41920
Vietnam,2017,10,Oct,2017-10-01,39013
West Asia,2017,10,Oct,2017-10-01,11036
Africa,2017,11,Nov,2017-11-01,6705
Americas,2017,11,Nov,2017-11-01,74042
Australia,2017,11,Nov,2017-11-01,81822
Bangladesh,2017,11,Nov,2017-11-01,9023
Belgium & Luxembourg,2017,11,Nov,2017-11-01,2454
Brunei Darussalam,2017,11,Nov,2017-11-01,5258
Canada,2017,11,Nov,2017-11-01,10203
China,2017,11,Nov,2017-11-01,251096
Denmark,2017,11,Nov,2017-11-01,2785
Egypt,2017,11,Nov,2017-11-01,388
Europe,2017,11,Nov,2017-11-01,159370
Finland,2017,11,Nov,2017-11-01,3170
France,2017,11,Nov,2017-11-01,14210
Germany,2017,11,Nov,2017-11-01,28423
Greater China,2017,11,Nov,2017-11-01,311846
Hong Kong SAR,2017,11,Nov,2017-11-01,33174
India,2017,11,Nov,2017-11-01,86432
Indonesia,2017,11,Nov,2017-11-01,231705
Iran,2017,11,Nov,2017-11-01,1402
Israel,2017,11,Nov,2017-11-01,1566
Italy,2017,11,Nov,2017-11-01,6425
Japan,2017,11,Nov,2017-11-01,75348
Kuwait,2017,11,Nov,2017-11-01,422
Malaysia,2017,11,Nov,2017-11-01,105404
Mauritius,2017,11,Nov,2017-11-01,2328
Myanmar,2017,11,Nov,2017-11-01,11402
Netherlands,2017,11,Nov,2017-11-01,7387
New Zealand,2017,11,Nov,2017-11-01,9349
North Asia,2017,11,Nov,2017-11-01,127487
Norway,2017,11,Nov,2017-11-01,2480
Oceania,2017,11,Nov,2017-11-01,93191
Other Markets In Africa,2017,11,Nov,2017-11-01,1789
Other Markets In Americas,2017,11,Nov,2017-11-01,11385
Other Markets In Europe,2017,11,Nov,2017-11-01,19003
Other Markets In Greater China,2017,11,Nov,2017-11-01,1657
Other Markets In North Asia,2017,11,Nov,2017-11-01,16
Other Markets In Oceania,2017,11,Nov,2017-11-01,2020
Other Markets In South Asia,2017,11,Nov,2017-11-01,2453
Other Markets In Southeast Asia,2017,11,Nov,2017-11-01,8962
Other Markets In West Asia,2017,11,Nov,2017-11-01,1788
Others,2017,11,Nov,2017-11-01,4
Pakistan,2017,11,Nov,2017-11-01,1816
Philippines,2017,11,Nov,2017-11-01,64826
Rep Of Ireland,2017,11,Nov,2017-11-01,1753
Russian Federation,2017,11,Nov,2017-11-01,7084
Saudi Arabia,2017,11,Nov,2017-11-01,754
South Africa (Rep Of),2017,11,Nov,2017-11-01,2200
South Asia,2017,11,Nov,2017-11-01,109309
South Korea,2017,11,Nov,2017-11-01,52123
Southeast Asia,2017,11,Nov,2017-11-01,503852
Spain,2017,11,Nov,2017-11-01,5615
Sri Lanka,2017,11,Nov,2017-11-01,9585
Sweden,2017,11,Nov,2017-11-01,4425
Switzerland,2017,11,Nov,2017-11-01,9023
Taiwan,2017,11,Nov,2017-11-01,25919
Thailand,2017,11,Nov,2017-11-01,39331
Total International Visitor Arrivals By Place Of Residence,2017,11,Nov,2017-11-01,1397330
USA,2017,11,Nov,2017-11-01,52454
United Arab Emirates,2017,11,Nov,2017-11-01,5592
United Kingdom,2017,11,Nov,2017-11-01,45133
Vietnam,2017,11,Nov,2017-11-01,36964
West Asia,2017,11,Nov,2017-11-01,11524
Africa,2017,12,Dec,2017-12-01,11583
Americas,2017,12,Dec,2017-12-01,73679
Australia,2017,12,Dec,2017-12-01,105085
Bangladesh,2017,12,Dec,2017-12-01,12479
Belgium & Luxembourg,2017,12,Dec,2017-12-01,2218
Brunei Darussalam,2017,12,Dec,2017-12-01,10761
Canada,2017,12,Dec,2017-12-01,10443
China,2017,12,Dec,2017-12-01,244241
Denmark,2017,12,Dec,2017-12-01,2530
Egypt,2017,12,Dec,2017-12-01,382
Europe,2017,12,Dec,2017-12-01,150754
Finland,2017,12,Dec,2017-12-01,3392
France,2017,12,Dec,2017-12-01,11852
Germany,2017,12,Dec,2017-12-01,28863
Greater China,2017,12,Dec,2017-12-01,305363
Hong Kong SAR,2017,12,Dec,2017-12-01,36712
India,2017,12,Dec,2017-12-01,114738
Indonesia,2017,12,Dec,2017-12-01,330156
Iran,2017,12,Dec,2017-12-01,1304
Israel,2017,12,Dec,2017-12-01,1571
Italy,2017,12,Dec,2017-12-01,5201
Japan,2017,12,Dec,2017-12-01,63553
Kuwait,2017,12,Dec,2017-12-01,726
Malaysia,2017,12,Dec,2017-12-01,135260
Mauritius,2017,12,Dec,2017-12-01,2174
Myanmar,2017,12,Dec,2017-12-01,13462
Netherlands,2017,12,Dec,2017-12-01,6504
New Zealand,2017,12,Dec,2017-12-01,10801
North Asia,2017,12,Dec,2017-12-01,107072
Norway,2017,12,Dec,2017-12-01,2235
Oceania,2017,12,Dec,2017-12-01,118557
Other Markets In Africa,2017,12,Dec,2017-12-01,2987
Other Markets In Americas,2017,12,Dec,2017-12-01,8869
Other Markets In Europe,2017,12,Dec,2017-12-01,17930
Other Markets In Greater China,2017,12,Dec,2017-12-01,2980
Other Markets In North Asia,2017,12,Dec,2017-12-01,35
Other Markets In Oceania,2017,12,Dec,2017-12-01,2671
Other Markets In South Asia,2017,12,Dec,2017-12-01,3810
Other Markets In Southeast Asia,2017,12,Dec,2017-12-01,8841
Other Markets In West Asia,2017,12,Dec,2017-12-01,3058
Others,2017,12,Dec,2017-12-01,3
Pakistan,2017,12,Dec,2017-12-01,2521
Philippines,2017,12,Dec,2017-12-01,65926
Rep Of Ireland,2017,12,Dec,2017-12-01,1525
Russian Federation,2017,12,Dec,2017-12-01,7896
Saudi Arabia,2017,12,Dec,2017-12-01,817
South Africa (Rep Of),2017,12,Dec,2017-12-01,6040
South Asia,2017,12,Dec,2017-12-01,146232
South Korea,2017,12,Dec,2017-12-01,43484
Southeast Asia,2017,12,Dec,2017-12-01,641734
Spain,2017,12,Dec,2017-12-01,4041
Sri Lanka,2017,12,Dec,2017-12-01,12684
Sweden,2017,12,Dec,2017-12-01,6052
Switzerland,2017,12,Dec,2017-12-01,8508
Taiwan,2017,12,Dec,2017-12-01,21430
Thailand,2017,12,Dec,2017-12-01,38710
Total International Visitor Arrivals By Place Of Residence,2017,12,Dec,2017-12-01,1569616
USA,2017,12,Dec,2017-12-01,54367
United Arab Emirates,2017,12,Dec,2017-12-01,7163
United Kingdom,2017,12,Dec,2017-12-01,42007
Vietnam,2017,12,Dec,2017-12-01,38618
West Asia,2017,12,Dec,2017-12-01,14639
Africa,2018,1,Jan,2018-01-01,7433
Americas,2018,1,Jan,2018-01-01,81781
Australia,2018,1,Jan,2018-01-01,114846
Bangladesh,2018,1,Jan,2018-01-01,11716
Belgium & Luxembourg,2018,1,Jan,2018-01-01,2482
Brunei Darussalam,2018,1,Jan,2018-01-01,6076
Canada,2018,1,Jan,2018-01-01,13482
China,2018,1,Jan,2018-01-01,291208
Denmark,2018,1,Jan,2018-01-01,3903
Egypt,2018,1,Jan,2018-01-01,419
Europe,2018,1,Jan,2018-01-01,204876
Finland,2018,1,Jan,2018-01-01,4558
France,2018,1,Jan,2018-01-01,15788
Germany,2018,1,Jan,2018-01-01,38733
Greater China,2018,1,Jan,2018-01-01,358429
Hong Kong SAR,2018,1,Jan,2018-01-01,29758
India,2018,1,Jan,2018-01-01,108067
Indonesia,2018,1,Jan,2018-01-01,265384
Iran,2018,1,Jan,2018-01-01,1673
Israel,2018,1,Jan,2018-01-01,2118
Italy,2018,1,Jan,2018-01-01,9760
Japan,2018,1,Jan,2018-01-01,64087
Kuwait,2018,1,Jan,2018-01-01,1173
Malaysia,2018,1,Jan,2018-01-01,86833
Mauritius,2018,1,Jan,2018-01-01,1041
Myanmar,2018,1,Jan,2018-01-01,9883
Netherlands,2018,1,Jan,2018-01-01,7680
New Zealand,2018,1,Jan,2018-01-01,11914
North Asia,2018,1,Jan,2018-01-01,139610
Norway,2018,1,Jan,2018-01-01,3204
Oceania,2018,1,Jan,2018-01-01,128660
Other Markets In Africa,2018,1,Jan,2018-01-01,2039
Other Markets In Americas,2018,1,Jan,2018-01-01,10308
Other Markets In Europe,2018,1,Jan,2018-01-01,28038
Other Markets In Greater China,2018,1,Jan,2018-01-01,2556
Other Markets In North Asia,2018,1,Jan,2018-01-01,21
Other Markets In Oceania,2018,1,Jan,2018-01-01,1900
Other Markets In South Asia,2018,1,Jan,2018-01-01,3709
Other Markets In Southeast Asia,2018,1,Jan,2018-01-01,7726
Other Markets In West Asia,2018,1,Jan,2018-01-01,2904
Others,2018,1,Jan,2018-01-01,4
Pakistan,2018,1,Jan,2018-01-01,2071
Philippines,2018,1,Jan,2018-01-01,45184
Rep Of Ireland,2018,1,Jan,2018-01-01,1980
Russian Federation,2018,1,Jan,2018-01-01,15838
Saudi Arabia,2018,1,Jan,2018-01-01,1276
South Africa (Rep Of),2018,1,Jan,2018-01-01,3934
South Asia,2018,1,Jan,2018-01-01,133622
South Korea,2018,1,Jan,2018-01-01,75502
Southeast Asia,2018,1,Jan,2018-01-01,495111
Spain,2018,1,Jan,2018-01-01,4664
Sri Lanka,2018,1,Jan,2018-01-01,8059
Sweden,2018,1,Jan,2018-01-01,7574
Switzerland,2018,1,Jan,2018-01-01,9137
Taiwan,2018,1,Jan,2018-01-01,34907
Thailand,2018,1,Jan,2018-01-01,38143
Total International Visitor Arrivals By Place Of Residence,2018,1,Jan,2018-01-01,1563359
USA,2018,1,Jan,2018-01-01,57991
United Arab Emirates,2018,1,Jan,2018-01-01,4689
United Kingdom,2018,1,Jan,2018-01-01,51537
Vietnam,2018,1,Jan,2018-01-01,35882
West Asia,2018,1,Jan,2018-01-01,13833
Africa,2018,2,Feb,2018-02-01,4715
Americas,2018,2,Feb,2018-02-01,76079
Australia,2018,2,Feb,2018-02-01,63229
Bangladesh,2018,2,Feb,2018-02-01,9397
Belgium & Luxembourg,2018,2,Feb,2018-02-01,2591
Brunei Darussalam,2018,2,Feb,2018-02-01,5105
Canada,2018,2,Feb,2018-02-01,13438
China,2018,2,Feb,2018-02-01,366616
Denmark,2018,2,Feb,2018-02-01,4597
Egypt,2018,2,Feb,2018-02-01,265
Europe,2018,2,Feb,2018-02-01,200960
Finland,2018,2,Feb,2018-02-01,4780
France,2018,2,Feb,2018-02-01,18539
Germany,2018,2,Feb,2018-02-01,36701
Greater China,2018,2,Feb,2018-02-01,452920
Hong Kong SAR,2018,2,Feb,2018-02-01,36433
India,2018,2,Feb,2018-02-01,81797
Indonesia,2018,2,Feb,2018-02-01,221178
Iran,2018,2,Feb,2018-02-01,1777
Israel,2018,2,Feb,2018-02-01,2138
Italy,2018,2,Feb,2018-02-01,8919
Japan,2018,2,Feb,2018-02-01,68191
Kuwait,2018,2,Feb,2018-02-01,566
Malaysia,2018,2,Feb,2018-02-01,85212
Mauritius,2018,2,Feb,2018-02-01,1006
Myanmar,2018,2,Feb,2018-02-01,9594
Netherlands,2018,2,Feb,2018-02-01,7699
New Zealand,2018,2,Feb,2018-02-01,6311
North Asia,2018,2,Feb,2018-02-01,121367
Norway,2018,2,Feb,2018-02-01,3517
Oceania,2018,2,Feb,2018-02-01,70873
Other Markets In Africa,2018,2,Feb,2018-02-01,1545
Other Markets In Americas,2018,2,Feb,2018-02-01,8401
Other Markets In Europe,2018,2,Feb,2018-02-01,24307
Other Markets In Greater China,2018,2,Feb,2018-02-01,2102
Other Markets In North Asia,2018,2,Feb,2018-02-01,15
Other Markets In Oceania,2018,2,Feb,2018-02-01,1333
Other Markets In South Asia,2018,2,Feb,2018-02-01,2361
Other Markets In Southeast Asia,2018,2,Feb,2018-02-01,8085
Other Markets In West Asia,2018,2,Feb,2018-02-01,1723
Others,2018,2,Feb,2018-02-01,3
Pakistan,2018,2,Feb,2018-02-01,1302
Philippines,2018,2,Feb,2018-02-01,45279
Rep Of Ireland,2018,2,Feb,2018-02-01,1737
Russian Federation,2018,2,Feb,2018-02-01,8901
Saudi Arabia,2018,2,Feb,2018-02-01,523
South Africa (Rep Of),2018,2,Feb,2018-02-01,1899
South Asia,2018,2,Feb,2018-02-01,102173
South Korea,2018,2,Feb,2018-02-01,53161
Southeast Asia,2018,2,Feb,2018-02-01,451842
Spain,2018,2,Feb,2018-02-01,4399
Sri Lanka,2018,2,Feb,2018-02-01,7316
Sweden,2018,2,Feb,2018-02-01,6765
Switzerland,2018,2,Feb,2018-02-01,9607
Taiwan,2018,2,Feb,2018-02-01,47769
Thailand,2018,2,Feb,2018-02-01,34566
Total International Visitor Arrivals By Place Of Residence,2018,2,Feb,2018-02-01,1491970
USA,2018,2,Feb,2018-02-01,54240
United Arab Emirates,2018,2,Feb,2018-02-01,4311
United Kingdom,2018,2,Feb,2018-02-01,57901
Vietnam,2018,2,Feb,2018-02-01,42823
West Asia,2018,2,Feb,2018-02-01,11038
Africa,2018,3,Mar,2018-03-01,6648
Americas,2018,3,Mar,2018-03-01,85412
Australia,2018,3,Mar,2018-03-01,87152
Bangladesh,2018,3,Mar,2018-03-01,11243
Belgium & Luxembourg,2018,3,Mar,2018-03-01,3029
Brunei Darussalam,2018,3,Mar,2018-03-01,8171
Canada,2018,3,Mar,2018-03-01,14317
China,2018,3,Mar,2018-03-01,274879
Denmark,2018,3,Mar,2018-03-01,4091
Egypt,2018,3,Mar,2018-03-01,466
Europe,2018,3,Mar,2018-03-01,210751
Finland,2018,3,Mar,2018-03-01,3963
France,2018,3,Mar,2018-03-01,17579
Germany,2018,3,Mar,2018-03-01,36973
Greater China,2018,3,Mar,2018-03-01,349144
Hong Kong SAR,2018,3,Mar,2018-03-01,41979
India,2018,3,Mar,2018-03-01,105560
Indonesia,2018,3,Mar,2018-03-01,260685
Iran,2018,3,Mar,2018-03-01,4963
Israel,2018,3,Mar,2018-03-01,2115
Italy,2018,3,Mar,2018-03-01,7967
Japan,2018,3,Mar,2018-03-01,83064
Kuwait,2018,3,Mar,2018-03-01,624
Malaysia,2018,3,Mar,2018-03-01,109897
Mauritius,2018,3,Mar,2018-03-01,749
Myanmar,2018,3,Mar,2018-03-01,13797
Netherlands,2018,3,Mar,2018-03-01,7772
New Zealand,2018,3,Mar,2018-03-01,8005
North Asia,2018,3,Mar,2018-03-01,132206
Norway,2018,3,Mar,2018-03-01,3883
Oceania,2018,3,Mar,2018-03-01,96834
Other Markets In Africa,2018,3,Mar,2018-03-01,2223
Other Markets In Americas,2018,3,Mar,2018-03-01,9741
Other Markets In Europe,2018,3,Mar,2018-03-01,23862
Other Markets In Greater China,2018,3,Mar,2018-03-01,1838
Other Markets In North Asia,2018,3,Mar,2018-03-01,15
Other Markets In Oceania,2018,3,Mar,2018-03-01,1677
Other Markets In South Asia,2018,3,Mar,2018-03-01,2851
Other Markets In Southeast Asia,2018,3,Mar,2018-03-01,8969
Other Markets In West Asia,2018,3,Mar,2018-03-01,2726
Others,2018,3,Mar,2018-03-01,1
Pakistan,2018,3,Mar,2018-03-01,2382
Philippines,2018,3,Mar,2018-03-01,62876
Rep Of Ireland,2018,3,Mar,2018-03-01,2232
Russian Federation,2018,3,Mar,2018-03-01,9516
Saudi Arabia,2018,3,Mar,2018-03-01,903
South Africa (Rep Of),2018,3,Mar,2018-03-01,3210
South Asia,2018,3,Mar,2018-03-01,130137
South Korea,2018,3,Mar,2018-03-01,49127
Southeast Asia,2018,3,Mar,2018-03-01,553248
Spain,2018,3,Mar,2018-03-01,5684
Sri Lanka,2018,3,Mar,2018-03-01,8101
Sweden,2018,3,Mar,2018-03-01,6403
Switzerland,2018,3,Mar,2018-03-01,9691
Taiwan,2018,3,Mar,2018-03-01,30448
Thailand,2018,3,Mar,2018-03-01,47744
Total International Visitor Arrivals By Place Of Residence,2018,3,Mar,2018-03-01,1584406
USA,2018,3,Mar,2018-03-01,61354
United Arab Emirates,2018,3,Mar,2018-03-01,8694
United Kingdom,2018,3,Mar,2018-03-01,68106
Vietnam,2018,3,Mar,2018-03-01,41109
West Asia,2018,3,Mar,2018-03-01,20025
Africa,2018,4,Apr,2018-04-01,7346
Americas,2018,4,Apr,2018-04-01,69578
Australia,2018,4,Apr,2018-04-01,99046
Bangladesh,2018,4,Apr,2018-04-01,10084
Belgium & Luxembourg,2018,4,Apr,2018-04-01,2938
Brunei Darussalam,2018,4,Apr,2018-04-01,5766
Canada,2018,4,Apr,2018-04-01,10655
China,2018,4,Apr,2018-04-01,291119
Denmark,2018,4,Apr,2018-04-01,2734
Egypt,2018,4,Apr,2018-04-01,427
Europe,2018,4,Apr,2018-04-01,168796
Finland,2018,4,Apr,2018-04-01,2203
France,2018,4,Apr,2018-04-01,18647
Germany,2018,4,Apr,2018-04-01,26640
Greater China,2018,4,Apr,2018-04-01,370121
Hong Kong SAR,2018,4,Apr,2018-04-01,41414
India,2018,4,Apr,2018-04-01,122229
Indonesia,2018,4,Apr,2018-04-01,235260
Iran,2018,4,Apr,2018-04-01,937
Israel,2018,4,Apr,2018-04-01,1775
Italy,2018,4,Apr,2018-04-01,6599
Japan,2018,4,Apr,2018-04-01,50253
Kuwait,2018,4,Apr,2018-04-01,511
Malaysia,2018,4,Apr,2018-04-01,98351
Mauritius,2018,4,Apr,2018-04-01,1337
Myanmar,2018,4,Apr,2018-04-01,16422
Netherlands,2018,4,Apr,2018-04-01,7996
New Zealand,2018,4,Apr,2018-04-01,11412
North Asia,2018,4,Apr,2018-04-01,94826
Norway,2018,4,Apr,2018-04-01,2449
Oceania,2018,4,Apr,2018-04-01,112641
Other Markets In Africa,2018,4,Apr,2018-04-01,2209
Other Markets In Americas,2018,4,Apr,2018-04-01,8460
Other Markets In Europe,2018,4,Apr,2018-04-01,17479
Other Markets In Greater China,2018,4,Apr,2018-04-01,1675
Other Markets In North Asia,2018,4,Apr,2018-04-01,23
Other Markets In Oceania,2018,4,Apr,2018-04-01,2183
Other Markets In South Asia,2018,4,Apr,2018-04-01,2895
Other Markets In Southeast Asia,2018,4,Apr,2018-04-01,11981
Other Markets In West Asia,2018,4,Apr,2018-04-01,1967
Others,2018,4,Apr,2018-04-01,0
Pakistan,2018,4,Apr,2018-04-01,1893
Philippines,2018,4,Apr,2018-04-01,79128
Rep Of Ireland,2018,4,Apr,2018-04-01,1841
Russian Federation,2018,4,Apr,2018-04-01,7017
Saudi Arabia,2018,4,Apr,2018-04-01,625
South Africa (Rep Of),2018,4,Apr,2018-04-01,3373
South Asia,2018,4,Apr,2018-04-01,152229
South Korea,2018,4,Apr,2018-04-01,44550
Southeast Asia,2018,4,Apr,2018-04-01,556681
Spain,2018,4,Apr,2018-04-01,4483
Sri Lanka,2018,4,Apr,2018-04-01,15128
Sweden,2018,4,Apr,2018-04-01,3620
Switzerland,2018,4,Apr,2018-04-01,9584
Taiwan,2018,4,Apr,2018-04-01,35913
Thailand,2018,4,Apr,2018-04-01,61015
Total International Visitor Arrivals By Place Of Residence,2018,4,Apr,2018-04-01,1544248
USA,2018,4,Apr,2018-04-01,50463
United Arab Emirates,2018,4,Apr,2018-04-01,6215
United Kingdom,2018,4,Apr,2018-04-01,54566
Vietnam,2018,4,Apr,2018-04-01,48758
West Asia,2018,4,Apr,2018-04-01,12030
Africa,2018,5,May,2018-05-01,4851
Americas,2018,5,May,2018-05-01,62094
Australia,2018,5,May,2018-05-01,78210
Bangladesh,2018,5,May,2018-05-01,9341
Belgium & Luxembourg,2018,5,May,2018-05-01,1874
Brunei Darussalam,2018,5,May,2018-05-01,5250
Canada,2018,5,May,2018-05-01,9354
China,2018,5,May,2018-05-01,264802
Denmark,2018,5,May,2018-05-01,1996
Egypt,2018,5,May,2018-05-01,271
Europe,2018,5,May,2018-05-01,121103
Finland,2018,5,May,2018-05-01,1379
France,2018,5,May,2018-05-01,15071
Germany,2018,5,May,2018-05-01,20136
Greater China,2018,5,May,2018-05-01,330962
Hong Kong SAR,2018,5,May,2018-05-01,36379
India,2018,5,May,2018-05-01,196072
Indonesia,2018,5,May,2018-05-01,227536
Iran,2018,5,May,2018-05-01,551
Israel,2018,5,May,2018-05-01,1288
Italy,2018,5,May,2018-05-01,5299
Japan,2018,5,May,2018-05-01,53474
Kuwait,2018,5,May,2018-05-01,280
Malaysia,2018,5,May,2018-05-01,91244
Mauritius,2018,5,May,2018-05-01,721
Myanmar,2018,5,May,2018-05-01,12274
Netherlands,2018,5,May,2018-05-01,6932
New Zealand,2018,5,May,2018-05-01,10907
North Asia,2018,5,May,2018-05-01,100225
Norway,2018,5,May,2018-05-01,1483
Oceania,2018,5,May,2018-05-01,90743
Other Markets In Africa,2018,5,May,2018-05-01,1622
Other Markets In Americas,2018,5,May,2018-05-01,7187
Other Markets In Europe,2018,5,May,2018-05-01,13540
Other Markets In Greater China,2018,5,May,2018-05-01,1725
Other Markets In North Asia,2018,5,May,2018-05-01,31
Other Markets In Oceania,2018,5,May,2018-05-01,1626
Other Markets In South Asia,2018,5,May,2018-05-01,2621
Other Markets In Southeast Asia,2018,5,May,2018-05-01,10875
Other Markets In West Asia,2018,5,May,2018-05-01,1405
Others,2018,5,May,2018-05-01,1
Pakistan,2018,5,May,2018-05-01,1492
Philippines,2018,5,May,2018-05-01,83657
Rep Of Ireland,2018,5,May,2018-05-01,1514
Russian Federation,2018,5,May,2018-05-01,5265
Saudi Arabia,2018,5,May,2018-05-01,452
South Africa (Rep Of),2018,5,May,2018-05-01,2237
South Asia,2018,5,May,2018-05-01,218406
South Korea,2018,5,May,2018-05-01,46720
Southeast Asia,2018,5,May,2018-05-01,533719
Spain,2018,5,May,2018-05-01,3770
Sri Lanka,2018,5,May,2018-05-01,8880
Sweden,2018,5,May,2018-05-01,2143
Switzerland,2018,5,May,2018-05-01,6849
Taiwan,2018,5,May,2018-05-01,28056
Thailand,2018,5,May,2018-05-01,49858
Total International Visitor Arrivals By Place Of Residence,2018,5,May,2018-05-01,1470891
USA,2018,5,May,2018-05-01,45553
United Arab Emirates,2018,5,May,2018-05-01,4811
United Kingdom,2018,5,May,2018-05-01,33852
Vietnam,2018,5,May,2018-05-01,53025
West Asia,2018,5,May,2018-05-01,8787
Africa,2018,6,Jun,2018-06-01,5287
Americas,2018,6,Jun,2018-06-01,70116
Australia,2018,6,Jun,2018-06-01,90665
Bangladesh,2018,6,Jun,2018-06-01,11161
Belgium & Luxembourg,2018,6,Jun,2018-06-01,1845
Brunei Darussalam,2018,6,Jun,2018-06-01,5897
Canada,2018,6,Jun,2018-06-01,6964
China,2018,6,Jun,2018-06-01,242118
Denmark,2018,6,Jun,2018-06-01,1868
Egypt,2018,6,Jun,2018-06-01,240
Europe,2018,6,Jun,2018-06-01,108999
Finland,2018,6,Jun,2018-06-01,1876
France,2018,6,Jun,2018-06-01,10706
Germany,2018,6,Jun,2018-06-01,17397
Greater China,2018,6,Jun,2018-06-01,316668
Hong Kong SAR,2018,6,Jun,2018-06-01,38115
India,2018,6,Jun,2018-06-01,154945
Indonesia,2018,6,Jun,2018-06-01,332990
Iran,2018,6,Jun,2018-06-01,822
Israel,2018,6,Jun,2018-06-01,1426
Italy,2018,6,Jun,2018-06-01,4997
Japan,2018,6,Jun,2018-06-01,53413
Kuwait,2018,6,Jun,2018-06-01,751
Malaysia,2018,6,Jun,2018-06-01,113049
Mauritius,2018,6,Jun,2018-06-01,659
Myanmar,2018,6,Jun,2018-06-01,12008
Netherlands,2018,6,Jun,2018-06-01,5647
New Zealand,2018,6,Jun,2018-06-01,13120
North Asia,2018,6,Jun,2018-06-01,98947
Norway,2018,6,Jun,2018-06-01,2464
Oceania,2018,6,Jun,2018-06-01,105642
Other Markets In Africa,2018,6,Jun,2018-06-01,1616
Other Markets In Americas,2018,6,Jun,2018-06-01,5478
Other Markets In Europe,2018,6,Jun,2018-06-01,14033
Other Markets In Greater China,2018,6,Jun,2018-06-01,2313
Other Markets In North Asia,2018,6,Jun,2018-06-01,209
Other Markets In Oceania,2018,6,Jun,2018-06-01,1857
Other Markets In South Asia,2018,6,Jun,2018-06-01,2583
Other Markets In Southeast Asia,2018,6,Jun,2018-06-01,7605
Other Markets In West Asia,2018,6,Jun,2018-06-01,2434
Others,2018,6,Jun,2018-06-01,1
Pakistan,2018,6,Jun,2018-06-01,2550
Philippines,2018,6,Jun,2018-06-01,68932
Rep Of Ireland,2018,6,Jun,2018-06-01,1741
Russian Federation,2018,6,Jun,2018-06-01,3960
Saudi Arabia,2018,6,Jun,2018-06-01,1183
South Africa (Rep Of),2018,6,Jun,2018-06-01,2772
South Asia,2018,6,Jun,2018-06-01,179143
South Korea,2018,6,Jun,2018-06-01,45325
Southeast Asia,2018,6,Jun,2018-06-01,648291
Spain,2018,6,Jun,2018-06-01,3811
Sri Lanka,2018,6,Jun,2018-06-01,7904
Sweden,2018,6,Jun,2018-06-01,2677
Switzerland,2018,6,Jun,2018-06-01,5025
Taiwan,2018,6,Jun,2018-06-01,34122
Thailand,2018,6,Jun,2018-06-01,38113
Total International Visitor Arrivals By Place Of Residence,2018,6,Jun,2018-06-01,1544679
USA,2018,6,Jun,2018-06-01,57674
United Arab Emirates,2018,6,Jun,2018-06-01,4969
United Kingdom,2018,6,Jun,2018-06-01,30952
Vietnam,2018,6,Jun,2018-06-01,69697
West Asia,2018,6,Jun,2018-06-01,11585
Africa,2018,7,Jul,2018-07-01,8256
Americas,2018,7,Jul,2018-07-01,76827
Australia,2018,7,Jul,2018-07-01,108107
Bangladesh,2018,7,Jul,2018-07-01,10784
Belgium & Luxembourg,2018,7,Jul,2018-07-01,4902
Brunei Darussalam,2018,7,Jul,2018-07-01,5769
Canada,2018,7,Jul,2018-07-01,9182
China,2018,7,Jul,2018-07-01,361019
Denmark,2018,7,Jul,2018-07-01,4796
Egypt,2018,7,Jul,2018-07-01,423
Europe,2018,7,Jul,2018-07-01,176230
Finland,2018,7,Jul,2018-07-01,1835
France,2018,7,Jul,2018-07-01,21991
Germany,2018,7,Jul,2018-07-01,25215
Greater China,2018,7,Jul,2018-07-01,470287
Hong Kong SAR,2018,7,Jul,2018-07-01,52507
India,2018,7,Jul,2018-07-01,117798
Indonesia,2018,7,Jul,2018-07-01,263277
Iran,2018,7,Jul,2018-07-01,923
Israel,2018,7,Jul,2018-07-01,1756
Italy,2018,7,Jul,2018-07-01,7779
Japan,2018,7,Jul,2018-07-01,68146
Kuwait,2018,7,Jul,2018-07-01,1634
Malaysia,2018,7,Jul,2018-07-01,94611
Mauritius,2018,7,Jul,2018-07-01,1240
Myanmar,2018,7,Jul,2018-07-01,13189
Netherlands,2018,7,Jul,2018-07-01,11596
New Zealand,2018,7,Jul,2018-07-01,16705
North Asia,2018,7,Jul,2018-07-01,125988
Norway,2018,7,Jul,2018-07-01,4842
Oceania,2018,7,Jul,2018-07-01,126691
Other Markets In Africa,2018,7,Jul,2018-07-01,2987
Other Markets In Americas,2018,7,Jul,2018-07-01,6859
Other Markets In Europe,2018,7,Jul,2018-07-01,19795
Other Markets In Greater China,2018,7,Jul,2018-07-01,3774
Other Markets In North Asia,2018,7,Jul,2018-07-01,19
Other Markets In Oceania,2018,7,Jul,2018-07-01,1879
Other Markets In South Asia,2018,7,Jul,2018-07-01,2774
Other Markets In Southeast Asia,2018,7,Jul,2018-07-01,8881
Other Markets In West Asia,2018,7,Jul,2018-07-01,4099
Others,2018,7,Jul,2018-07-01,2
Pakistan,2018,7,Jul,2018-07-01,3833
Philippines,2018,7,Jul,2018-07-01,64757
Rep Of Ireland,2018,7,Jul,2018-07-01,2515
Russian Federation,2018,7,Jul,2018-07-01,4158
Saudi Arabia,2018,7,Jul,2018-07-01,1708
South Africa (Rep Of),2018,7,Jul,2018-07-01,3606
South Asia,2018,7,Jul,2018-07-01,145372
South Korea,2018,7,Jul,2018-07-01,57823
Southeast Asia,2018,7,Jul,2018-07-01,583679
Spain,2018,7,Jul,2018-07-01,7079
Sri Lanka,2018,7,Jul,2018-07-01,10183
Sweden,2018,7,Jul,2018-07-01,4279
Switzerland,2018,7,Jul,2018-07-01,10670
Taiwan,2018,7,Jul,2018-07-01,52987
Thailand,2018,7,Jul,2018-07-01,53379
Total International Visitor Arrivals By Place Of Residence,2018,7,Jul,2018-07-01,1732896
USA,2018,7,Jul,2018-07-01,60786
United Arab Emirates,2018,7,Jul,2018-07-01,9444
United Kingdom,2018,7,Jul,2018-07-01,44778
Vietnam,2018,7,Jul,2018-07-01,79816
West Asia,2018,7,Jul,2018-07-01,19564
Africa,2018,8,Aug,2018-08-01,7834
Americas,2018,8,Aug,2018-08-01,60752
Australia,2018,8,Aug,2018-08-01,83185
Bangladesh,2018,8,Aug,2018-08-01,11010
Belgium & Luxembourg,2018,8,Aug,2018-08-01,4142
Brunei Darussalam,2018,8,Aug,2018-08-01,5168
Canada,2018,8,Aug,2018-08-01,9887
China,2018,8,Aug,2018-08-01,380108
Denmark,2018,8,Aug,2018-08-01,2525
Egypt,2018,8,Aug,2018-08-01,368
Europe,2018,8,Aug,2018-08-01,206031
Finland,2018,8,Aug,2018-08-01,1156
France,2018,8,Aug,2018-08-01,28097
Germany,2018,8,Aug,2018-08-01,29525
Greater China,2018,8,Aug,2018-08-01,487260
Hong Kong SAR,2018,8,Aug,2018-08-01,56484
India,2018,8,Aug,2018-08-01,100744
Indonesia,2018,8,Aug,2018-08-01,217787
Iran,2018,8,Aug,2018-08-01,874
Israel,2018,8,Aug,2018-08-01,1931
Italy,2018,8,Aug,2018-08-01,22950
Japan,2018,8,Aug,2018-08-01,100491
Kuwait,2018,8,Aug,2018-08-01,2347
Malaysia,2018,8,Aug,2018-08-01,103490
Mauritius,2018,8,Aug,2018-08-01,956
Myanmar,2018,8,Aug,2018-08-01,10759
Netherlands,2018,8,Aug,2018-08-01,12488
New Zealand,2018,8,Aug,2018-08-01,12669
North Asia,2018,8,Aug,2018-08-01,163269
Norway,2018,8,Aug,2018-08-01,2206
Oceania,2018,8,Aug,2018-08-01,97395
Other Markets In Africa,2018,8,Aug,2018-08-01,3458
Other Markets In Americas,2018,8,Aug,2018-08-01,4596
Other Markets In Europe,2018,8,Aug,2018-08-01,21731
Other Markets In Greater China,2018,8,Aug,2018-08-01,4239
Other Markets In North Asia,2018,8,Aug,2018-08-01,49
Other Markets In Oceania,2018,8,Aug,2018-08-01,1541
Other Markets In South Asia,2018,8,Aug,2018-08-01,3480
Other Markets In Southeast Asia,2018,8,Aug,2018-08-01,7890
Other Markets In West Asia,2018,8,Aug,2018-08-01,4102
Others,2018,8,Aug,2018-08-01,4
Pakistan,2018,8,Aug,2018-08-01,2519
Philippines,2018,8,Aug,2018-08-01,63556
Rep Of Ireland,2018,8,Aug,2018-08-01,2069
Russian Federation,2018,8,Aug,2018-08-01,5014
Saudi Arabia,2018,8,Aug,2018-08-01,1677
South Africa (Rep Of),2018,8,Aug,2018-08-01,3052
South Asia,2018,8,Aug,2018-08-01,130017
South Korea,2018,8,Aug,2018-08-01,62729
Southeast Asia,2018,8,Aug,2018-08-01,509153
Spain,2018,8,Aug,2018-08-01,11978
Sri Lanka,2018,8,Aug,2018-08-01,12264
Sweden,2018,8,Aug,2018-08-01,2708
Switzerland,2018,8,Aug,2018-08-01,8406
Taiwan,2018,8,Aug,2018-08-01,46429
Thailand,2018,8,Aug,2018-08-01,40452
Total International Visitor Arrivals By Place Of Residence,2018,8,Aug,2018-08-01,1683122
USA,2018,8,Aug,2018-08-01,46269
United Arab Emirates,2018,8,Aug,2018-08-01,10476
United Kingdom,2018,8,Aug,2018-08-01,51036
Vietnam,2018,8,Aug,2018-08-01,60051
West Asia,2018,8,Aug,2018-08-01,21407
Africa,2018,9,Sep,2018-09-01,6146
Americas,2018,9,Sep,2018-09-01,56056
Australia,2018,9,Sep,2018-09-01,107933
Bangladesh,2018,9,Sep,2018-09-01,10074
Belgium & Luxembourg,2018,9,Sep,2018-09-01,2586
Brunei Darussalam,2018,9,Sep,2018-09-01,6133
Canada,2018,9,Sep,2018-09-01,7669
China,2018,9,Sep,2018-09-01,239824
Denmark,2018,9,Sep,2018-09-01,2519
Egypt,2018,9,Sep,2018-09-01,372
Europe,2018,9,Sep,2018-09-01,159993
Finland,2018,9,Sep,2018-09-01,2021
France,2018,9,Sep,2018-09-01,13550
Germany,2018,9,Sep,2018-09-01,28000
Greater China,2018,9,Sep,2018-09-01,309748
Hong Kong SAR,2018,9,Sep,2018-09-01,35588
India,2018,9,Sep,2018-09-01,102251
Indonesia,2018,9,Sep,2018-09-01,224629
Iran,2018,9,Sep,2018-09-01,551
Israel,2018,9,Sep,2018-09-01,2379
Italy,2018,9,Sep,2018-09-01,7349
Japan,2018,9,Sep,2018-09-01,77013
Kuwait,2018,9,Sep,2018-09-01,385
Malaysia,2018,9,Sep,2018-09-01,106880
Mauritius,2018,9,Sep,2018-09-01,746
Myanmar,2018,9,Sep,2018-09-01,10211
Netherlands,2018,9,Sep,2018-09-01,7998
New Zealand,2018,9,Sep,2018-09-01,13767
North Asia,2018,9,Sep,2018-09-01,124766
Norway,2018,9,Sep,2018-09-01,2124
Oceania,2018,9,Sep,2018-09-01,123418
Other Markets In Africa,2018,9,Sep,2018-09-01,1944
Other Markets In Americas,2018,9,Sep,2018-09-01,6008
Other Markets In Europe,2018,9,Sep,2018-09-01,18379
Other Markets In Greater China,2018,9,Sep,2018-09-01,2019
Other Markets In North Asia,2018,9,Sep,2018-09-01,19
Other Markets In Oceania,2018,9,Sep,2018-09-01,1718
Other Markets In South Asia,2018,9,Sep,2018-09-01,3030
Other Markets In Southeast Asia,2018,9,Sep,2018-09-01,8235
Other Markets In West Asia,2018,9,Sep,2018-09-01,1802
Others,2018,9,Sep,2018-09-01,3
Pakistan,2018,9,Sep,2018-09-01,1808
Philippines,2018,9,Sep,2018-09-01,57241
Rep Of Ireland,2018,9,Sep,2018-09-01,1762
Russian Federation,2018,9,Sep,2018-09-01,4456
Saudi Arabia,2018,9,Sep,2018-09-01,807
South Africa (Rep Of),2018,9,Sep,2018-09-01,3084
South Asia,2018,9,Sep,2018-09-01,126605
South Korea,2018,9,Sep,2018-09-01,47734
Southeast Asia,2018,9,Sep,2018-09-01,497316
Spain,2018,9,Sep,2018-09-01,6652
Sri Lanka,2018,9,Sep,2018-09-01,9442
Sweden,2018,9,Sep,2018-09-01,2306
Switzerland,2018,9,Sep,2018-09-01,7084
Taiwan,2018,9,Sep,2018-09-01,32317
Thailand,2018,9,Sep,2018-09-01,40580
Total International Visitor Arrivals By Place Of Residence,2018,9,Sep,2018-09-01,1415149
USA,2018,9,Sep,2018-09-01,42379
United Arab Emirates,2018,9,Sep,2018-09-01,5174
United Kingdom,2018,9,Sep,2018-09-01,53207
Vietnam,2018,9,Sep,2018-09-01,43407
West Asia,2018,9,Sep,2018-09-01,11098
Africa,2018,10,Oct,2018-10-01,6129
Americas,2018,10,Oct,2018-10-01,62266
Australia,2018,10,Oct,2018-10-01,95096
Bangladesh,2018,10,Oct,2018-10-01,11206
Belgium & Luxembourg,2018,10,Oct,2018-10-01,2670
Brunei Darussalam,2018,10,Oct,2018-10-01,5017
Canada,2018,10,Oct,2018-10-01,8923
China,2018,10,Oct,2018-10-01,247664
Denmark,2018,10,Oct,2018-10-01,3097
Egypt,2018,10,Oct,2018-10-01,393
Europe,2018,10,Oct,2018-10-01,162926
Finland,2018,10,Oct,2018-10-01,2867
France,2018,10,Oct,2018-10-01,15717
Germany,2018,10,Oct,2018-10-01,28808
Greater China,2018,10,Oct,2018-10-01,314537
Hong Kong SAR,2018,10,Oct,2018-10-01,34865
India,2018,10,Oct,2018-10-01,114000
Indonesia,2018,10,Oct,2018-10-01,225244
Iran,2018,10,Oct,2018-10-01,233
Israel,2018,10,Oct,2018-10-01,2073
Italy,2018,10,Oct,2018-10-01,5777
Japan,2018,10,Oct,2018-10-01,74019
Kuwait,2018,10,Oct,2018-10-01,370
Malaysia,2018,10,Oct,2018-10-01,103676
Mauritius,2018,10,Oct,2018-10-01,915
Myanmar,2018,10,Oct,2018-10-01,12874
Netherlands,2018,10,Oct,2018-10-01,7839
New Zealand,2018,10,Oct,2018-10-01,12404
North Asia,2018,10,Oct,2018-10-01,127966
Norway,2018,10,Oct,2018-10-01,2608
Oceania,2018,10,Oct,2018-10-01,109285
Other Markets In Africa,2018,10,Oct,2018-10-01,2109
Other Markets In Americas,2018,10,Oct,2018-10-01,7083
Other Markets In Europe,2018,10,Oct,2018-10-01,19874
Other Markets In Greater China,2018,10,Oct,2018-10-01,1674
Other Markets In North Asia,2018,10,Oct,2018-10-01,21
Other Markets In Oceania,2018,10,Oct,2018-10-01,1785
Other Markets In South Asia,2018,10,Oct,2018-10-01,4423
Other Markets In Southeast Asia,2018,10,Oct,2018-10-01,11302
Other Markets In West Asia,2018,10,Oct,2018-10-01,1929
Others,2018,10,Oct,2018-10-01,0
Pakistan,2018,10,Oct,2018-10-01,1643
Philippines,2018,10,Oct,2018-10-01,68218
Rep Of Ireland,2018,10,Oct,2018-10-01,1842
Russian Federation,2018,10,Oct,2018-10-01,5274
Saudi Arabia,2018,10,Oct,2018-10-01,703
South Africa (Rep Of),2018,10,Oct,2018-10-01,2712
South Asia,2018,10,Oct,2018-10-01,140584
South Korea,2018,10,Oct,2018-10-01,53926
Southeast Asia,2018,10,Oct,2018-10-01,533250
Spain,2018,10,Oct,2018-10-01,5138
Sri Lanka,2018,10,Oct,2018-10-01,9312
Sweden,2018,10,Oct,2018-10-01,4051
Switzerland,2018,10,Oct,2018-10-01,9085
Taiwan,2018,10,Oct,2018-10-01,30334
Thailand,2018,10,Oct,2018-10-01,65734
Total International Visitor Arrivals By Place Of Residence,2018,10,Oct,2018-10-01,1467380
USA,2018,10,Oct,2018-10-01,46260
United Arab Emirates,2018,10,Oct,2018-10-01,5129
United Kingdom,2018,10,Oct,2018-10-01,48279
Vietnam,2018,10,Oct,2018-10-01,41185
West Asia,2018,10,Oct,2018-10-01,10437
Africa,2018,11,Nov,2018-11-01,6088
Americas,2018,11,Nov,2018-11-01,75548
Australia,2018,11,Nov,2018-11-01,74827
Bangladesh,2018,11,Nov,2018-11-01,9001
Belgium & Luxembourg,2018,11,Nov,2018-11-01,2727
Brunei Darussalam,2018,11,Nov,2018-11-01,6118
Canada,2018,11,Nov,2018-11-01,12031
China,2018,11,Nov,2018-11-01,220053
Denmark,2018,11,Nov,2018-11-01,2631
Egypt,2018,11,Nov,2018-11-01,289
Europe,2018,11,Nov,2018-11-01,167566
Finland,2018,11,Nov,2018-11-01,2585
France,2018,11,Nov,2018-11-01,16162
Germany,2018,11,Nov,2018-11-01,29465
Greater China,2018,11,Nov,2018-11-01,280164
Hong Kong SAR,2018,11,Nov,2018-11-01,32620
India,2018,11,Nov,2018-11-01,121319
Indonesia,2018,11,Nov,2018-11-01,226425
Iran,2018,11,Nov,2018-11-01,342
Israel,2018,11,Nov,2018-11-01,1704
Italy,2018,11,Nov,2018-11-01,5973
Japan,2018,11,Nov,2018-11-01,73787
Kuwait,2018,11,Nov,2018-11-01,375
Malaysia,2018,11,Nov,2018-11-01,117793
Mauritius,2018,11,Nov,2018-11-01,1894
Myanmar,2018,11,Nov,2018-11-01,11846
Netherlands,2018,11,Nov,2018-11-01,7686
New Zealand,2018,11,Nov,2018-11-01,8603
North Asia,2018,11,Nov,2018-11-01,124453
Norway,2018,11,Nov,2018-11-01,2611
Oceania,2018,11,Nov,2018-11-01,85319
Other Markets In Africa,2018,11,Nov,2018-11-01,1751
Other Markets In Americas,2018,11,Nov,2018-11-01,7333
Other Markets In Europe,2018,11,Nov,2018-11-01,22049
Other Markets In Greater China,2018,11,Nov,2018-11-01,1883
Other Markets In North Asia,2018,11,Nov,2018-11-01,32
Other Markets In Oceania,2018,11,Nov,2018-11-01,1889
Other Markets In South Asia,2018,11,Nov,2018-11-01,2937
Other Markets In Southeast Asia,2018,11,Nov,2018-11-01,9039
Other Markets In West Asia,2018,11,Nov,2018-11-01,1555
Others,2018,11,Nov,2018-11-01,1
Pakistan,2018,11,Nov,2018-11-01,1464
Philippines,2018,11,Nov,2018-11-01,66526
Rep Of Ireland,2018,11,Nov,2018-11-01,1862
Russian Federation,2018,11,Nov,2018-11-01,7139
Saudi Arabia,2018,11,Nov,2018-11-01,768
South Africa (Rep Of),2018,11,Nov,2018-11-01,2154
South Asia,2018,11,Nov,2018-11-01,142818
South Korea,2018,11,Nov,2018-11-01,50634
Southeast Asia,2018,11,Nov,2018-11-01,514632
Spain,2018,11,Nov,2018-11-01,5173
Sri Lanka,2018,11,Nov,2018-11-01,8097
Sweden,2018,11,Nov,2018-11-01,4308
Switzerland,2018,11,Nov,2018-11-01,8447
Taiwan,2018,11,Nov,2018-11-01,25608
Thailand,2018,11,Nov,2018-11-01,38796
Total International Visitor Arrivals By Place Of Residence,2018,11,Nov,2018-11-01,1406985
USA,2018,11,Nov,2018-11-01,56184
United Arab Emirates,2018,11,Nov,2018-11-01,5652
United Kingdom,2018,11,Nov,2018-11-01,48748
Vietnam,2018,11,Nov,2018-11-01,38089
West Asia,2018,11,Nov,2018-11-01,10396
Africa,2018,12,Dec,2018-12-01,13072
Americas,2018,12,Dec,2018-12-01,85208
Australia,2018,12,Dec,2018-12-01,104928
Bangladesh,2018,12,Dec,2018-12-01,11297
Belgium & Luxembourg,2018,12,Dec,2018-12-01,2481
Brunei Darussalam,2018,12,Dec,2018-12-01,10490
Canada,2018,12,Dec,2018-12-01,13614
China,2018,12,Dec,2018-12-01,238194
Denmark,2018,12,Dec,2018-12-01,2660
Egypt,2018,12,Dec,2018-12-01,435
Europe,2018,12,Dec,2018-12-01,175053
Finland,2018,12,Dec,2018-12-01,3357
France,2018,12,Dec,2018-12-01,12922
Germany,2018,12,Dec,2018-12-01,39214
Greater China,2018,12,Dec,2018-12-01,302561
Hong Kong SAR,2018,12,Dec,2018-12-01,36982
India,2018,12,Dec,2018-12-01,117495
Indonesia,2018,12,Dec,2018-12-01,321060
Iran,2018,12,Dec,2018-12-01,292
Israel,2018,12,Dec,2018-12-01,1682
Italy,2018,12,Dec,2018-12-01,8637
Japan,2018,12,Dec,2018-12-01,63738
Kuwait,2018,12,Dec,2018-12-01,778
Malaysia,2018,12,Dec,2018-12-01,142986
Mauritius,2018,12,Dec,2018-12-01,2835
Myanmar,2018,12,Dec,2018-12-01,12753
Netherlands,2018,12,Dec,2018-12-01,6999
New Zealand,2018,12,Dec,2018-12-01,11860
North Asia,2018,12,Dec,2018-12-01,105988
Norway,2018,12,Dec,2018-12-01,2570
Oceania,2018,12,Dec,2018-12-01,119602
Other Markets In Africa,2018,12,Dec,2018-12-01,3424
Other Markets In Americas,2018,12,Dec,2018-12-01,7479
Other Markets In Europe,2018,12,Dec,2018-12-01,21145
Other Markets In Greater China,2018,12,Dec,2018-12-01,3337
Other Markets In North Asia,2018,12,Dec,2018-12-01,27
Other Markets In Oceania,2018,12,Dec,2018-12-01,2814
Other Markets In South Asia,2018,12,Dec,2018-12-01,3950
Other Markets In Southeast Asia,2018,12,Dec,2018-12-01,8926
Other Markets In West Asia,2018,12,Dec,2018-12-01,2698
Others,2018,12,Dec,2018-12-01,0
Pakistan,2018,12,Dec,2018-12-01,2373
Philippines,2018,12,Dec,2018-12-01,72787
Rep Of Ireland,2018,12,Dec,2018-12-01,1582
Russian Federation,2018,12,Dec,2018-12-01,7989
Saudi Arabia,2018,12,Dec,2018-12-01,1304
South Africa (Rep Of),2018,12,Dec,2018-12-01,6378
South Asia,2018,12,Dec,2018-12-01,144231
South Korea,2018,12,Dec,2018-12-01,42223
Southeast Asia,2018,12,Dec,2018-12-01,644044
Spain,2018,12,Dec,2018-12-01,4053
Sri Lanka,2018,12,Dec,2018-12-01,9116
Sweden,2018,12,Dec,2018-12-01,6588
Switzerland,2018,12,Dec,2018-12-01,8809
Taiwan,2018,12,Dec,2018-12-01,24048
Thailand,2018,12,Dec,2018-12-01,37270
Total International Visitor Arrivals By Place Of Residence,2018,12,Dec,2018-12-01,1603217
USA,2018,12,Dec,2018-12-01,64115
United Arab Emirates,2018,12,Dec,2018-12-01,6704
United Kingdom,2018,12,Dec,2018-12-01,46047
Vietnam,2018,12,Dec,2018-12-01,37772
West Asia,2018,12,Dec,2018-12-01,13458
Africa,2019,1,Jan,2019-01-01,7083
Americas,2019,1,Jan,2019-01-01,92393
Australia,2019,1,Jan,2019-01-01,122672
Bangladesh,2019,1,Jan,2019-01-01,9960
Belgium & Luxembourg,2019,1,Jan,2019-01-01,2632
Brunei Darussalam,2019,1,Jan,2019-01-01,5953
Canada,2019,1,Jan,2019-01-01,14958
China,2019,1,Jan,2019-01-01,320581
Denmark,2019,1,Jan,2019-01-01,3542
Egypt,2019,1,Jan,2019-01-01,349
Europe,2019,1,Jan,2019-01-01,224478
Finland,2019,1,Jan,2019-01-01,3642
France,2019,1,Jan,2019-01-01,18052
Germany,2019,1,Jan,2019-01-01,46784
Greater China,2019,1,Jan,2019-01-01,393850
Hong Kong SAR,2019,1,Jan,2019-01-01,30056
India,2019,1,Jan,2019-01-01,104562
Indonesia,2019,1,Jan,2019-01-01,261622
Iran,2019,1,Jan,2019-01-01,420
Israel,2019,1,Jan,2019-01-01,2374
Italy,2019,1,Jan,2019-01-01,10910
Japan,2019,1,Jan,2019-01-01,66402
Kuwait,2019,1,Jan,2019-01-01,1174
Malaysia,2019,1,Jan,2019-01-01,88293
Mauritius,2019,1,Jan,2019-01-01,973
Myanmar,2019,1,Jan,2019-01-01,11074
Netherlands,2019,1,Jan,2019-01-01,8212
New Zealand,2019,1,Jan,2019-01-01,12969
North Asia,2019,1,Jan,2019-01-01,139127
Norway,2019,1,Jan,2019-01-01,2902
Oceania,2019,1,Jan,2019-01-01,137660
Other Markets In Africa,2019,1,Jan,2019-01-01,2195
Other Markets In Americas,2019,1,Jan,2019-01-01,10284
Other Markets In Europe,2019,1,Jan,2019-01-01,32587
Other Markets In Greater China,2019,1,Jan,2019-01-01,3127
Other Markets In North Asia,2019,1,Jan,2019-01-01,21
Other Markets In Oceania,2019,1,Jan,2019-01-01,2019
Other Markets In South Asia,2019,1,Jan,2019-01-01,3817
Other Markets In Southeast Asia,2019,1,Jan,2019-01-01,8054
Other Markets In West Asia,2019,1,Jan,2019-01-01,1791
Others,2019,1,Jan,2019-01-01,0
Pakistan,2019,1,Jan,2019-01-01,1959
Philippines,2019,1,Jan,2019-01-01,49245
Rep Of Ireland,2019,1,Jan,2019-01-01,1999
Russian Federation,2019,1,Jan,2019-01-01,12763
Saudi Arabia,2019,1,Jan,2019-01-01,963
South Africa (Rep Of),2019,1,Jan,2019-01-01,3566
South Asia,2019,1,Jan,2019-01-01,126665
South Korea,2019,1,Jan,2019-01-01,72704
Southeast Asia,2019,1,Jan,2019-01-01,491810
Spain,2019,1,Jan,2019-01-01,4212
Sri Lanka,2019,1,Jan,2019-01-01,6367
Sweden,2019,1,Jan,2019-01-01,7721
Switzerland,2019,1,Jan,2019-01-01,9232
Taiwan,2019,1,Jan,2019-01-01,40086
Thailand,2019,1,Jan,2019-01-01,34822
Total International Visitor Arrivals By Place Of Residence,2019,1,Jan,2019-01-01,1624593
USA,2019,1,Jan,2019-01-01,67151
United Arab Emirates,2019,1,Jan,2019-01-01,4805
United Kingdom,2019,1,Jan,2019-01-01,59288
Vietnam,2019,1,Jan,2019-01-01,32747
West Asia,2019,1,Jan,2019-01-01,11527
Africa,2019,2,Feb,2019-02-01,4480
Americas,2019,2,Feb,2019-02-01,77043
Australia,2019,2,Feb,2019-02-01,66199
Bangladesh,2019,2,Feb,2019-02-01,9321
Belgium & Luxembourg,2019,2,Feb,2019-02-01,2489
Brunei Darussalam,2019,2,Feb,2019-02-01,4105
Canada,2019,2,Feb,2019-02-01,13833
China,2019,2,Feb,2019-02-01,339550
Denmark,2019,2,Feb,2019-02-01,4049
Egypt,2019,2,Feb,2019-02-01,341
Europe,2019,2,Feb,2019-02-01,213198
Finland,2019,2,Feb,2019-02-01,4220
France,2019,2,Feb,2019-02-01,19884
Germany,2019,2,Feb,2019-02-01,41522
Greater China,2019,2,Feb,2019-02-01,423941
Hong Kong SAR,2019,2,Feb,2019-02-01,38921
India,2019,2,Feb,2019-02-01,88926
Indonesia,2019,2,Feb,2019-02-01,213991
Iran,2019,2,Feb,2019-02-01,446
Israel,2019,2,Feb,2019-02-01,1896
Italy,2019,2,Feb,2019-02-01,10085
Japan,2019,2,Feb,2019-02-01,69885
Kuwait,2019,2,Feb,2019-02-01,662
Malaysia,2019,2,Feb,2019-02-01,88706
Mauritius,2019,2,Feb,2019-02-01,842
Myanmar,2019,2,Feb,2019-02-01,10522
Netherlands,2019,2,Feb,2019-02-01,7435
New Zealand,2019,2,Feb,2019-02-01,6831
North Asia,2019,2,Feb,2019-02-01,132146
Norway,2019,2,Feb,2019-02-01,3441
Oceania,2019,2,Feb,2019-02-01,74454
Other Markets In Africa,2019,2,Feb,2019-02-01,1452
Other Markets In Americas,2019,2,Feb,2019-02-01,6970
Other Markets In Europe,2019,2,Feb,2019-02-01,29374
Other Markets In Greater China,2019,2,Feb,2019-02-01,2493
Other Markets In North Asia,2019,2,Feb,2019-02-01,20
Other Markets In Oceania,2019,2,Feb,2019-02-01,1424
Other Markets In South Asia,2019,2,Feb,2019-02-01,2598
Other Markets In Southeast Asia,2019,2,Feb,2019-02-01,7902
Other Markets In West Asia,2019,2,Feb,2019-02-01,1757
Others,2019,2,Feb,2019-02-01,0
Pakistan,2019,2,Feb,2019-02-01,1327
Philippines,2019,2,Feb,2019-02-01,52211
Rep Of Ireland,2019,2,Feb,2019-02-01,1737
Russian Federation,2019,2,Feb,2019-02-01,8145
Saudi Arabia,2019,2,Feb,2019-02-01,765
South Africa (Rep Of),2019,2,Feb,2019-02-01,1845
South Asia,2019,2,Feb,2019-02-01,108449
South Korea,2019,2,Feb,2019-02-01,62241
Southeast Asia,2019,2,Feb,2019-02-01,455405
Spain,2019,2,Feb,2019-02-01,4065
Sri Lanka,2019,2,Feb,2019-02-01,6277
Sweden,2019,2,Feb,2019-02-01,5707
Switzerland,2019,2,Feb,2019-02-01,8564
Taiwan,2019,2,Feb,2019-02-01,42977
Thailand,2019,2,Feb,2019-02-01,33685
Total International Visitor Arrivals By Place Of Residence,2019,2,Feb,2019-02-01,1499051
USA,2019,2,Feb,2019-02-01,56240
United Arab Emirates,2019,2,Feb,2019-02-01,4409
United Kingdom,2019,2,Feb,2019-02-01,62481
Vietnam,2019,2,Feb,2019-02-01,44283
West Asia,2019,2,Feb,2019-02-01,9935
Africa,2019,3,Mar,2019-03-01,6106
Americas,2019,3,Mar,2019-03-01,91115
Australia,2019,3,Mar,2019-03-01,73841
Bangladesh,2019,3,Mar,2019-03-01,10894
Belgium & Luxembourg,2019,3,Mar,2019-03-01,2800
Brunei Darussalam,2019,3,Mar,2019-03-01,7996
Canada,2019,3,Mar,2019-03-01,15968
China,2019,3,Mar,2019-03-01,300209
Denmark,2019,3,Mar,2019-03-01,3562
Egypt,2019,3,Mar,2019-03-01,314
Europe,2019,3,Mar,2019-03-01,213342
Finland,2019,3,Mar,2019-03-01,3106
France,2019,3,Mar,2019-03-01,19099
Germany,2019,3,Mar,2019-03-01,44963
Greater China,2019,3,Mar,2019-03-01,365215
Hong Kong SAR,2019,3,Mar,2019-03-01,34355
India,2019,3,Mar,2019-03-01,106506
Indonesia,2019,3,Mar,2019-03-01,249164
Iran,2019,3,Mar,2019-03-01,1864
Israel,2019,3,Mar,2019-03-01,1945
Italy,2019,3,Mar,2019-03-01,7201
Japan,2019,3,Mar,2019-03-01,84048
Kuwait,2019,3,Mar,2019-03-01,522
Malaysia,2019,3,Mar,2019-03-01,106200
Mauritius,2019,3,Mar,2019-03-01,846
Myanmar,2019,3,Mar,2019-03-01,13499
Netherlands,2019,3,Mar,2019-03-01,8288
New Zealand,2019,3,Mar,2019-03-01,8108
North Asia,2019,3,Mar,2019-03-01,131235
Norway,2019,3,Mar,2019-03-01,2811
Oceania,2019,3,Mar,2019-03-01,83730
Other Markets In Africa,2019,3,Mar,2019-03-01,1727
Other Markets In Americas,2019,3,Mar,2019-03-01,9732
Other Markets In Europe,2019,3,Mar,2019-03-01,26557
Other Markets In Greater China,2019,3,Mar,2019-03-01,1619
Other Markets In North Asia,2019,3,Mar,2019-03-01,19
Other Markets In Oceania,2019,3,Mar,2019-03-01,1781
Other Markets In South Asia,2019,3,Mar,2019-03-01,2730
Other Markets In Southeast Asia,2019,3,Mar,2019-03-01,7836
Other Markets In West Asia,2019,3,Mar,2019-03-01,2196
Others,2019,3,Mar,2019-03-01,0
Pakistan,2019,3,Mar,2019-03-01,1419
Philippines,2019,3,Mar,2019-03-01,59383
Rep Of Ireland,2019,3,Mar,2019-03-01,2115
Russian Federation,2019,3,Mar,2019-03-01,8585
Saudi Arabia,2019,3,Mar,2019-03-01,952
South Africa (Rep Of),2019,3,Mar,2019-03-01,3219
South Asia,2019,3,Mar,2019-03-01,128593
South Korea,2019,3,Mar,2019-03-01,47168
Southeast Asia,2019,3,Mar,2019-03-01,530303
Spain,2019,3,Mar,2019-03-01,4274
Sri Lanka,2019,3,Mar,2019-03-01,7044
Sweden,2019,3,Mar,2019-03-01,4849
Switzerland,2019,3,Mar,2019-03-01,8336
Taiwan,2019,3,Mar,2019-03-01,29032
Thailand,2019,3,Mar,2019-03-01,45072
Total International Visitor Arrivals By Place Of Residence,2019,3,Mar,2019-03-01,1564664
USA,2019,3,Mar,2019-03-01,65415
United Arab Emirates,2019,3,Mar,2019-03-01,7546
United Kingdom,2019,3,Mar,2019-03-01,66796
Vietnam,2019,3,Mar,2019-03-01,41153
West Asia,2019,3,Mar,2019-03-01,15025
Africa,2019,4,Apr,2019-04-01,7247
Americas,2019,4,Apr,2019-04-01,75440
Australia,2019,4,Apr,2019-04-01,107503
Bangladesh,2019,4,Apr,2019-04-01,11091
Belgium & Luxembourg,2019,4,Apr,2019-04-01,3530
Brunei Darussalam,2019,4,Apr,2019-04-01,5159
Canada,2019,4,Apr,2019-04-01,11429
China,2019,4,Apr,2019-04-01,302098
Denmark,2019,4,Apr,2019-04-01,3286
Egypt,2019,4,Apr,2019-04-01,415
Europe,2019,4,Apr,2019-04-01,181375
Finland,2019,4,Apr,2019-04-01,2148
France,2019,4,Apr,2019-04-01,17974
Germany,2019,4,Apr,2019-04-01,33428
Greater China,2019,4,Apr,2019-04-01,389376
Hong Kong SAR,2019,4,Apr,2019-04-01,52206
India,2019,4,Apr,2019-04-01,120225
Indonesia,2019,4,Apr,2019-04-01,240868
Iran,2019,4,Apr,2019-04-01,323
Israel,2019,4,Apr,2019-04-01,2071
Italy,2019,4,Apr,2019-04-01,6381
Japan,2019,4,Apr,2019-04-01,65212
Kuwait,2019,4,Apr,2019-04-01,514
Malaysia,2019,4,Apr,2019-04-01,95076
Mauritius,2019,4,Apr,2019-04-01,1192
Myanmar,2019,4,Apr,2019-04-01,16252
Netherlands,2019,4,Apr,2019-04-01,7791
New Zealand,2019,4,Apr,2019-04-01,14142
North Asia,2019,4,Apr,2019-04-01,104688
Norway,2019,4,Apr,2019-04-01,3405
Oceania,2019,4,Apr,2019-04-01,124189
Other Markets In Africa,2019,4,Apr,2019-04-01,2218
Other Markets In Americas,2019,4,Apr,2019-04-01,9822
Other Markets In Europe,2019,4,Apr,2019-04-01,20576
Other Markets In Greater China,2019,4,Apr,2019-04-01,2148
Other Markets In North Asia,2019,4,Apr,2019-04-01,12
Other Markets In Oceania,2019,4,Apr,2019-04-01,2544
Other Markets In South Asia,2019,4,Apr,2019-04-01,2807
Other Markets In Southeast Asia,2019,4,Apr,2019-04-01,11022
Other Markets In West Asia,2019,4,Apr,2019-04-01,2459
Others,2019,4,Apr,2019-04-01,0
Pakistan,2019,4,Apr,2019-04-01,1293
Philippines,2019,4,Apr,2019-04-01,83453
Rep Of Ireland,2019,4,Apr,2019-04-01,2026
Russian Federation,2019,4,Apr,2019-04-01,6112
Saudi Arabia,2019,4,Apr,2019-04-01,1019
South Africa (Rep Of),2019,4,Apr,2019-04-01,3422
South Asia,2019,4,Apr,2019-04-01,145854
South Korea,2019,4,Apr,2019-04-01,39464
Southeast Asia,2019,4,Apr,2019-04-01,554453
Spain,2019,4,Apr,2019-04-01,4865
Sri Lanka,2019,4,Apr,2019-04-01,10438
Sweden,2019,4,Apr,2019-04-01,3920
Switzerland,2019,4,Apr,2019-04-01,9929
Taiwan,2019,4,Apr,2019-04-01,32924
Thailand,2019,4,Apr,2019-04-01,57010
Total International Visitor Arrivals By Place Of Residence,2019,4,Apr,2019-04-01,1596724
USA,2019,4,Apr,2019-04-01,54189
United Arab Emirates,2019,4,Apr,2019-04-01,7716
United Kingdom,2019,4,Apr,2019-04-01,56004
Vietnam,2019,4,Apr,2019-04-01,45613
West Asia,2019,4,Apr,2019-04-01,14102
Africa,2019,5,May,2019-05-01,4961
Americas,2019,5,May,2019-05-01,69238
Australia,2019,5,May,2019-05-01,80476
Bangladesh,2019,5,May,2019-05-01,9595
Belgium & Luxembourg,2019,5,May,2019-05-01,1967
Brunei Darussalam,2019,5,May,2019-05-01,5370
Canada,2019,5,May,2019-05-01,11015
China,2019,5,May,2019-05-01,283445
Denmark,2019,5,May,2019-05-01,1850
Egypt,2019,5,May,2019-05-01,198
Europe,2019,5,May,2019-05-01,119900
Finland,2019,5,May,2019-05-01,1483
France,2019,5,May,2019-05-01,14413
Germany,2019,5,May,2019-05-01,18753
Greater China,2019,5,May,2019-05-01,349842
Hong Kong SAR,2019,5,May,2019-05-01,36429
India,2019,5,May,2019-05-01,182727
Indonesia,2019,5,May,2019-05-01,215825
Iran,2019,5,May,2019-05-01,212
Israel,2019,5,May,2019-05-01,1523
Italy,2019,5,May,2019-05-01,4775
Japan,2019,5,May,2019-05-01,59138
Kuwait,2019,5,May,2019-05-01,130
Malaysia,2019,5,May,2019-05-01,106518
Mauritius,2019,5,May,2019-05-01,590
Myanmar,2019,5,May,2019-05-01,13300
Netherlands,2019,5,May,2019-05-01,6589
New Zealand,2019,5,May,2019-05-01,12791
North Asia,2019,5,May,2019-05-01,102715
Norway,2019,5,May,2019-05-01,1791
Oceania,2019,5,May,2019-05-01,94996
Other Markets In Africa,2019,5,May,2019-05-01,1613
Other Markets In Americas,2019,5,May,2019-05-01,6768
Other Markets In Europe,2019,5,May,2019-05-01,14517
Other Markets In Greater China,2019,5,May,2019-05-01,1660
Other Markets In North Asia,2019,5,May,2019-05-01,16
Other Markets In Oceania,2019,5,May,2019-05-01,1729
Other Markets In South Asia,2019,5,May,2019-05-01,2218
Other Markets In Southeast Asia,2019,5,May,2019-05-01,9623
Other Markets In West Asia,2019,5,May,2019-05-01,1189
Others,2019,5,May,2019-05-01,0
Pakistan,2019,5,May,2019-05-01,856
Philippines,2019,5,May,2019-05-01,89800
Rep Of Ireland,2019,5,May,2019-05-01,1623
Russian Federation,2019,5,May,2019-05-01,5276
Saudi Arabia,2019,5,May,2019-05-01,378
South Africa (Rep Of),2019,5,May,2019-05-01,2560
South Asia,2019,5,May,2019-05-01,202168
South Korea,2019,5,May,2019-05-01,43561
Southeast Asia,2019,5,May,2019-05-01,535242
Spain,2019,5,May,2019-05-01,3374
Sri Lanka,2019,5,May,2019-05-01,6772
Sweden,2019,5,May,2019-05-01,2402
Switzerland,2019,5,May,2019-05-01,6347
Taiwan,2019,5,May,2019-05-01,28308
Thailand,2019,5,May,2019-05-01,45735
Total International Visitor Arrivals By Place Of Residence,2019,5,May,2019-05-01,1487791
USA,2019,5,May,2019-05-01,51455
United Arab Emirates,2019,5,May,2019-05-01,5297
United Kingdom,2019,5,May,2019-05-01,34740
Vietnam,2019,5,May,2019-05-01,49071
West Asia,2019,5,May,2019-05-01,8729
Africa,2019,6,Jun,2019-06-01,6787
Americas,2019,6,Jun,2019-06-01,81305
Australia,2019,6,Jun,2019-06-01,87793
Bangladesh,2019,6,Jun,2019-06-01,13393
Belgium & Luxembourg,2019,6,Jun,2019-06-01,1860
Brunei Darussalam,2019,6,Jun,2019-06-01,5276
Canada,2019,6,Jun,2019-06-01,7436
China,2019,6,Jun,2019-06-01,266107
Denmark,2019,6,Jun,2019-06-01,1881
Egypt,2019,6,Jun,2019-06-01,493
Europe,2019,6,Jun,2019-06-01,110587
Finland,2019,6,Jun,2019-06-01,1867
France,2019,6,Jun,2019-06-01,11822
Germany,2019,6,Jun,2019-06-01,17574
Greater China,2019,6,Jun,2019-06-01,338988
Hong Kong SAR,2019,6,Jun,2019-06-01,36226
India,2019,6,Jun,2019-06-01,144118
Indonesia,2019,6,Jun,2019-06-01,311036
Iran,2019,6,Jun,2019-06-01,388
Israel,2019,6,Jun,2019-06-01,1502
Italy,2019,6,Jun,2019-06-01,4404
Japan,2019,6,Jun,2019-06-01,56709
Kuwait,2019,6,Jun,2019-06-01,932
Malaysia,2019,6,Jun,2019-06-01,102074
Mauritius,2019,6,Jun,2019-06-01,802
Myanmar,2019,6,Jun,2019-06-01,12899
Netherlands,2019,6,Jun,2019-06-01,5341
New Zealand,2019,6,Jun,2019-06-01,14219
North Asia,2019,6,Jun,2019-06-01,102441
Norway,2019,6,Jun,2019-06-01,2319
Oceania,2019,6,Jun,2019-06-01,104003
Other Markets In Africa,2019,6,Jun,2019-06-01,2064
Other Markets In Americas,2019,6,Jun,2019-06-01,6781
Other Markets In Europe,2019,6,Jun,2019-06-01,13616
Other Markets In Greater China,2019,6,Jun,2019-06-01,2466
Other Markets In North Asia,2019,6,Jun,2019-06-01,26
Other Markets In Oceania,2019,6,Jun,2019-06-01,1991
Other Markets In South Asia,2019,6,Jun,2019-06-01,3312
Other Markets In Southeast Asia,2019,6,Jun,2019-06-01,8856
Other Markets In West Asia,2019,6,Jun,2019-06-01,2934
Others,2019,6,Jun,2019-06-01,0
Pakistan,2019,6,Jun,2019-06-01,2698
Philippines,2019,6,Jun,2019-06-01,73977
Rep Of Ireland,2019,6,Jun,2019-06-01,2108
Russian Federation,2019,6,Jun,2019-06-01,3535
Saudi Arabia,2019,6,Jun,2019-06-01,2204
South Africa (Rep Of),2019,6,Jun,2019-06-01,3428
South Asia,2019,6,Jun,2019-06-01,170742
South Korea,2019,6,Jun,2019-06-01,45706
Southeast Asia,2019,6,Jun,2019-06-01,622117
Spain,2019,6,Jun,2019-06-01,3746
Sri Lanka,2019,6,Jun,2019-06-01,7221
Sweden,2019,6,Jun,2019-06-01,2612
Switzerland,2019,6,Jun,2019-06-01,5089
Taiwan,2019,6,Jun,2019-06-01,34189
Thailand,2019,6,Jun,2019-06-01,35558
Total International Visitor Arrivals By Place Of Residence,2019,6,Jun,2019-06-01,1551847
USA,2019,6,Jun,2019-06-01,67088
United Arab Emirates,2019,6,Jun,2019-06-01,6917
United Kingdom,2019,6,Jun,2019-06-01,32813
Vietnam,2019,6,Jun,2019-06-01,72441
West Asia,2019,6,Jun,2019-06-01,14877
Africa,2019,7,Jul,2019-07-01,7548
Americas,2019,7,Jul,2019-07-01,88663
Australia,2019,7,Jul,2019-07-01,107383
Bangladesh,2019,7,Jul,2019-07-01,12564
Belgium & Luxembourg,2019,7,Jul,2019-07-01,4483
Brunei Darussalam,2019,7,Jul,2019-07-01,5882
Canada,2019,7,Jul,2019-07-01,10260
China,2019,7,Jul,2019-07-01,389503
Denmark,2019,7,Jul,2019-07-01,5408
Egypt,2019,7,Jul,2019-07-01,705
Europe,2019,7,Jul,2019-07-01,173060
Finland,2019,7,Jul,2019-07-01,1992
France,2019,7,Jul,2019-07-01,21953
Germany,2019,7,Jul,2019-07-01,23843
Greater China,2019,7,Jul,2019-07-01,498897
Hong Kong SAR,2019,7,Jul,2019-07-01,50820
India,2019,7,Jul,2019-07-01,112026
Indonesia,2019,7,Jul,2019-07-01,294173
Iran,2019,7,Jul,2019-07-01,413
Israel,2019,7,Jul,2019-07-01,1866
Italy,2019,7,Jul,2019-07-01,7418
Japan,2019,7,Jul,2019-07-01,71410
Kuwait,2019,7,Jul,2019-07-01,1663
Malaysia,2019,7,Jul,2019-07-01,93071
Mauritius,2019,7,Jul,2019-07-01,1180
Myanmar,2019,7,Jul,2019-07-01,14805
Netherlands,2019,7,Jul,2019-07-01,11757
New Zealand,2019,7,Jul,2019-07-01,17922
North Asia,2019,7,Jul,2019-07-01,130551
Norway,2019,7,Jul,2019-07-01,5103
Oceania,2019,7,Jul,2019-07-01,127346
Other Markets In Africa,2019,7,Jul,2019-07-01,2763
Other Markets In Americas,2019,7,Jul,2019-07-01,7060
Other Markets In Europe,2019,7,Jul,2019-07-01,19596
Other Markets In Greater China,2019,7,Jul,2019-07-01,3234
Other Markets In North Asia,2019,7,Jul,2019-07-01,22
Other Markets In Oceania,2019,7,Jul,2019-07-01,2041
Other Markets In South Asia,2019,7,Jul,2019-07-01,3190
Other Markets In Southeast Asia,2019,7,Jul,2019-07-01,10533
Other Markets In West Asia,2019,7,Jul,2019-07-01,4619
Others,2019,7,Jul,2019-07-01,0
Pakistan,2019,7,Jul,2019-07-01,2581
Philippines,2019,7,Jul,2019-07-01,68893
Rep Of Ireland,2019,7,Jul,2019-07-01,2722
Russian Federation,2019,7,Jul,2019-07-01,4030
Saudi Arabia,2019,7,Jul,2019-07-01,2489
South Africa (Rep Of),2019,7,Jul,2019-07-01,2900
South Asia,2019,7,Jul,2019-07-01,138129
South Korea,2019,7,Jul,2019-07-01,59119
Southeast Asia,2019,7,Jul,2019-07-01,617788
Spain,2019,7,Jul,2019-07-01,6997
Sri Lanka,2019,7,Jul,2019-07-01,7768
Sweden,2019,7,Jul,2019-07-01,4199
Switzerland,2019,7,Jul,2019-07-01,9690
Taiwan,2019,7,Jul,2019-07-01,55340
Thailand,2019,7,Jul,2019-07-01,51916
Total International Visitor Arrivals By Place Of Residence,2019,7,Jul,2019-07-01,1802593
USA,2019,7,Jul,2019-07-01,71343
United Arab Emirates,2019,7,Jul,2019-07-01,9561
United Kingdom,2019,7,Jul,2019-07-01,43869
Vietnam,2019,7,Jul,2019-07-01,78515
West Asia,2019,7,Jul,2019-07-01,20611
Africa,2019,8,Aug,2019-08-01,8289
Americas,2019,8,Aug,2019-08-01,71328
Australia,2019,8,Aug,2019-08-01,84023
Bangladesh,2019,8,Aug,2019-08-01,11808
Belgium & Luxembourg,2019,8,Aug,2019-08-01,4092
Brunei Darussalam,2019,8,Aug,2019-08-01,5156
Canada,2019,8,Aug,2019-08-01,11130
China,2019,8,Aug,2019-08-01,397070
Denmark,2019,8,Aug,2019-08-01,2781
Egypt,2019,8,Aug,2019-08-01,440
Europe,2019,8,Aug,2019-08-01,203813
Finland,2019,8,Aug,2019-08-01,1226
France,2019,8,Aug,2019-08-01,28953
Germany,2019,8,Aug,2019-08-01,27209
Greater China,2019,8,Aug,2019-08-01,499809
Hong Kong SAR,2019,8,Aug,2019-08-01,52768
India,2019,8,Aug,2019-08-01,108736
Indonesia,2019,8,Aug,2019-08-01,228095
Iran,2019,8,Aug,2019-08-01,798
Israel,2019,8,Aug,2019-08-01,1937
Italy,2019,8,Aug,2019-08-01,21699
Japan,2019,8,Aug,2019-08-01,108104
Kuwait,2019,8,Aug,2019-08-01,2110
Malaysia,2019,8,Aug,2019-08-01,100225
Mauritius,2019,8,Aug,2019-08-01,943
Myanmar,2019,8,Aug,2019-08-01,11942
Netherlands,2019,8,Aug,2019-08-01,12792
New Zealand,2019,8,Aug,2019-08-01,13913
North Asia,2019,8,Aug,2019-08-01,173762
Norway,2019,8,Aug,2019-08-01,2106
Oceania,2019,8,Aug,2019-08-01,99796
Other Markets In Africa,2019,8,Aug,2019-08-01,4091
Other Markets In Americas,2019,8,Aug,2019-08-01,5333
Other Markets In Europe,2019,8,Aug,2019-08-01,23243
Other Markets In Greater China,2019,8,Aug,2019-08-01,4195
Other Markets In North Asia,2019,8,Aug,2019-08-01,15
Other Markets In Oceania,2019,8,Aug,2019-08-01,1860
Other Markets In South Asia,2019,8,Aug,2019-08-01,3716
Other Markets In Southeast Asia,2019,8,Aug,2019-08-01,10000
Other Markets In West Asia,2019,8,Aug,2019-08-01,4463
Others,2019,8,Aug,2019-08-01,0
Pakistan,2019,8,Aug,2019-08-01,1547
Philippines,2019,8,Aug,2019-08-01,66587
Rep Of Ireland,2019,8,Aug,2019-08-01,2093
Russian Federation,2019,8,Aug,2019-08-01,4059
Saudi Arabia,2019,8,Aug,2019-08-01,2490
South Africa (Rep Of),2019,8,Aug,2019-08-01,2815
South Asia,2019,8,Aug,2019-08-01,135500
South Korea,2019,8,Aug,2019-08-01,65643
Southeast Asia,2019,8,Aug,2019-08-01,520958
Spain,2019,8,Aug,2019-08-01,12701
Sri Lanka,2019,8,Aug,2019-08-01,9693
Sweden,2019,8,Aug,2019-08-01,2454
Switzerland,2019,8,Aug,2019-08-01,7687
Taiwan,2019,8,Aug,2019-08-01,45776
Thailand,2019,8,Aug,2019-08-01,39919
Total International Visitor Arrivals By Place Of Residence,2019,8,Aug,2019-08-01,1736102
USA,2019,8,Aug,2019-08-01,54865
United Arab Emirates,2019,8,Aug,2019-08-01,11049
United Kingdom,2019,8,Aug,2019-08-01,50718
Vietnam,2019,8,Aug,2019-08-01,59034
West Asia,2019,8,Aug,2019-08-01,22847
Africa,2019,9,Sep,2019-09-01,7961
Americas,2019,9,Sep,2019-09-01,64342
Australia,2019,9,Sep,2019-09-01,109506
Bangladesh,2019,9,Sep,2019-09-01,10698
Belgium & Luxembourg,2019,9,Sep,2019-09-01,2677
Brunei Darussalam,2019,9,Sep,2019-09-01,6356
Canada,2019,9,Sep,2019-09-01,7996
China,2019,9,Sep,2019-09-01,248568
Denmark,2019,9,Sep,2019-09-01,2878
Egypt,2019,9,Sep,2019-09-01,414
Europe,2019,9,Sep,2019-09-01,159864
Finland,2019,9,Sep,2019-09-01,2210
France,2019,9,Sep,2019-09-01,15137
Germany,2019,9,Sep,2019-09-01,26979
Greater China,2019,9,Sep,2019-09-01,318888
Hong Kong SAR,2019,9,Sep,2019-09-01,35351
India,2019,9,Sep,2019-09-01,105075
Indonesia,2019,9,Sep,2019-09-01,237637
Iran,2019,9,Sep,2019-09-01,1083
Israel,2019,9,Sep,2019-09-01,2160
Italy,2019,9,Sep,2019-09-01,6993
Japan,2019,9,Sep,2019-09-01,80823
Kuwait,2019,9,Sep,2019-09-01,382
Malaysia,2019,9,Sep,2019-09-01,98438
Mauritius,2019,9,Sep,2019-09-01,625
Myanmar,2019,9,Sep,2019-09-01,11742
Netherlands,2019,9,Sep,2019-09-01,8423
New Zealand,2019,9,Sep,2019-09-01,15783
North Asia,2019,9,Sep,2019-09-01,132515
Norway,2019,9,Sep,2019-09-01,1975
Oceania,2019,9,Sep,2019-09-01,127327
Other Markets In Africa,2019,9,Sep,2019-09-01,2665
Other Markets In Americas,2019,9,Sep,2019-09-01,6853
Other Markets In Europe,2019,9,Sep,2019-09-01,20805
Other Markets In Greater China,2019,9,Sep,2019-09-01,1831
Other Markets In North Asia,2019,9,Sep,2019-09-01,32
Other Markets In Oceania,2019,9,Sep,2019-09-01,2038
Other Markets In South Asia,2019,9,Sep,2019-09-01,3642
Other Markets In Southeast Asia,2019,9,Sep,2019-09-01,11043
Other Markets In West Asia,2019,9,Sep,2019-09-01,1882
Others,2019,9,Sep,2019-09-01,1
Pakistan,2019,9,Sep,2019-09-01,1474
Philippines,2019,9,Sep,2019-09-01,62660
Rep Of Ireland,2019,9,Sep,2019-09-01,1945
Russian Federation,2019,9,Sep,2019-09-01,4385
Saudi Arabia,2019,9,Sep,2019-09-01,959
South Africa (Rep Of),2019,9,Sep,2019-09-01,4257
South Asia,2019,9,Sep,2019-09-01,129203
South Korea,2019,9,Sep,2019-09-01,51660
Southeast Asia,2019,9,Sep,2019-09-01,511664
Spain,2019,9,Sep,2019-09-01,6479
Sri Lanka,2019,9,Sep,2019-09-01,8314
Sweden,2019,9,Sep,2019-09-01,2307
Switzerland,2019,9,Sep,2019-09-01,6753
Taiwan,2019,9,Sep,2019-09-01,33138
Thailand,2019,9,Sep,2019-09-01,39776
Total International Visitor Arrivals By Place Of Residence,2019,9,Sep,2019-09-01,1463543
USA,2019,9,Sep,2019-09-01,49493
United Arab Emirates,2019,9,Sep,2019-09-01,5312
United Kingdom,2019,9,Sep,2019-09-01,49918
Vietnam,2019,9,Sep,2019-09-01,44012
West Asia,2019,9,Sep,2019-09-01,11778
Africa,2019,10,Oct,2019-10-01,6697
Americas,2019,10,Oct,2019-10-01,68654
Australia,2019,10,Oct,2019-10-01,97092
Bangladesh,2019,10,Oct,2019-10-01,12810
Belgium & Luxembourg,2019,10,Oct,2019-10-01,2576
Brunei Darussalam,2019,10,Oct,2019-10-01,4687
Canada,2019,10,Oct,2019-10-01,8869
China,2019,10,Oct,2019-10-01,258611
Denmark,2019,10,Oct,2019-10-01,3168
Egypt,2019,10,Oct,2019-10-01,402
Europe,2019,10,Oct,2019-10-01,164050
Finland,2019,10,Oct,2019-10-01,2843
France,2019,10,Oct,2019-10-01,16369
Germany,2019,10,Oct,2019-10-01,28485
Greater China,2019,10,Oct,2019-10-01,331072
Hong Kong SAR,2019,10,Oct,2019-10-01,36073
India,2019,10,Oct,2019-10-01,116182
Indonesia,2019,10,Oct,2019-10-01,251936
Iran,2019,10,Oct,2019-10-01,738
Israel,2019,10,Oct,2019-10-01,2982
Italy,2019,10,Oct,2019-10-01,5655
Japan,2019,10,Oct,2019-10-01,80106
Kuwait,2019,10,Oct,2019-10-01,357
Malaysia,2019,10,Oct,2019-10-01,97378
Mauritius,2019,10,Oct,2019-10-01,773
Myanmar,2019,10,Oct,2019-10-01,13824
Netherlands,2019,10,Oct,2019-10-01,7566
New Zealand,2019,10,Oct,2019-10-01,13233
North Asia,2019,10,Oct,2019-10-01,136707
Norway,2019,10,Oct,2019-10-01,2633
Oceania,2019,10,Oct,2019-10-01,112052
Other Markets In Africa,2019,10,Oct,2019-10-01,2435
Other Markets In Americas,2019,10,Oct,2019-10-01,7111
Other Markets In Europe,2019,10,Oct,2019-10-01,21286
Other Markets In Greater China,2019,10,Oct,2019-10-01,1800
Other Markets In North Asia,2019,10,Oct,2019-10-01,3
Other Markets In Oceania,2019,10,Oct,2019-10-01,1727
Other Markets In South Asia,2019,10,Oct,2019-10-01,4502
Other Markets In Southeast Asia,2019,10,Oct,2019-10-01,9523
Other Markets In West Asia,2019,10,Oct,2019-10-01,1952
Others,2019,10,Oct,2019-10-01,3
Pakistan,2019,10,Oct,2019-10-01,1370
Philippines,2019,10,Oct,2019-10-01,73812
Rep Of Ireland,2019,10,Oct,2019-10-01,2117
Russian Federation,2019,10,Oct,2019-10-01,5569
Saudi Arabia,2019,10,Oct,2019-10-01,909
South Africa (Rep Of),2019,10,Oct,2019-10-01,3087
South Asia,2019,10,Oct,2019-10-01,142972
South Korea,2019,10,Oct,2019-10-01,56598
Southeast Asia,2019,10,Oct,2019-10-01,555996
Spain,2019,10,Oct,2019-10-01,4798
Sri Lanka,2019,10,Oct,2019-10-01,8108
Sweden,2019,10,Oct,2019-10-01,3677
Switzerland,2019,10,Oct,2019-10-01,8629
Taiwan,2019,10,Oct,2019-10-01,34588
Thailand,2019,10,Oct,2019-10-01,63335
Total International Visitor Arrivals By Place Of Residence,2019,10,Oct,2019-10-01,1530479
USA,2019,10,Oct,2019-10-01,52674
United Arab Emirates,2019,10,Oct,2019-10-01,5338
United Kingdom,2019,10,Oct,2019-10-01,48679
Vietnam,2019,10,Oct,2019-10-01,41501
West Asia,2019,10,Oct,2019-10-01,12276
Africa,2019,11,Nov,2019-11-01,7472
Americas,2019,11,Nov,2019-11-01,82972
Australia,2019,11,Nov,2019-11-01,89052
Bangladesh,2019,11,Nov,2019-11-01,11040
Belgium & Luxembourg,2019,11,Nov,2019-11-01,2820
Brunei Darussalam,2019,11,Nov,2019-11-01,6366
Canada,2019,11,Nov,2019-11-01,11355
China,2019,11,Nov,2019-11-01,248636
Denmark,2019,11,Nov,2019-11-01,2800
Egypt,2019,11,Nov,2019-11-01,474
Europe,2019,11,Nov,2019-11-01,179959
Finland,2019,11,Nov,2019-11-01,2775
France,2019,11,Nov,2019-11-01,15407
Germany,2019,11,Nov,2019-11-01,37191
Greater China,2019,11,Nov,2019-11-01,319671
Hong Kong SAR,2019,11,Nov,2019-11-01,40383
India,2019,11,Nov,2019-11-01,113717
Indonesia,2019,11,Nov,2019-11-01,266774
Iran,2019,11,Nov,2019-11-01,698
Israel,2019,11,Nov,2019-11-01,2009
Italy,2019,11,Nov,2019-11-01,6074
Japan,2019,11,Nov,2019-11-01,72765
Kuwait,2019,11,Nov,2019-11-01,450
Malaysia,2019,11,Nov,2019-11-01,111473
Mauritius,2019,11,Nov,2019-11-01,1410
Myanmar,2019,11,Nov,2019-11-01,12598
Netherlands,2019,11,Nov,2019-11-01,8111
New Zealand,2019,11,Nov,2019-11-01,9615
North Asia,2019,11,Nov,2019-11-01,125534
Norway,2019,11,Nov,2019-11-01,2584
Oceania,2019,11,Nov,2019-11-01,100883
Other Markets In Africa,2019,11,Nov,2019-11-01,2546
Other Markets In Americas,2019,11,Nov,2019-11-01,8254
Other Markets In Europe,2019,11,Nov,2019-11-01,25869
Other Markets In Greater China,2019,11,Nov,2019-11-01,2104
Other Markets In North Asia,2019,11,Nov,2019-11-01,4
Other Markets In Oceania,2019,11,Nov,2019-11-01,2216
Other Markets In South Asia,2019,11,Nov,2019-11-01,3072
Other Markets In Southeast Asia,2019,11,Nov,2019-11-01,9657
Other Markets In West Asia,2019,11,Nov,2019-11-01,1876
Others,2019,11,Nov,2019-11-01,1
Pakistan,2019,11,Nov,2019-11-01,1474
Philippines,2019,11,Nov,2019-11-01,72701
Rep Of Ireland,2019,11,Nov,2019-11-01,2201
Russian Federation,2019,11,Nov,2019-11-01,8171
Saudi Arabia,2019,11,Nov,2019-11-01,999
South Africa (Rep Of),2019,11,Nov,2019-11-01,3042
South Asia,2019,11,Nov,2019-11-01,139058
South Korea,2019,11,Nov,2019-11-01,52765
Southeast Asia,2019,11,Nov,2019-11-01,565680
Spain,2019,11,Nov,2019-11-01,4946
Sri Lanka,2019,11,Nov,2019-11-01,9755
Sweden,2019,11,Nov,2019-11-01,3908
Switzerland,2019,11,Nov,2019-11-01,8759
Taiwan,2019,11,Nov,2019-11-01,28548
Thailand,2019,11,Nov,2019-11-01,40986
Total International Visitor Arrivals By Place Of Residence,2019,11,Nov,2019-11-01,1533668
USA,2019,11,Nov,2019-11-01,63363
United Arab Emirates,2019,11,Nov,2019-11-01,6406
United Kingdom,2019,11,Nov,2019-11-01,48343
Vietnam,2019,11,Nov,2019-11-01,45125
West Asia,2019,11,Nov,2019-11-01,12438
Africa,2019,12,Dec,2019-12-01,16335
Americas,2019,12,Dec,2019-12-01,100218
Australia,2019,12,Dec,2019-12-01,117796
Bangladesh,2019,12,Dec,2019-12-01,13812
Belgium & Luxembourg,2019,12,Dec,2019-12-01,2536
Brunei Darussalam,2019,12,Dec,2019-12-01,10298
Canada,2019,12,Dec,2019-12-01,14314
China,2019,12,Dec,2019-12-01,272742
Denmark,2019,12,Dec,2019-12-01,2844
Egypt,2019,12,Dec,2019-12-01,637
Europe,2019,12,Dec,2019-12-01,189183
Finland,2019,12,Dec,2019-12-01,3263
France,2019,12,Dec,2019-12-01,13745
Germany,2019,12,Dec,2019-12-01,34026
Greater China,2019,12,Dec,2019-12-01,342199
Hong Kong SAR,2019,12,Dec,2019-12-01,44954
India,2019,12,Dec,2019-12-01,115193
Indonesia,2019,12,Dec,2019-12-01,339505
Iran,2019,12,Dec,2019-12-01,581
Israel,2019,12,Dec,2019-12-01,2032
Italy,2019,12,Dec,2019-12-01,11129
Japan,2019,12,Dec,2019-12-01,69706
Kuwait,2019,12,Dec,2019-12-01,729
Malaysia,2019,12,Dec,2019-12-01,133278
Mauritius,2019,12,Dec,2019-12-01,2920
Myanmar,2019,12,Dec,2019-12-01,13536
Netherlands,2019,12,Dec,2019-12-01,7148
New Zealand,2019,12,Dec,2019-12-01,13501
North Asia,2019,12,Dec,2019-12-01,118932
Norway,2019,12,Dec,2019-12-01,2860
Oceania,2019,12,Dec,2019-12-01,134070
Other Markets In Africa,2019,12,Dec,2019-12-01,4182
Other Markets In Americas,2019,12,Dec,2019-12-01,9771
Other Markets In Europe,2019,12,Dec,2019-12-01,25506
Other Markets In Greater China,2019,12,Dec,2019-12-01,3780
Other Markets In North Asia,2019,12,Dec,2019-12-01,7
Other Markets In Oceania,2019,12,Dec,2019-12-01,2773
Other Markets In South Asia,2019,12,Dec,2019-12-01,4396
Other Markets In Southeast Asia,2019,12,Dec,2019-12-01,10503
Other Markets In West Asia,2019,12,Dec,2019-12-01,2897
Others,2019,12,Dec,2019-12-01,0
Pakistan,2019,12,Dec,2019-12-01,1976
Philippines,2019,12,Dec,2019-12-01,76603
Rep Of Ireland,2019,12,Dec,2019-12-01,2006
Russian Federation,2019,12,Dec,2019-12-01,9629
Saudi Arabia,2019,12,Dec,2019-12-01,1344
South Africa (Rep Of),2019,12,Dec,2019-12-01,8596
South Asia,2019,12,Dec,2019-12-01,146360
South Korea,2019,12,Dec,2019-12-01,49219
Southeast Asia,2019,12,Dec,2019-12-01,662907
Spain,2019,12,Dec,2019-12-01,4942
Sri Lanka,2019,12,Dec,2019-12-01,10983
Sweden,2019,12,Dec,2019-12-01,6391
Switzerland,2019,12,Dec,2019-12-01,8986
Taiwan,2019,12,Dec,2019-12-01,20723
Thailand,2019,12,Dec,2019-12-01,40733
Total International Visitor Arrivals By Place Of Residence,2019,12,Dec,2019-12-01,1724961
USA,2019,12,Dec,2019-12-01,76133
United Arab Emirates,2019,12,Dec,2019-12-01,7174
United Kingdom,2019,12,Dec,2019-12-01,54172
Vietnam,2019,12,Dec,2019-12-01,38451
West Asia,2019,12,Dec,2019-12-01,14757
Africa,2020,1,Jan,2020-01-01,9271
Americas,2020,1,Jan,2020-01-01,98790
Australia,2020,1,Jan,2020-01-01,130626
Bangladesh,2020,1,Jan,2020-01-01,11631
Belgium & Luxembourg,2020,1,Jan,2020-01-01,2704
Brunei Darussalam,2020,1,Jan,2020-01-01,5364
Canada,2020,1,Jan,2020-01-01,15044
China,2020,1,Jan,2020-01-01,329047
Denmark,2020,1,Jan,2020-01-01,3835
Egypt,2020,1,Jan,2020-01-01,584
Europe,2020,1,Jan,2020-01-01,225192
Finland,2020,1,Jan,2020-01-01,3713
France,2020,1,Jan,2020-01-01,16613
Germany,2020,1,Jan,2020-01-01,40228
Greater China,2020,1,Jan,2020-01-01,413392
Hong Kong SAR,2020,1,Jan,2020-01-01,38681
India,2020,1,Jan,2020-01-01,99643
Indonesia,2020,1,Jan,2020-01-01,282144
Iran,2020,1,Jan,2020-01-01,493
Israel,2020,1,Jan,2020-01-01,2958
Italy,2020,1,Jan,2020-01-01,10661
Japan,2020,1,Jan,2020-01-01,57234
Kuwait,2020,1,Jan,2020-01-01,1127
Malaysia,2020,1,Jan,2020-01-01,90720
Mauritius,2020,1,Jan,2020-01-01,1185
Myanmar,2020,1,Jan,2020-01-01,11341
Netherlands,2020,1,Jan,2020-01-01,7940
New Zealand,2020,1,Jan,2020-01-01,15141
North Asia,2020,1,Jan,2020-01-01,127547
Norway,2020,1,Jan,2020-01-01,3262
Oceania,2020,1,Jan,2020-01-01,148055
Other Markets In Africa,2020,1,Jan,2020-01-01,2843
Other Markets In Americas,2020,1,Jan,2020-01-01,11169
Other Markets In Europe,2020,1,Jan,2020-01-01,35733
Other Markets In Greater China,2020,1,Jan,2020-01-01,3056
Other Markets In North Asia,2020,1,Jan,2020-01-01,36
Other Markets In Oceania,2020,1,Jan,2020-01-01,2288
Other Markets In South Asia,2020,1,Jan,2020-01-01,4040
Other Markets In Southeast Asia,2020,1,Jan,2020-01-01,9392
Other Markets In West Asia,2020,1,Jan,2020-01-01,1782
Others,2020,1,Jan,2020-01-01,1
Pakistan,2020,1,Jan,2020-01-01,1774
Philippines,2020,1,Jan,2020-01-01,49522
Rep Of Ireland,2020,1,Jan,2020-01-01,2487
Russian Federation,2020,1,Jan,2020-01-01,15880
Saudi Arabia,2020,1,Jan,2020-01-01,3007
South Africa (Rep Of),2020,1,Jan,2020-01-01,4659
South Asia,2020,1,Jan,2020-01-01,123324
South Korea,2020,1,Jan,2020-01-01,70277
Southeast Asia,2020,1,Jan,2020-01-01,528985
Spain,2020,1,Jan,2020-01-01,4872
Sri Lanka,2020,1,Jan,2020-01-01,6236
Sweden,2020,1,Jan,2020-01-01,6982
Switzerland,2020,1,Jan,2020-01-01,8648
Taiwan,2020,1,Jan,2020-01-01,42608
Thailand,2020,1,Jan,2020-01-01,34152
Total International Visitor Arrivals By Place Of Residence,2020,1,Jan,2020-01-01,1688102
USA,2020,1,Jan,2020-01-01,72577
United Arab Emirates,2020,1,Jan,2020-01-01,4178
United Kingdom,2020,1,Jan,2020-01-01,61634
Vietnam,2020,1,Jan,2020-01-01,46350
West Asia,2020,1,Jan,2020-01-01,13545
Africa,2020,2,Feb,2020-02-01,3435
Americas,2020,2,Feb,2020-02-01,53615
Australia,2020,2,Feb,2020-02-01,54791
Bangladesh,2020,2,Feb,2020-02-01,6054
Belgium & Luxembourg,2020,2,Feb,2020-02-01,2444
Brunei Darussalam,2020,2,Feb,2020-02-01,1764
Canada,2020,2,Feb,2020-02-01,9146
China,2020,2,Feb,2020-02-01,6222
Denmark,2020,2,Feb,2020-02-01,4082
Egypt,2020,2,Feb,2020-02-01,302
Europe,2020,2,Feb,2020-02-01,190088
Finland,2020,2,Feb,2020-02-01,4009
France,2020,2,Feb,2020-02-01,18495
Germany,2020,2,Feb,2020-02-01,39857
Greater China,2020,2,Feb,2020-02-01,36496
Hong Kong SAR,2020,2,Feb,2020-02-01,12808
India,2020,2,Feb,2020-02-01,52946
Indonesia,2020,2,Feb,2020-02-01,115351
Iran,2020,2,Feb,2020-02-01,518
Israel,2020,2,Feb,2020-02-01,1377
Italy,2020,2,Feb,2020-02-01,7492
Japan,2020,2,Feb,2020-02-01,53425
Kuwait,2020,2,Feb,2020-02-01,125
Malaysia,2020,2,Feb,2020-02-01,40829
Mauritius,2020,2,Feb,2020-02-01,228
Myanmar,2020,2,Feb,2020-02-01,8018
Netherlands,2020,2,Feb,2020-02-01,6637
New Zealand,2020,2,Feb,2020-02-01,6185
North Asia,2020,2,Feb,2020-02-01,69624
Norway,2020,2,Feb,2020-02-01,3188
Oceania,2020,2,Feb,2020-02-01,62292
Other Markets In Africa,2020,2,Feb,2020-02-01,1182
Other Markets In Americas,2020,2,Feb,2020-02-01,6901
Other Markets In Europe,2020,2,Feb,2020-02-01,28008
Other Markets In Greater China,2020,2,Feb,2020-02-01,544
Other Markets In North Asia,2020,2,Feb,2020-02-01,4
Other Markets In Oceania,2020,2,Feb,2020-02-01,1316
Other Markets In South Asia,2020,2,Feb,2020-02-01,1614
Other Markets In Southeast Asia,2020,2,Feb,2020-02-01,4523
Other Markets In West Asia,2020,2,Feb,2020-02-01,757
Others,2020,2,Feb,2020-02-01,1
Pakistan,2020,2,Feb,2020-02-01,742
Philippines,2020,2,Feb,2020-02-01,32073
Rep Of Ireland,2020,2,Feb,2020-02-01,1483
Russian Federation,2020,2,Feb,2020-02-01,9135
Saudi Arabia,2020,2,Feb,2020-02-01,407
South Africa (Rep Of),2020,2,Feb,2020-02-01,1723
South Asia,2020,2,Feb,2020-02-01,64947
South Korea,2020,2,Feb,2020-02-01,16195
Southeast Asia,2020,2,Feb,2020-02-01,247016
Spain,2020,2,Feb,2020-02-01,3892
Sri Lanka,2020,2,Feb,2020-02-01,3591
Sweden,2020,2,Feb,2020-02-01,4539
Switzerland,2020,2,Feb,2020-02-01,7352
Taiwan,2020,2,Feb,2020-02-01,16922
Thailand,2020,2,Feb,2020-02-01,24667
Total International Visitor Arrivals By Place Of Residence,2020,2,Feb,2020-02-01,732966
USA,2020,2,Feb,2020-02-01,37568
United Arab Emirates,2020,2,Feb,2020-02-01,2268
United Kingdom,2020,2,Feb,2020-02-01,49475
Vietnam,2020,2,Feb,2020-02-01,19791
West Asia,2020,2,Feb,2020-02-01,5452
Africa,2020,3,Mar,2020-03-01,1381
Americas,2020,3,Mar,2020-03-01,15567
Australia,2020,3,Mar,2020-03-01,18736
Bangladesh,2020,3,Mar,2020-03-01,3738
Belgium & Luxembourg,2020,3,Mar,2020-03-01,819
Brunei Darussalam,2020,3,Mar,2020-03-01,514
Canada,2020,3,Mar,2020-03-01,2414
China,2020,3,Mar,2020-03-01,1488
Denmark,2020,3,Mar,2020-03-01,1206
Egypt,2020,3,Mar,2020-03-01,69
Europe,2020,3,Mar,2020-03-01,67261
Finland,2020,3,Mar,2020-03-01,1179
France,2020,3,Mar,2020-03-01,5464
Germany,2020,3,Mar,2020-03-01,14758
Greater China,2020,3,Mar,2020-03-01,8410
Hong Kong SAR,2020,3,Mar,2020-03-01,5315
India,2020,3,Mar,2020-03-01,17848
Indonesia,2020,3,Mar,2020-03-01,46499
Iran,2020,3,Mar,2020-03-01,8
Israel,2020,3,Mar,2020-03-01,211
Italy,2020,3,Mar,2020-03-01,1238
Japan,2020,3,Mar,2020-03-01,11611
Kuwait,2020,3,Mar,2020-03-01,16
Malaysia,2020,3,Mar,2020-03-01,14887
Mauritius,2020,3,Mar,2020-03-01,62
Myanmar,2020,3,Mar,2020-03-01,4762
Netherlands,2020,3,Mar,2020-03-01,2903
New Zealand,2020,3,Mar,2020-03-01,2127
North Asia,2020,3,Mar,2020-03-01,12809
Norway,2020,3,Mar,2020-03-01,857
Oceania,2020,3,Mar,2020-03-01,21275
Other Markets In Africa,2020,3,Mar,2020-03-01,396
Other Markets In Americas,2020,3,Mar,2020-03-01,2745
Other Markets In Europe,2020,3,Mar,2020-03-01,8745
Other Markets In Greater China,2020,3,Mar,2020-03-01,188
Other Markets In North Asia,2020,3,Mar,2020-03-01,0
Other Markets In Oceania,2020,3,Mar,2020-03-01,412
Other Markets In South Asia,2020,3,Mar,2020-03-01,721
Other Markets In Southeast Asia,2020,3,Mar,2020-03-01,1217
Other Markets In West Asia,2020,3,Mar,2020-03-01,153
Others,2020,3,Mar,2020-03-01,0
Pakistan,2020,3,Mar,2020-03-01,285
Philippines,2020,3,Mar,2020-03-01,11860
Rep Of Ireland,2020,3,Mar,2020-03-01,653
Russian Federation,2020,3,Mar,2020-03-01,3707
Saudi Arabia,2020,3,Mar,2020-03-01,44
South Africa (Rep Of),2020,3,Mar,2020-03-01,854
South Asia,2020,3,Mar,2020-03-01,24252
South Korea,2020,3,Mar,2020-03-01,1198
Southeast Asia,2020,3,Mar,2020-03-01,88027
Spain,2020,3,Mar,2020-03-01,1306
Sri Lanka,2020,3,Mar,2020-03-01,1660
Sweden,2020,3,Mar,2020-03-01,1486
Switzerland,2020,3,Mar,2020-03-01,2326
Taiwan,2020,3,Mar,2020-03-01,1419
Thailand,2020,3,Mar,2020-03-01,2898
Total International Visitor Arrivals By Place Of Residence,2020,3,Mar,2020-03-01,240001
USA,2020,3,Mar,2020-03-01,10408
United Arab Emirates,2020,3,Mar,2020-03-01,587
United Kingdom,2020,3,Mar,2020-03-01,20614
Vietnam,2020,3,Mar,2020-03-01,5390
West Asia,2020,3,Mar,2020-03-01,1019
Africa,2020,4,Apr,2020-04-01,3
Americas,2020,4,Apr,2020-04-01,13
Australia,2020,4,Apr,2020-04-01,7
Bangladesh,2020,4,Apr,2020-04-01,4
Belgium & Luxembourg,2020,4,Apr,2020-04-01,0
Brunei Darussalam,2020,4,Apr,2020-04-01,3
Canada,2020,4,Apr,2020-04-01,0
China,2020,4,Apr,2020-04-01,18
Denmark,2020,4,Apr,2020-04-01,0
Egypt,2020,4,Apr,2020-04-01,0
Europe,2020,4,Apr,2020-04-01,47
Finland,2020,4,Apr,2020-04-01,2
France,2020,4,Apr,2020-04-01,5
Germany,2020,4,Apr,2020-04-01,2
Greater China,2020,4,Apr,2020-04-01,33
Hong Kong SAR,2020,4,Apr,2020-04-01,13
India,2020,4,Apr,2020-04-01,87
Indonesia,2020,4,Apr,2020-04-01,208
Iran,2020,4,Apr,2020-04-01,0
Israel,2020,4,Apr,2020-04-01,0
Italy,2020,4,Apr,2020-04-01,1
Japan,2020,4,Apr,2020-04-01,25
Kuwait,2020,4,Apr,2020-04-01,0
Malaysia,2020,4,Apr,2020-04-01,96
Mauritius,2020,4,Apr,2020-04-01,0
Myanmar,2020,4,Apr,2020-04-01,6
Netherlands,2020,4,Apr,2020-04-01,1
New Zealand,2020,4,Apr,2020-04-01,1
North Asia,2020,4,Apr,2020-04-01,34
Norway,2020,4,Apr,2020-04-01,1
Oceania,2020,4,Apr,2020-04-01,14
Other Markets In Africa,2020,4,Apr,2020-04-01,3
Other Markets In Americas,2020,4,Apr,2020-04-01,0
Other Markets In Europe,2020,4,Apr,2020-04-01,8
Other Markets In Greater China,2020,4,Apr,2020-04-01,0
Other Markets In North Asia,2020,4,Apr,2020-04-01,0
Other Markets In Oceania,2020,4,Apr,2020-04-01,6
Other Markets In South Asia,2020,4,Apr,2020-04-01,2
Other Markets In Southeast Asia,2020,4,Apr,2020-04-01,0
Other Markets In West Asia,2020,4,Apr,2020-04-01,5
Others,2020,4,Apr,2020-04-01,0
Pakistan,2020,4,Apr,2020-04-01,0
Philippines,2020,4,Apr,2020-04-01,32
Rep Of Ireland,2020,4,Apr,2020-04-01,2
Russian Federation,2020,4,Apr,2020-04-01,7
Saudi Arabia,2020,4,Apr,2020-04-01,1
South Africa (Rep Of),2020,4,Apr,2020-04-01,0
South Asia,2020,4,Apr,2020-04-01,95
South Korea,2020,4,Apr,2020-04-01,9
Southeast Asia,2020,4,Apr,2020-04-01,503
Spain,2020,4,Apr,2020-04-01,0
Sri Lanka,2020,4,Apr,2020-04-01,2
Sweden,2020,4,Apr,2020-04-01,0
Switzerland,2020,4,Apr,2020-04-01,0
Taiwan,2020,4,Apr,2020-04-01,2
Thailand,2020,4,Apr,2020-04-01,153
Total International Visitor Arrivals By Place Of Residence,2020,4,Apr,2020-04-01,750
USA,2020,4,Apr,2020-04-01,13
United Arab Emirates,2020,4,Apr,2020-04-01,2
United Kingdom,2020,4,Apr,2020-04-01,18
Vietnam,2020,4,Apr,2020-04-01,5
West Asia,2020,4,Apr,2020-04-01,8
Africa,2020,5,May,2020-05-01,1
Americas,2020,5,May,2020-05-01,38
Australia,2020,5,May,2020-05-01,16
Bangladesh,2020,5,May,2020-05-01,1
Belgium & Luxembourg,2020,5,May,2020-05-01,3
Brunei Darussalam,2020,5,May,2020-05-01,0
Canada,2020,5,May,2020-05-01,0
China,2020,5,May,2020-05-01,23
Denmark,2020,5,May,2020-05-01,0
Egypt,2020,5,May,2020-05-01,0
Europe,2020,5,May,2020-05-01,90
Finland,2020,5,May,2020-05-01,0
France,2020,5,May,2020-05-01,2
Germany,2020,5,May,2020-05-01,7
Greater China,2020,5,May,2020-05-01,29
Hong Kong SAR,2020,5,May,2020-05-01,2
India,2020,5,May,2020-05-01,79
Indonesia,2020,5,May,2020-05-01,196
Iran,2020,5,May,2020-05-01,0
Israel,2020,5,May,2020-05-01,4
Italy,2020,5,May,2020-05-01,2
Japan,2020,5,May,2020-05-01,30
Kuwait,2020,5,May,2020-05-01,0
Malaysia,2020,5,May,2020-05-01,157
Mauritius,2020,5,May,2020-05-01,1
Myanmar,2020,5,May,2020-05-01,7
Netherlands,2020,5,May,2020-05-01,0
New Zealand,2020,5,May,2020-05-01,1
North Asia,2020,5,May,2020-05-01,38
Norway,2020,5,May,2020-05-01,3
Oceania,2020,5,May,2020-05-01,18
Other Markets In Africa,2020,5,May,2020-05-01,0
Other Markets In Americas,2020,5,May,2020-05-01,4
Other Markets In Europe,2020,5,May,2020-05-01,43
Other Markets In Greater China,2020,5,May,2020-05-01,0
Other Markets In North Asia,2020,5,May,2020-05-01,0
Other Markets In Oceania,2020,5,May,2020-05-01,1
Other Markets In South Asia,2020,5,May,2020-05-01,0
Other Markets In Southeast Asia,2020,5,May,2020-05-01,0
Other Markets In West Asia,2020,5,May,2020-05-01,0
Others,2020,5,May,2020-05-01,0
Pakistan,2020,5,May,2020-05-01,1
Philippines,2020,5,May,2020-05-01,65
Rep Of Ireland,2020,5,May,2020-05-01,0
Russian Federation,2020,5,May,2020-05-01,7
Saudi Arabia,2020,5,May,2020-05-01,1
South Africa (Rep Of),2020,5,May,2020-05-01,0
South Asia,2020,5,May,2020-05-01,86
South Korea,2020,5,May,2020-05-01,8
Southeast Asia,2020,5,May,2020-05-01,574
Spain,2020,5,May,2020-05-01,1
Sri Lanka,2020,5,May,2020-05-01,5
Sweden,2020,5,May,2020-05-01,2
Switzerland,2020,5,May,2020-05-01,3
Taiwan,2020,5,May,2020-05-01,4
Thailand,2020,5,May,2020-05-01,138
Total International Visitor Arrivals By Place Of Residence,2020,5,May,2020-05-01,880
USA,2020,5,May,2020-05-01,34
United Arab Emirates,2020,5,May,2020-05-01,1
United Kingdom,2020,5,May,2020-05-01,17
Vietnam,2020,5,May,2020-05-01,11
West Asia,2020,5,May,2020-05-01,6
Africa,2020,6,Jun,2020-06-01,9
Americas,2020,6,Jun,2020-06-01,153
Australia,2020,6,Jun,2020-06-01,63
Bangladesh,2020,6,Jun,2020-06-01,11
Belgium & Luxembourg,2020,6,Jun,2020-06-01,3
Brunei Darussalam,2020,6,Jun,2020-06-01,1
Canada,2020,6,Jun,2020-06-01,10
China,2020,6,Jun,2020-06-01,118
Denmark,2020,6,Jun,2020-06-01,1
Egypt,2020,6,Jun,2020-06-01,0
Europe,2020,6,Jun,2020-06-01,266
Finland,2020,6,Jun,2020-06-01,0
France,2020,6,Jun,2020-06-01,21
Germany,2020,6,Jun,2020-06-01,19
Greater China,2020,6,Jun,2020-06-01,220
Hong Kong SAR,2020,6,Jun,2020-06-01,68
India,2020,6,Jun,2020-06-01,130
Indonesia,2020,6,Jun,2020-06-01,301
Iran,2020,6,Jun,2020-06-01,0
Israel,2020,6,Jun,2020-06-01,4
Italy,2020,6,Jun,2020-06-01,8
Japan,2020,6,Jun,2020-06-01,137
Kuwait,2020,6,Jun,2020-06-01,0
Malaysia,2020,6,Jun,2020-06-01,464
Mauritius,2020,6,Jun,2020-06-01,0
Myanmar,2020,6,Jun,2020-06-01,8
Netherlands,2020,6,Jun,2020-06-01,9
New Zealand,2020,6,Jun,2020-06-01,3
North Asia,2020,6,Jun,2020-06-01,185
Norway,2020,6,Jun,2020-06-01,5
Oceania,2020,6,Jun,2020-06-01,66
Other Markets In Africa,2020,6,Jun,2020-06-01,2
Other Markets In Americas,2020,6,Jun,2020-06-01,13
Other Markets In Europe,2020,6,Jun,2020-06-01,72
Other Markets In Greater China,2020,6,Jun,2020-06-01,0
Other Markets In North Asia,2020,6,Jun,2020-06-01,0
Other Markets In Oceania,2020,6,Jun,2020-06-01,0
Other Markets In South Asia,2020,6,Jun,2020-06-01,0
Other Markets In Southeast Asia,2020,6,Jun,2020-06-01,0
Other Markets In West Asia,2020,6,Jun,2020-06-01,2
Others,2020,6,Jun,2020-06-01,0
Pakistan,2020,6,Jun,2020-06-01,3
Philippines,2020,6,Jun,2020-06-01,128
Rep Of Ireland,2020,6,Jun,2020-06-01,1
Russian Federation,2020,6,Jun,2020-06-01,35
Saudi Arabia,2020,6,Jun,2020-06-01,0
South Africa (Rep Of),2020,6,Jun,2020-06-01,7
South Asia,2020,6,Jun,2020-06-01,147
South Korea,2020,6,Jun,2020-06-01,48
Southeast Asia,2020,6,Jun,2020-06-01,1100
Spain,2020,6,Jun,2020-06-01,2
Sri Lanka,2020,6,Jun,2020-06-01,3
Sweden,2020,6,Jun,2020-06-01,1
Switzerland,2020,6,Jun,2020-06-01,12
Taiwan,2020,6,Jun,2020-06-01,34
Thailand,2020,6,Jun,2020-06-01,158
Total International Visitor Arrivals By Place Of Residence,2020,6,Jun,2020-06-01,2171
USA,2020,6,Jun,2020-06-01,130
United Arab Emirates,2020,6,Jun,2020-06-01,19
United Kingdom,2020,6,Jun,2020-06-01,77
Vietnam,2020,6,Jun,2020-06-01,40
West Asia,2020,6,Jun,2020-06-01,25
Africa,2020,7,Jul,2020-07-01,19
Americas,2020,7,Jul,2020-07-01,443
Australia,2020,7,Jul,2020-07-01,131
Bangladesh,2020,7,Jul,2020-07-01,3
Belgium & Luxembourg,2020,7,Jul,2020-07-01,19
Brunei Darussalam,2020,7,Jul,2020-07-01,14
Canada,2020,7,Jul,2020-07-01,49
China,2020,7,Jul,2020-07-01,958
Denmark,2020,7,Jul,2020-07-01,11
Egypt,2020,7,Jul,2020-07-01,4
Europe,2020,7,Jul,2020-07-01,850
Finland,2020,7,Jul,2020-07-01,5
France,2020,7,Jul,2020-07-01,90
Germany,2020,7,Jul,2020-07-01,74
Greater China,2020,7,Jul,2020-07-01,1410
Hong Kong SAR,2020,7,Jul,2020-07-01,333
India,2020,7,Jul,2020-07-01,634
Indonesia,2020,7,Jul,2020-07-01,793
Iran,2020,7,Jul,2020-07-01,0
Israel,2020,7,Jul,2020-07-01,40
Italy,2020,7,Jul,2020-07-01,45
Japan,2020,7,Jul,2020-07-01,565
Kuwait,2020,7,Jul,2020-07-01,0
Malaysia,2020,7,Jul,2020-07-01,626
Mauritius,2020,7,Jul,2020-07-01,0
Myanmar,2020,7,Jul,2020-07-01,52
Netherlands,2020,7,Jul,2020-07-01,46
New Zealand,2020,7,Jul,2020-07-01,27
North Asia,2020,7,Jul,2020-07-01,827
Norway,2020,7,Jul,2020-07-01,9
Oceania,2020,7,Jul,2020-07-01,160
Other Markets In Africa,2020,7,Jul,2020-07-01,5
Other Markets In Americas,2020,7,Jul,2020-07-01,34
Other Markets In Europe,2020,7,Jul,2020-07-01,139
Other Markets In Greater China,2020,7,Jul,2020-07-01,4
Other Markets In North Asia,2020,7,Jul,2020-07-01,0
Other Markets In Oceania,2020,7,Jul,2020-07-01,2
Other Markets In South Asia,2020,7,Jul,2020-07-01,9
Other Markets In Southeast Asia,2020,7,Jul,2020-07-01,13
Other Markets In West Asia,2020,7,Jul,2020-07-01,19
Others,2020,7,Jul,2020-07-01,0
Pakistan,2020,7,Jul,2020-07-01,24
Philippines,2020,7,Jul,2020-07-01,400
Rep Of Ireland,2020,7,Jul,2020-07-01,18
Russian Federation,2020,7,Jul,2020-07-01,28
Saudi Arabia,2020,7,Jul,2020-07-01,2
South Africa (Rep Of),2020,7,Jul,2020-07-01,10
South Asia,2020,7,Jul,2020-07-01,688
South Korea,2020,7,Jul,2020-07-01,262
Southeast Asia,2020,7,Jul,2020-07-01,2310
Spain,2020,7,Jul,2020-07-01,29
Sri Lanka,2020,7,Jul,2020-07-01,18
Sweden,2020,7,Jul,2020-07-01,12
Switzerland,2020,7,Jul,2020-07-01,47
Taiwan,2020,7,Jul,2020-07-01,115
Thailand,2020,7,Jul,2020-07-01,243
Total International Visitor Arrivals By Place Of Residence,2020,7,Jul,2020-07-01,6843
USA,2020,7,Jul,2020-07-01,360
United Arab Emirates,2020,7,Jul,2020-07-01,75
United Kingdom,2020,7,Jul,2020-07-01,278
Vietnam,2020,7,Jul,2020-07-01,169
West Asia,2020,7,Jul,2020-07-01,136
Africa,2020,8,Aug,2020-08-01,55
Americas,2020,8,Aug,2020-08-01,506
Australia,2020,8,Aug,2020-08-01,166
Bangladesh,2020,8,Aug,2020-08-01,35
Belgium & Luxembourg,2020,8,Aug,2020-08-01,15
Brunei Darussalam,2020,8,Aug,2020-08-01,8
Canada,2020,8,Aug,2020-08-01,39
China,2020,8,Aug,2020-08-01,2163
Denmark,2020,8,Aug,2020-08-01,24
Egypt,2020,8,Aug,2020-08-01,12
Europe,2020,8,Aug,2020-08-01,1078
Finland,2020,8,Aug,2020-08-01,45
France,2020,8,Aug,2020-08-01,240
Germany,2020,8,Aug,2020-08-01,133
Greater China,2020,8,Aug,2020-08-01,2622
Hong Kong SAR,2020,8,Aug,2020-08-01,342
India,2020,8,Aug,2020-08-01,581
Indonesia,2020,8,Aug,2020-08-01,1027
Iran,2020,8,Aug,2020-08-01,11
Israel,2020,8,Aug,2020-08-01,16
Italy,2020,8,Aug,2020-08-01,36
Japan,2020,8,Aug,2020-08-01,511
Kuwait,2020,8,Aug,2020-08-01,6
Malaysia,2020,8,Aug,2020-08-01,718
Mauritius,2020,8,Aug,2020-08-01,0
Myanmar,2020,8,Aug,2020-08-01,155
Netherlands,2020,8,Aug,2020-08-01,41
New Zealand,2020,8,Aug,2020-08-01,12
North Asia,2020,8,Aug,2020-08-01,828
Norway,2020,8,Aug,2020-08-01,25
Oceania,2020,8,Aug,2020-08-01,181
Other Markets In Africa,2020,8,Aug,2020-08-01,22
Other Markets In Americas,2020,8,Aug,2020-08-01,67
Other Markets In Europe,2020,8,Aug,2020-08-01,131
Other Markets In Greater China,2020,8,Aug,2020-08-01,4
Other Markets In North Asia,2020,8,Aug,2020-08-01,0
Other Markets In Oceania,2020,8,Aug,2020-08-01,3
Other Markets In South Asia,2020,8,Aug,2020-08-01,23
Other Markets In Southeast Asia,2020,8,Aug,2020-08-01,9
Other Markets In West Asia,2020,8,Aug,2020-08-01,10
Others,2020,8,Aug,2020-08-01,0
Pakistan,2020,8,Aug,2020-08-01,42
Philippines,2020,8,Aug,2020-08-01,480
Rep Of Ireland,2020,8,Aug,2020-08-01,8
Russian Federation,2020,8,Aug,2020-08-01,41
Saudi Arabia,2020,8,Aug,2020-08-01,5
South Africa (Rep Of),2020,8,Aug,2020-08-01,21
South Asia,2020,8,Aug,2020-08-01,717
South Korea,2020,8,Aug,2020-08-01,317
Southeast Asia,2020,8,Aug,2020-08-01,2833
Spain,2020,8,Aug,2020-08-01,28
Sri Lanka,2020,8,Aug,2020-08-01,36
Sweden,2020,8,Aug,2020-08-01,23
Switzerland,2020,8,Aug,2020-08-01,49
Taiwan,2020,8,Aug,2020-08-01,113
Thailand,2020,8,Aug,2020-08-01,206
Total International Visitor Arrivals By Place Of Residence,2020,8,Aug,2020-08-01,8912
USA,2020,8,Aug,2020-08-01,400
United Arab Emirates,2020,8,Aug,2020-08-01,44
United Kingdom,2020,8,Aug,2020-08-01,239
Vietnam,2020,8,Aug,2020-08-01,230
West Asia,2020,8,Aug,2020-08-01,92
Africa,2020,9,Sep,2020-09-01,41
Americas,2020,9,Sep,2020-09-01,443
Australia,2020,9,Sep,2020-09-01,155
Bangladesh,2020,9,Sep,2020-09-01,36
Belgium & Luxembourg,2020,9,Sep,2020-09-01,12
Brunei Darussalam,2020,9,Sep,2020-09-01,91
Canada,2020,9,Sep,2020-09-01,45
China,2020,9,Sep,2020-09-01,2422
Denmark,2020,9,Sep,2020-09-01,25
Egypt,2020,9,Sep,2020-09-01,10
Europe,2020,9,Sep,2020-09-01,1007
Finland,2020,9,Sep,2020-09-01,21
France,2020,9,Sep,2020-09-01,190
Germany,2020,9,Sep,2020-09-01,78
Greater China,2020,9,Sep,2020-09-01,2845
Hong Kong SAR,2020,9,Sep,2020-09-01,291
India,2020,9,Sep,2020-09-01,394
Indonesia,2020,9,Sep,2020-09-01,1428
Iran,2020,9,Sep,2020-09-01,6
Israel,2020,9,Sep,2020-09-01,13
Italy,2020,9,Sep,2020-09-01,39
Japan,2020,9,Sep,2020-09-01,353
Kuwait,2020,9,Sep,2020-09-01,3
Malaysia,2020,9,Sep,2020-09-01,1063
Mauritius,2020,9,Sep,2020-09-01,0
Myanmar,2020,9,Sep,2020-09-01,244
Netherlands,2020,9,Sep,2020-09-01,41
New Zealand,2020,9,Sep,2020-09-01,63
North Asia,2020,9,Sep,2020-09-01,568
Norway,2020,9,Sep,2020-09-01,33
Oceania,2020,9,Sep,2020-09-01,222
Other Markets In Africa,2020,9,Sep,2020-09-01,21
Other Markets In Americas,2020,9,Sep,2020-09-01,42
Other Markets In Europe,2020,9,Sep,2020-09-01,171
Other Markets In Greater China,2020,9,Sep,2020-09-01,4
Other Markets In North Asia,2020,9,Sep,2020-09-01,0
Other Markets In Oceania,2020,9,Sep,2020-09-01,4
Other Markets In South Asia,2020,9,Sep,2020-09-01,3
Other Markets In Southeast Asia,2020,9,Sep,2020-09-01,14
Other Markets In West Asia,2020,9,Sep,2020-09-01,23
Others,2020,9,Sep,2020-09-01,0
Pakistan,2020,9,Sep,2020-09-01,22
Philippines,2020,9,Sep,2020-09-01,360
Rep Of Ireland,2020,9,Sep,2020-09-01,24
Russian Federation,2020,9,Sep,2020-09-01,24
Saudi Arabia,2020,9,Sep,2020-09-01,3
South Africa (Rep Of),2020,9,Sep,2020-09-01,10
South Asia,2020,9,Sep,2020-09-01,487
South Korea,2020,9,Sep,2020-09-01,215
Southeast Asia,2020,9,Sep,2020-09-01,3770
Spain,2020,9,Sep,2020-09-01,44
Sri Lanka,2020,9,Sep,2020-09-01,32
Sweden,2020,9,Sep,2020-09-01,9
Switzerland,2020,9,Sep,2020-09-01,43
Taiwan,2020,9,Sep,2020-09-01,128
Thailand,2020,9,Sep,2020-09-01,260
Total International Visitor Arrivals By Place Of Residence,2020,9,Sep,2020-09-01,9500
USA,2020,9,Sep,2020-09-01,356
United Arab Emirates,2020,9,Sep,2020-09-01,69
United Kingdom,2020,9,Sep,2020-09-01,253
Vietnam,2020,9,Sep,2020-09-01,310
West Asia,2020,9,Sep,2020-09-01,117
Africa,2020,10,Oct,2020-10-01,49
Americas,2020,10,Oct,2020-10-01,506
Australia,2020,10,Oct,2020-10-01,223
Bangladesh,2020,10,Oct,2020-10-01,52
Belgium & Luxembourg,2020,10,Oct,2020-10-01,16
Brunei Darussalam,2020,10,Oct,2020-10-01,120
Canada,2020,10,Oct,2020-10-01,47
China,2020,10,Oct,2020-10-01,3169
Denmark,2020,10,Oct,2020-10-01,19
Egypt,2020,10,Oct,2020-10-01,6
Europe,2020,10,Oct,2020-10-01,1066
Finland,2020,10,Oct,2020-10-01,18
France,2020,10,Oct,2020-10-01,213
Germany,2020,10,Oct,2020-10-01,121
Greater China,2020,10,Oct,2020-10-01,3626
Hong Kong SAR,2020,10,Oct,2020-10-01,300
India,2020,10,Oct,2020-10-01,428
Indonesia,2020,10,Oct,2020-10-01,2424
Iran,2020,10,Oct,2020-10-01,2
Israel,2020,10,Oct,2020-10-01,27
Italy,2020,10,Oct,2020-10-01,66
Japan,2020,10,Oct,2020-10-01,513
Kuwait,2020,10,Oct,2020-10-01,0
Malaysia,2020,10,Oct,2020-10-01,1415
Mauritius,2020,10,Oct,2020-10-01,4
Myanmar,2020,10,Oct,2020-10-01,331
Netherlands,2020,10,Oct,2020-10-01,77
New Zealand,2020,10,Oct,2020-10-01,63
North Asia,2020,10,Oct,2020-10-01,790
Norway,2020,10,Oct,2020-10-01,16
Oceania,2020,10,Oct,2020-10-01,290
Other Markets In Africa,2020,10,Oct,2020-10-01,25
Other Markets In Americas,2020,10,Oct,2020-10-01,52
Other Markets In Europe,2020,10,Oct,2020-10-01,152
Other Markets In Greater China,2020,10,Oct,2020-10-01,5
Other Markets In North Asia,2020,10,Oct,2020-10-01,0
Other Markets In Oceania,2020,10,Oct,2020-10-01,4
Other Markets In South Asia,2020,10,Oct,2020-10-01,24
Other Markets In Southeast Asia,2020,10,Oct,2020-10-01,24
Other Markets In West Asia,2020,10,Oct,2020-10-01,15
Others,2020,10,Oct,2020-10-01,0
Pakistan,2020,10,Oct,2020-10-01,28
Philippines,2020,10,Oct,2020-10-01,1076
Rep Of Ireland,2020,10,Oct,2020-10-01,10
Russian Federation,2020,10,Oct,2020-10-01,30
Saudi Arabia,2020,10,Oct,2020-10-01,11
South Africa (Rep Of),2020,10,Oct,2020-10-01,14
South Asia,2020,10,Oct,2020-10-01,566
South Korea,2020,10,Oct,2020-10-01,277
Southeast Asia,2020,10,Oct,2020-10-01,6378
Spain,2020,10,Oct,2020-10-01,22
Sri Lanka,2020,10,Oct,2020-10-01,34
Sweden,2020,10,Oct,2020-10-01,24
Switzerland,2020,10,Oct,2020-10-01,77
Taiwan,2020,10,Oct,2020-10-01,152
Thailand,2020,10,Oct,2020-10-01,229
Total International Visitor Arrivals By Place Of Residence,2020,10,Oct,2020-10-01,13399
USA,2020,10,Oct,2020-10-01,407
United Arab Emirates,2020,10,Oct,2020-10-01,73
United Kingdom,2020,10,Oct,2020-10-01,205
Vietnam,2020,10,Oct,2020-10-01,759
West Asia,2020,10,Oct,2020-10-01,128
Africa,2020,11,Nov,2020-11-01,39
Americas,2020,11,Nov,2020-11-01,522
Australia,2020,11,Nov,2020-11-01,438
Bangladesh,2020,11,Nov,2020-11-01,65
Belgium & Luxembourg,2020,11,Nov,2020-11-01,10
Brunei Darussalam,2020,11,Nov,2020-11-01,104
Canada,2020,11,Nov,2020-11-01,62
China,2020,11,Nov,2020-11-01,4007
Denmark,2020,11,Nov,2020-11-01,27
Egypt,2020,11,Nov,2020-11-01,6
Europe,2020,11,Nov,2020-11-01,968
Finland,2020,11,Nov,2020-11-01,17
France,2020,11,Nov,2020-11-01,122
Germany,2020,11,Nov,2020-11-01,114
Greater China,2020,11,Nov,2020-11-01,4475
Hong Kong SAR,2020,11,Nov,2020-11-01,313
India,2020,11,Nov,2020-11-01,500
Indonesia,2020,11,Nov,2020-11-01,3121
Iran,2020,11,Nov,2020-11-01,8
Israel,2020,11,Nov,2020-11-01,37
Italy,2020,11,Nov,2020-11-01,37
Japan,2020,11,Nov,2020-11-01,763
Kuwait,2020,11,Nov,2020-11-01,0
Malaysia,2020,11,Nov,2020-11-01,1270
Mauritius,2020,11,Nov,2020-11-01,5
Myanmar,2020,11,Nov,2020-11-01,472
Netherlands,2020,11,Nov,2020-11-01,76
New Zealand,2020,11,Nov,2020-11-01,38
North Asia,2020,11,Nov,2020-11-01,1042
Norway,2020,11,Nov,2020-11-01,15
Oceania,2020,11,Nov,2020-11-01,481
Other Markets In Africa,2020,11,Nov,2020-11-01,15
Other Markets In Americas,2020,11,Nov,2020-11-01,46
Other Markets In Europe,2020,11,Nov,2020-11-01,139
Other Markets In Greater China,2020,11,Nov,2020-11-01,9
Other Markets In North Asia,2020,11,Nov,2020-11-01,0
Other Markets In Oceania,2020,11,Nov,2020-11-01,5
Other Markets In South Asia,2020,11,Nov,2020-11-01,24
Other Markets In Southeast Asia,2020,11,Nov,2020-11-01,19
Other Markets In West Asia,2020,11,Nov,2020-11-01,8
Others,2020,11,Nov,2020-11-01,0
Pakistan,2020,11,Nov,2020-11-01,18
Philippines,2020,11,Nov,2020-11-01,710
Rep Of Ireland,2020,11,Nov,2020-11-01,13
Russian Federation,2020,11,Nov,2020-11-01,36
Saudi Arabia,2020,11,Nov,2020-11-01,11
South Africa (Rep Of),2020,11,Nov,2020-11-01,13
South Asia,2020,11,Nov,2020-11-01,653
South Korea,2020,11,Nov,2020-11-01,279
Southeast Asia,2020,11,Nov,2020-11-01,6457
Spain,2020,11,Nov,2020-11-01,30
Sri Lanka,2020,11,Nov,2020-11-01,46
Sweden,2020,11,Nov,2020-11-01,15
Switzerland,2020,11,Nov,2020-11-01,50
Taiwan,2020,11,Nov,2020-11-01,146
Thailand,2020,11,Nov,2020-11-01,195
Total International Visitor Arrivals By Place Of Residence,2020,11,Nov,2020-11-01,14749
USA,2020,11,Nov,2020-11-01,414
United Arab Emirates,2020,11,Nov,2020-11-01,48
United Kingdom,2020,11,Nov,2020-11-01,267
Vietnam,2020,11,Nov,2020-11-01,566
West Asia,2020,11,Nov,2020-11-01,112
Africa,2020,12,Dec,2020-12-01,61
Americas,2020,12,Dec,2020-12-01,656
Australia,2020,12,Dec,2020-12-01,887
Bangladesh,2020,12,Dec,2020-12-01,267
Belgium & Luxembourg,2020,12,Dec,2020-12-01,14
Brunei Darussalam,2020,12,Dec,2020-12-01,170
Canada,2020,12,Dec,2020-12-01,71
China,2020,12,Dec,2020-12-01,7657
Denmark,2020,12,Dec,2020-12-01,18
Egypt,2020,12,Dec,2020-12-01,13
Europe,2020,12,Dec,2020-12-01,1210
Finland,2020,12,Dec,2020-12-01,12
France,2020,12,Dec,2020-12-01,166
Germany,2020,12,Dec,2020-12-01,172
Greater China,2020,12,Dec,2020-12-01,8422
Hong Kong SAR,2020,12,Dec,2020-12-01,510
India,2020,12,Dec,2020-12-01,2252
Indonesia,2020,12,Dec,2020-12-01,4204
Iran,2020,12,Dec,2020-12-01,6
Israel,2020,12,Dec,2020-12-01,49
Italy,2020,12,Dec,2020-12-01,60
Japan,2020,12,Dec,2020-12-01,712
Kuwait,2020,12,Dec,2020-12-01,1
Malaysia,2020,12,Dec,2020-12-01,1405
Mauritius,2020,12,Dec,2020-12-01,2
Myanmar,2020,12,Dec,2020-12-01,716
Netherlands,2020,12,Dec,2020-12-01,89
New Zealand,2020,12,Dec,2020-12-01,106
North Asia,2020,12,Dec,2020-12-01,1149
Norway,2020,12,Dec,2020-12-01,16
Oceania,2020,12,Dec,2020-12-01,1000
Other Markets In Africa,2020,12,Dec,2020-12-01,31
Other Markets In Americas,2020,12,Dec,2020-12-01,70
Other Markets In Europe,2020,12,Dec,2020-12-01,181
Other Markets In Greater China,2020,12,Dec,2020-12-01,11
Other Markets In North Asia,2020,12,Dec,2020-12-01,0
Other Markets In Oceania,2020,12,Dec,2020-12-01,7
Other Markets In South Asia,2020,12,Dec,2020-12-01,24
Other Markets In Southeast Asia,2020,12,Dec,2020-12-01,30
Other Markets In West Asia,2020,12,Dec,2020-12-01,24
Others,2020,12,Dec,2020-12-01,1
Pakistan,2020,12,Dec,2020-12-01,37
Philippines,2020,12,Dec,2020-12-01,1175
Rep Of Ireland,2020,12,Dec,2020-12-01,17
Russian Federation,2020,12,Dec,2020-12-01,61
Saudi Arabia,2020,12,Dec,2020-12-01,2
South Africa (Rep Of),2020,12,Dec,2020-12-01,15
South Asia,2020,12,Dec,2020-12-01,2670
South Korea,2020,12,Dec,2020-12-01,437
Southeast Asia,2020,12,Dec,2020-12-01,8826
Spain,2020,12,Dec,2020-12-01,30
Sri Lanka,2020,12,Dec,2020-12-01,90
Sweden,2020,12,Dec,2020-12-01,21
Switzerland,2020,12,Dec,2020-12-01,63
Taiwan,2020,12,Dec,2020-12-01,244
Thailand,2020,12,Dec,2020-12-01,323
Total International Visitor Arrivals By Place Of Residence,2020,12,Dec,2020-12-01,24170
USA,2020,12,Dec,2020-12-01,515
United Arab Emirates,2020,12,Dec,2020-12-01,93
United Kingdom,2020,12,Dec,2020-12-01,290
Vietnam,2020,12,Dec,2020-12-01,803
West Asia,2020,12,Dec,2020-12-01,175
Africa,2021,1,Jan,2021-01-01,42
Americas,2021,1,Jan,2021-01-01,669
Australia,2021,1,Jan,2021-01-01,579
Bangladesh,2021,1,Jan,2021-01-01,1027
Belgium & Luxembourg,2021,1,Jan,2021-01-01,24
Brunei Darussalam,2021,1,Jan,2021-01-01,108
Canada,2021,1,Jan,2021-01-01,87
China,2021,1,Jan,2021-01-01,6599
Denmark,2021,1,Jan,2021-01-01,49
Egypt,2021,1,Jan,2021-01-01,6
Europe,2021,1,Jan,2021-01-01,1690
Finland,2021,1,Jan,2021-01-01,45
France,2021,1,Jan,2021-01-01,402
Germany,2021,1,Jan,2021-01-01,194
Greater China,2021,1,Jan,2021-01-01,7222
Hong Kong SAR,2021,1,Jan,2021-01-01,288
India,2021,1,Jan,2021-01-01,3946
Indonesia,2021,1,Jan,2021-01-01,2625
Iran,2021,1,Jan,2021-01-01,4
Israel,2021,1,Jan,2021-01-01,28
Italy,2021,1,Jan,2021-01-01,193
Japan,2021,1,Jan,2021-01-01,555
Kuwait,2021,1,Jan,2021-01-01,0
Malaysia,2021,1,Jan,2021-01-01,1255
Mauritius,2021,1,Jan,2021-01-01,4
Myanmar,2021,1,Jan,2021-01-01,1223
Netherlands,2021,1,Jan,2021-01-01,106
New Zealand,2021,1,Jan,2021-01-01,63
North Asia,2021,1,Jan,2021-01-01,987
Norway,2021,1,Jan,2021-01-01,45
Oceania,2021,1,Jan,2021-01-01,642
Other Markets In Africa,2021,1,Jan,2021-01-01,22
Other Markets In Americas,2021,1,Jan,2021-01-01,73
Other Markets In Europe,2021,1,Jan,2021-01-01,319
Other Markets In Greater China,2021,1,Jan,2021-01-01,10
Other Markets In North Asia,2021,1,Jan,2021-01-01,1
Other Markets In Oceania,2021,1,Jan,2021-01-01,0
Other Markets In South Asia,2021,1,Jan,2021-01-01,16
Other Markets In Southeast Asia,2021,1,Jan,2021-01-01,38
Other Markets In West Asia,2021,1,Jan,2021-01-01,28
Others,2021,1,Jan,2021-01-01,1
Pakistan,2021,1,Jan,2021-01-01,25
Philippines,2021,1,Jan,2021-01-01,763
Rep Of Ireland,2021,1,Jan,2021-01-01,16
Russian Federation,2021,1,Jan,2021-01-01,40
Saudi Arabia,2021,1,Jan,2021-01-01,11
South Africa (Rep Of),2021,1,Jan,2021-01-01,10
South Asia,2021,1,Jan,2021-01-01,5186
South Korea,2021,1,Jan,2021-01-01,431
Southeast Asia,2021,1,Jan,2021-01-01,6786
Spain,2021,1,Jan,2021-01-01,58
Sri Lanka,2021,1,Jan,2021-01-01,172
Sweden,2021,1,Jan,2021-01-01,37
Switzerland,2021,1,Jan,2021-01-01,51
Taiwan,2021,1,Jan,2021-01-01,325
Thailand,2021,1,Jan,2021-01-01,221
Total International Visitor Arrivals By Place Of Residence,2021,1,Jan,2021-01-01,23366
USA,2021,1,Jan,2021-01-01,509
United Arab Emirates,2021,1,Jan,2021-01-01,70
United Kingdom,2021,1,Jan,2021-01-01,111
Vietnam,2021,1,Jan,2021-01-01,553
West Asia,2021,1,Jan,2021-01-01,141
Africa,2021,2,Feb,2021-02-01,35
Americas,2021,2,Feb,2021-02-01,523
Australia,2021,2,Feb,2021-02-01,234
Bangladesh,2021,2,Feb,2021-02-01,1203
Belgium & Luxembourg,2021,2,Feb,2021-02-01,22
Brunei Darussalam,2021,2,Feb,2021-02-01,84
Canada,2021,2,Feb,2021-02-01,76
China,2021,2,Feb,2021-02-01,4498
Denmark,2021,2,Feb,2021-02-01,23
Egypt,2021,2,Feb,2021-02-01,6
Europe,2021,2,Feb,2021-02-01,1128
Finland,2021,2,Feb,2021-02-01,17
France,2021,2,Feb,2021-02-01,204
Germany,2021,2,Feb,2021-02-01,146
Greater China,2021,2,Feb,2021-02-01,4984
Hong Kong SAR,2021,2,Feb,2021-02-01,245
India,2021,2,Feb,2021-02-01,3215
Indonesia,2021,2,Feb,2021-02-01,2176
Iran,2021,2,Feb,2021-02-01,4
Israel,2021,2,Feb,2021-02-01,11
Italy,2021,2,Feb,2021-02-01,70
Japan,2021,2,Feb,2021-02-01,358
Kuwait,2021,2,Feb,2021-02-01,5
Malaysia,2021,2,Feb,2021-02-01,1130
Mauritius,2021,2,Feb,2021-02-01,1
Myanmar,2021,2,Feb,2021-02-01,905
Netherlands,2021,2,Feb,2021-02-01,98
New Zealand,2021,2,Feb,2021-02-01,31
North Asia,2021,2,Feb,2021-02-01,743
Norway,2021,2,Feb,2021-02-01,31
Oceania,2021,2,Feb,2021-02-01,271
Other Markets In Africa,2021,2,Feb,2021-02-01,20
Other Markets In Americas,2021,2,Feb,2021-02-01,60
Other Markets In Europe,2021,2,Feb,2021-02-01,186
Other Markets In Greater China,2021,2,Feb,2021-02-01,10
Other Markets In North Asia,2021,2,Feb,2021-02-01,0
Other Markets In Oceania,2021,2,Feb,2021-02-01,6
Other Markets In South Asia,2021,2,Feb,2021-02-01,158
Other Markets In Southeast Asia,2021,2,Feb,2021-02-01,26
Other Markets In West Asia,2021,2,Feb,2021-02-01,9
Others,2021,2,Feb,2021-02-01,0
Pakistan,2021,2,Feb,2021-02-01,14
Philippines,2021,2,Feb,2021-02-01,880
Rep Of Ireland,2021,2,Feb,2021-02-01,14
Russian Federation,2021,2,Feb,2021-02-01,42
Saudi Arabia,2021,2,Feb,2021-02-01,7
South Africa (Rep Of),2021,2,Feb,2021-02-01,8
South Asia,2021,2,Feb,2021-02-01,4697
South Korea,2021,2,Feb,2021-02-01,385
Southeast Asia,2021,2,Feb,2021-02-01,5666
Spain,2021,2,Feb,2021-02-01,33
Sri Lanka,2021,2,Feb,2021-02-01,107
Sweden,2021,2,Feb,2021-02-01,19
Switzerland,2021,2,Feb,2021-02-01,77
Taiwan,2021,2,Feb,2021-02-01,231
Thailand,2021,2,Feb,2021-02-01,179
Total International Visitor Arrivals By Place Of Residence,2021,2,Feb,2021-02-01,18141
USA,2021,2,Feb,2021-02-01,387
United Arab Emirates,2021,2,Feb,2021-02-01,58
United Kingdom,2021,2,Feb,2021-02-01,146
Vietnam,2021,2,Feb,2021-02-01,286
West Asia,2021,2,Feb,2021-02-01,94
Africa,2021,3,Mar,2021-03-01,36
Americas,2021,3,Mar,2021-03-01,582
Australia,2021,3,Mar,2021-03-01,274
Bangladesh,2021,3,Mar,2021-03-01,2736
Belgium & Luxembourg,2021,3,Mar,2021-03-01,14
Brunei Darussalam,2021,3,Mar,2021-03-01,119
Canada,2021,3,Mar,2021-03-01,77
China,2021,3,Mar,2021-03-01,8892
Denmark,2021,3,Mar,2021-03-01,30
Egypt,2021,3,Mar,2021-03-01,8
Europe,2021,3,Mar,2021-03-01,1085
Finland,2021,3,Mar,2021-03-01,15
France,2021,3,Mar,2021-03-01,147
Germany,2021,3,Mar,2021-03-01,135
Greater China,2021,3,Mar,2021-03-01,9467
Hong Kong SAR,2021,3,Mar,2021-03-01,245
India,2021,3,Mar,2021-03-01,4193
Indonesia,2021,3,Mar,2021-03-01,3032
Iran,2021,3,Mar,2021-03-01,8
Israel,2021,3,Mar,2021-03-01,30
Italy,2021,3,Mar,2021-03-01,73
Japan,2021,3,Mar,2021-03-01,601
Kuwait,2021,3,Mar,2021-03-01,0
Malaysia,2021,3,Mar,2021-03-01,1530
Mauritius,2021,3,Mar,2021-03-01,3
Myanmar,2021,3,Mar,2021-03-01,964
Netherlands,2021,3,Mar,2021-03-01,58
New Zealand,2021,3,Mar,2021-03-01,28
North Asia,2021,3,Mar,2021-03-01,1008
Norway,2021,3,Mar,2021-03-01,23
Oceania,2021,3,Mar,2021-03-01,318
Other Markets In Africa,2021,3,Mar,2021-03-01,17
Other Markets In Americas,2021,3,Mar,2021-03-01,82
Other Markets In Europe,2021,3,Mar,2021-03-01,229
Other Markets In Greater China,2021,3,Mar,2021-03-01,14
Other Markets In North Asia,2021,3,Mar,2021-03-01,2
Other Markets In Oceania,2021,3,Mar,2021-03-01,16
Other Markets In South Asia,2021,3,Mar,2021-03-01,36
Other Markets In Southeast Asia,2021,3,Mar,2021-03-01,33
Other Markets In West Asia,2021,3,Mar,2021-03-01,36
Others,2021,3,Mar,2021-03-01,0
Pakistan,2021,3,Mar,2021-03-01,30
Philippines,2021,3,Mar,2021-03-01,1112
Rep Of Ireland,2021,3,Mar,2021-03-01,12
Russian Federation,2021,3,Mar,2021-03-01,53
Saudi Arabia,2021,3,Mar,2021-03-01,1
South Africa (Rep Of),2021,3,Mar,2021-03-01,8
South Asia,2021,3,Mar,2021-03-01,7233
South Korea,2021,3,Mar,2021-03-01,405
Southeast Asia,2021,3,Mar,2021-03-01,7331
Spain,2021,3,Mar,2021-03-01,25
Sri Lanka,2021,3,Mar,2021-03-01,238
Sweden,2021,3,Mar,2021-03-01,50
Switzerland,2021,3,Mar,2021-03-01,53
Taiwan,2021,3,Mar,2021-03-01,316
Thailand,2021,3,Mar,2021-03-01,178
Total International Visitor Arrivals By Place Of Residence,2021,3,Mar,2021-03-01,27202
USA,2021,3,Mar,2021-03-01,423
United Arab Emirates,2021,3,Mar,2021-03-01,67
United Kingdom,2021,3,Mar,2021-03-01,168
Vietnam,2021,3,Mar,2021-03-01,363
West Asia,2021,3,Mar,2021-03-01,142
Africa,2021,4,Apr,2021-04-01,35
Americas,2021,4,Apr,2021-04-01,684
Australia,2021,4,Apr,2021-04-01,242
Bangladesh,2021,4,Apr,2021-04-01,1700
Belgium & Luxembourg,2021,4,Apr,2021-04-01,26
Brunei Darussalam,2021,4,Apr,2021-04-01,80
Canada,2021,4,Apr,2021-04-01,50
China,2021,4,Apr,2021-04-01,9056
Denmark,2021,4,Apr,2021-04-01,23
Egypt,2021,4,Apr,2021-04-01,6
Europe,2021,4,Apr,2021-04-01,1014
Finland,2021,4,Apr,2021-04-01,11
France,2021,4,Apr,2021-04-01,174
Germany,2021,4,Apr,2021-04-01,114
Greater China,2021,4,Apr,2021-04-01,9591
Hong Kong SAR,2021,4,Apr,2021-04-01,221
India,2021,4,Apr,2021-04-01,3729
Indonesia,2021,4,Apr,2021-04-01,3278
Iran,2021,4,Apr,2021-04-01,4
Israel,2021,4,Apr,2021-04-01,62
Italy,2021,4,Apr,2021-04-01,58
Japan,2021,4,Apr,2021-04-01,797
Kuwait,2021,4,Apr,2021-04-01,0
Malaysia,2021,4,Apr,2021-04-01,1442
Mauritius,2021,4,Apr,2021-04-01,3
Myanmar,2021,4,Apr,2021-04-01,1176
Netherlands,2021,4,Apr,2021-04-01,79
New Zealand,2021,4,Apr,2021-04-01,39
North Asia,2021,4,Apr,2021-04-01,1068
Norway,2021,4,Apr,2021-04-01,43
Oceania,2021,4,Apr,2021-04-01,292
Other Markets In Africa,2021,4,Apr,2021-04-01,14
Other Markets In Americas,2021,4,Apr,2021-04-01,71
Other Markets In Europe,2021,4,Apr,2021-04-01,192
Other Markets In Greater China,2021,4,Apr,2021-04-01,12
Other Markets In North Asia,2021,4,Apr,2021-04-01,0
Other Markets In Oceania,2021,4,Apr,2021-04-01,11
Other Markets In South Asia,2021,4,Apr,2021-04-01,33
Other Markets In Southeast Asia,2021,4,Apr,2021-04-01,12
Other Markets In West Asia,2021,4,Apr,2021-04-01,18
Others,2021,4,Apr,2021-04-01,1
Pakistan,2021,4,Apr,2021-04-01,13
Philippines,2021,4,Apr,2021-04-01,789
Rep Of Ireland,2021,4,Apr,2021-04-01,10
Russian Federation,2021,4,Apr,2021-04-01,35
Saudi Arabia,2021,4,Apr,2021-04-01,7
South Africa (Rep Of),2021,4,Apr,2021-04-01,12
South Asia,2021,4,Apr,2021-04-01,5640
South Korea,2021,4,Apr,2021-04-01,271
Southeast Asia,2021,4,Apr,2021-04-01,7262
Spain,2021,4,Apr,2021-04-01,35
Sri Lanka,2021,4,Apr,2021-04-01,165
Sweden,2021,4,Apr,2021-04-01,29
Switzerland,2021,4,Apr,2021-04-01,49
Taiwan,2021,4,Apr,2021-04-01,302
Thailand,2021,4,Apr,2021-04-01,246
Total International Visitor Arrivals By Place Of Residence,2021,4,Apr,2021-04-01,25737
USA,2021,4,Apr,2021-04-01,563
United Arab Emirates,2021,4,Apr,2021-04-01,59
United Kingdom,2021,4,Apr,2021-04-01,136
Vietnam,2021,4,Apr,2021-04-01,239
West Asia,2021,4,Apr,2021-04-01,150
Africa,2021,5,May,2021-05-01,44
Americas,2021,5,May,2021-05-01,342
Australia,2021,5,May,2021-05-01,250
Bangladesh,2021,5,May,2021-05-01,32
Belgium & Luxembourg,2021,5,May,2021-05-01,26
Brunei Darussalam,2021,5,May,2021-05-01,48
Canada,2021,5,May,2021-05-01,27
China,2021,5,May,2021-05-01,7388
Denmark,2021,5,May,2021-05-01,17
Egypt,2021,5,May,2021-05-01,5
Europe,2021,5,May,2021-05-01,499
Finland,2021,5,May,2021-05-01,16
France,2021,5,May,2021-05-01,83
Germany,2021,5,May,2021-05-01,57
Greater China,2021,5,May,2021-05-01,7852
Hong Kong SAR,2021,5,May,2021-05-01,276
India,2021,5,May,2021-05-01,84
Indonesia,2021,5,May,2021-05-01,1800
Iran,2021,5,May,2021-05-01,0
Israel,2021,5,May,2021-05-01,48
Italy,2021,5,May,2021-05-01,16
Japan,2021,5,May,2021-05-01,281
Kuwait,2021,5,May,2021-05-01,0
Malaysia,2021,5,May,2021-05-01,844
Mauritius,2021,5,May,2021-05-01,4
Myanmar,2021,5,May,2021-05-01,720
Netherlands,2021,5,May,2021-05-01,36
New Zealand,2021,5,May,2021-05-01,32
North Asia,2021,5,May,2021-05-01,451
Norway,2021,5,May,2021-05-01,15
Oceania,2021,5,May,2021-05-01,294
Other Markets In Africa,2021,5,May,2021-05-01,26
Other Markets In Americas,2021,5,May,2021-05-01,61
Other Markets In Europe,2021,5,May,2021-05-01,83
Other Markets In Greater China,2021,5,May,2021-05-01,10
Other Markets In North Asia,2021,5,May,2021-05-01,0
Other Markets In Oceania,2021,5,May,2021-05-01,12
Other Markets In South Asia,2021,5,May,2021-05-01,1
Other Markets In Southeast Asia,2021,5,May,2021-05-01,11
Other Markets In West Asia,2021,5,May,2021-05-01,16
Others,2021,5,May,2021-05-01,0
Pakistan,2021,5,May,2021-05-01,0
Philippines,2021,5,May,2021-05-01,745
Rep Of Ireland,2021,5,May,2021-05-01,6
Russian Federation,2021,5,May,2021-05-01,17
Saudi Arabia,2021,5,May,2021-05-01,2
South Africa (Rep Of),2021,5,May,2021-05-01,9
South Asia,2021,5,May,2021-05-01,122
South Korea,2021,5,May,2021-05-01,170
Southeast Asia,2021,5,May,2021-05-01,4478
Spain,2021,5,May,2021-05-01,6
Sri Lanka,2021,5,May,2021-05-01,5
Sweden,2021,5,May,2021-05-01,6
Switzerland,2021,5,May,2021-05-01,23
Taiwan,2021,5,May,2021-05-01,178
Thailand,2021,5,May,2021-05-01,163
Total International Visitor Arrivals By Place Of Residence,2021,5,May,2021-05-01,14190
USA,2021,5,May,2021-05-01,254
United Arab Emirates,2021,5,May,2021-05-01,42
United Kingdom,2021,5,May,2021-05-01,92
Vietnam,2021,5,May,2021-05-01,147
West Asia,2021,5,May,2021-05-01,108
Africa,2021,6,Jun,2021-06-01,8
Americas,2021,6,Jun,2021-06-01,245
Australia,2021,6,Jun,2021-06-01,193
Bangladesh,2021,6,Jun,2021-06-01,3
Belgium & Luxembourg,2021,6,Jun,2021-06-01,6
Brunei Darussalam,2021,6,Jun,2021-06-01,64
Canada,2021,6,Jun,2021-06-01,14
China,2021,6,Jun,2021-06-01,6983
Denmark,2021,6,Jun,2021-06-01,3
Egypt,2021,6,Jun,2021-06-01,1
Europe,2021,6,Jun,2021-06-01,286
Finland,2021,6,Jun,2021-06-01,6
France,2021,6,Jun,2021-06-01,26
Germany,2021,6,Jun,2021-06-01,42
Greater China,2021,6,Jun,2021-06-01,7383
Hong Kong SAR,2021,6,Jun,2021-06-01,361
India,2021,6,Jun,2021-06-01,12
Indonesia,2021,6,Jun,2021-06-01,519
Iran,2021,6,Jun,2021-06-01,0
Israel,2021,6,Jun,2021-06-01,30
Italy,2021,6,Jun,2021-06-01,8
Japan,2021,6,Jun,2021-06-01,121
Kuwait,2021,6,Jun,2021-06-01,0
Malaysia,2021,6,Jun,2021-06-01,402
Mauritius,2021,6,Jun,2021-06-01,0
Myanmar,2021,6,Jun,2021-06-01,175
Netherlands,2021,6,Jun,2021-06-01,18
New Zealand,2021,6,Jun,2021-06-01,58
North Asia,2021,6,Jun,2021-06-01,219
Norway,2021,6,Jun,2021-06-01,2
Oceania,2021,6,Jun,2021-06-01,251
Other Markets In Africa,2021,6,Jun,2021-06-01,1
Other Markets In Americas,2021,6,Jun,2021-06-01,25
Other Markets In Europe,2021,6,Jun,2021-06-01,45
Other Markets In Greater China,2021,6,Jun,2021-06-01,10
Other Markets In North Asia,2021,6,Jun,2021-06-01,0
Other Markets In Oceania,2021,6,Jun,2021-06-01,0
Other Markets In South Asia,2021,6,Jun,2021-06-01,2
Other Markets In Southeast Asia,2021,6,Jun,2021-06-01,4
Other Markets In West Asia,2021,6,Jun,2021-06-01,4
Others,2021,6,Jun,2021-06-01,0
Pakistan,2021,6,Jun,2021-06-01,0
Philippines,2021,6,Jun,2021-06-01,262
Rep Of Ireland,2021,6,Jun,2021-06-01,4
Russian Federation,2021,6,Jun,2021-06-01,5
Saudi Arabia,2021,6,Jun,2021-06-01,1
South Africa (Rep Of),2021,6,Jun,2021-06-01,6
South Asia,2021,6,Jun,2021-06-01,19
South Korea,2021,6,Jun,2021-06-01,98
Southeast Asia,2021,6,Jun,2021-06-01,1561
Spain,2021,6,Jun,2021-06-01,7
Sri Lanka,2021,6,Jun,2021-06-01,2
Sweden,2021,6,Jun,2021-06-01,2
Switzerland,2021,6,Jun,2021-06-01,12
Taiwan,2021,6,Jun,2021-06-01,29
Thailand,2021,6,Jun,2021-06-01,99
Total International Visitor Arrivals By Place Of Residence,2021,6,Jun,2021-06-01,10029
USA,2021,6,Jun,2021-06-01,206
United Arab Emirates,2021,6,Jun,2021-06-01,22
United Kingdom,2021,6,Jun,2021-06-01,100
Vietnam,2021,6,Jun,2021-06-01,36
West Asia,2021,6,Jun,2021-06-01,57
Africa,2021,7,Jul,2021-07-01,31
Americas,2021,7,Jul,2021-07-01,777
Australia,2021,7,Jul,2021-07-01,289
Bangladesh,2021,7,Jul,2021-07-01,1
Belgium & Luxembourg,2021,7,Jul,2021-07-01,23
Brunei Darussalam,2021,7,Jul,2021-07-01,104
Canada,2021,7,Jul,2021-07-01,53
China,2021,7,Jul,2021-07-01,12669
Denmark,2021,7,Jul,2021-07-01,7
Egypt,2021,7,Jul,2021-07-01,0
Europe,2021,7,Jul,2021-07-01,874
Finland,2021,7,Jul,2021-07-01,11
France,2021,7,Jul,2021-07-01,97
Germany,2021,7,Jul,2021-07-01,151
Greater China,2021,7,Jul,2021-07-01,13514
Hong Kong SAR,2021,7,Jul,2021-07-01,750
India,2021,7,Jul,2021-07-01,332
Indonesia,2021,7,Jul,2021-07-01,156
Iran,2021,7,Jul,2021-07-01,0
Israel,2021,7,Jul,2021-07-01,65
Italy,2021,7,Jul,2021-07-01,33
Japan,2021,7,Jul,2021-07-01,297
Kuwait,2021,7,Jul,2021-07-01,0
Malaysia,2021,7,Jul,2021-07-01,554
Mauritius,2021,7,Jul,2021-07-01,0
Myanmar,2021,7,Jul,2021-07-01,247
Netherlands,2021,7,Jul,2021-07-01,34
New Zealand,2021,7,Jul,2021-07-01,73
North Asia,2021,7,Jul,2021-07-01,499
Norway,2021,7,Jul,2021-07-01,12
Oceania,2021,7,Jul,2021-07-01,366
Other Markets In Africa,2021,7,Jul,2021-07-01,14
Other Markets In Americas,2021,7,Jul,2021-07-01,39
Other Markets In Europe,2021,7,Jul,2021-07-01,90
Other Markets In Greater China,2021,7,Jul,2021-07-01,16
Other Markets In North Asia,2021,7,Jul,2021-07-01,0
Other Markets In Oceania,2021,7,Jul,2021-07-01,4
Other Markets In South Asia,2021,7,Jul,2021-07-01,5
Other Markets In Southeast Asia,2021,7,Jul,2021-07-01,19
Other Markets In West Asia,2021,7,Jul,2021-07-01,30
Others,2021,7,Jul,2021-07-01,3
Pakistan,2021,7,Jul,2021-07-01,2
Philippines,2021,7,Jul,2021-07-01,438
Rep Of Ireland,2021,7,Jul,2021-07-01,21
Russian Federation,2021,7,Jul,2021-07-01,13
Saudi Arabia,2021,7,Jul,2021-07-01,6
South Africa (Rep Of),2021,7,Jul,2021-07-01,17
South Asia,2021,7,Jul,2021-07-01,342
South Korea,2021,7,Jul,2021-07-01,202
Southeast Asia,2021,7,Jul,2021-07-01,1968
Spain,2021,7,Jul,2021-07-01,24
Sri Lanka,2021,7,Jul,2021-07-01,2
Sweden,2021,7,Jul,2021-07-01,24
Switzerland,2021,7,Jul,2021-07-01,43
Taiwan,2021,7,Jul,2021-07-01,79
Thailand,2021,7,Jul,2021-07-01,334
Total International Visitor Arrivals By Place Of Residence,2021,7,Jul,2021-07-01,18517
USA,2021,7,Jul,2021-07-01,685
United Arab Emirates,2021,7,Jul,2021-07-01,42
United Kingdom,2021,7,Jul,2021-07-01,291
Vietnam,2021,7,Jul,2021-07-01,116
West Asia,2021,7,Jul,2021-07-01,143
Africa,2021,8,Aug,2021-08-01,54
Americas,2021,8,Aug,2021-08-01,1001
Australia,2021,8,Aug,2021-08-01,301
Bangladesh,2021,8,Aug,2021-08-01,2
Belgium & Luxembourg,2021,8,Aug,2021-08-01,40
Brunei Darussalam,2021,8,Aug,2021-08-01,81
Canada,2021,8,Aug,2021-08-01,72
China,2021,8,Aug,2021-08-01,8907
Denmark,2021,8,Aug,2021-08-01,33
Egypt,2021,8,Aug,2021-08-01,12
Europe,2021,8,Aug,2021-08-01,1515
Finland,2021,8,Aug,2021-08-01,16
France,2021,8,Aug,2021-08-01,327
Germany,2021,8,Aug,2021-08-01,139
Greater China,2021,8,Aug,2021-08-01,9978
Hong Kong SAR,2021,8,Aug,2021-08-01,602
India,2021,8,Aug,2021-08-01,95
Indonesia,2021,8,Aug,2021-08-01,315
Iran,2021,8,Aug,2021-08-01,2
Israel,2021,8,Aug,2021-08-01,60
Italy,2021,8,Aug,2021-08-01,54
Japan,2021,8,Aug,2021-08-01,341
Kuwait,2021,8,Aug,2021-08-01,7
Malaysia,2021,8,Aug,2021-08-01,683
Mauritius,2021,8,Aug,2021-08-01,5
Myanmar,2021,8,Aug,2021-08-01,87
Netherlands,2021,8,Aug,2021-08-01,54
New Zealand,2021,8,Aug,2021-08-01,50
North Asia,2021,8,Aug,2021-08-01,714
Norway,2021,8,Aug,2021-08-01,39
Oceania,2021,8,Aug,2021-08-01,370
Other Markets In Africa,2021,8,Aug,2021-08-01,32
Other Markets In Americas,2021,8,Aug,2021-08-01,101
Other Markets In Europe,2021,8,Aug,2021-08-01,196
Other Markets In Greater China,2021,8,Aug,2021-08-01,13
Other Markets In North Asia,2021,8,Aug,2021-08-01,0
Other Markets In Oceania,2021,8,Aug,2021-08-01,19
Other Markets In South Asia,2021,8,Aug,2021-08-01,5
Other Markets In Southeast Asia,2021,8,Aug,2021-08-01,22
Other Markets In West Asia,2021,8,Aug,2021-08-01,28
Others,2021,8,Aug,2021-08-01,3
Pakistan,2021,8,Aug,2021-08-01,4
Philippines,2021,8,Aug,2021-08-01,392
Rep Of Ireland,2021,8,Aug,2021-08-01,31
Russian Federation,2021,8,Aug,2021-08-01,32
Saudi Arabia,2021,8,Aug,2021-08-01,32
South Africa (Rep Of),2021,8,Aug,2021-08-01,5
South Asia,2021,8,Aug,2021-08-01,112
South Korea,2021,8,Aug,2021-08-01,373
Southeast Asia,2021,8,Aug,2021-08-01,1933
Spain,2021,8,Aug,2021-08-01,38
Sri Lanka,2021,8,Aug,2021-08-01,6
Sweden,2021,8,Aug,2021-08-01,41
Switzerland,2021,8,Aug,2021-08-01,108
Taiwan,2021,8,Aug,2021-08-01,456
Thailand,2021,8,Aug,2021-08-01,264
Total International Visitor Arrivals By Place Of Residence,2021,8,Aug,2021-08-01,15887
USA,2021,8,Aug,2021-08-01,828
United Arab Emirates,2021,8,Aug,2021-08-01,78
United Kingdom,2021,8,Aug,2021-08-01,367
Vietnam,2021,8,Aug,2021-08-01,89
West Asia,2021,8,Aug,2021-08-01,207
Africa,2021,9,Sep,2021-09-01,43
Americas,2021,9,Sep,2021-09-01,867
Australia,2021,9,Sep,2021-09-01,278
Bangladesh,2021,9,Sep,2021-09-01,385
Belgium & Luxembourg,2021,9,Sep,2021-09-01,33
Brunei Darussalam,2021,9,Sep,2021-09-01,70
Canada,2021,9,Sep,2021-09-01,139
China,2021,9,Sep,2021-09-01,8952
Denmark,2021,9,Sep,2021-09-01,37
Egypt,2021,9,Sep,2021-09-01,7
Europe,2021,9,Sep,2021-09-01,2297
Finland,2021,9,Sep,2021-09-01,19
France,2021,9,Sep,2021-09-01,337
Germany,2021,9,Sep,2021-09-01,769
Greater China,2021,9,Sep,2021-09-01,10099
Hong Kong SAR,2021,9,Sep,2021-09-01,669
India,2021,9,Sep,2021-09-01,678
Indonesia,2021,9,Sep,2021-09-01,669
Iran,2021,9,Sep,2021-09-01,6
Israel,2021,9,Sep,2021-09-01,33
Italy,2021,9,Sep,2021-09-01,69
Japan,2021,9,Sep,2021-09-01,780
Kuwait,2021,9,Sep,2021-09-01,5
Malaysia,2021,9,Sep,2021-09-01,797
Mauritius,2021,9,Sep,2021-09-01,1
Myanmar,2021,9,Sep,2021-09-01,159
Netherlands,2021,9,Sep,2021-09-01,117
New Zealand,2021,9,Sep,2021-09-01,75
North Asia,2021,9,Sep,2021-09-01,1299
Norway,2021,9,Sep,2021-09-01,56
Oceania,2021,9,Sep,2021-09-01,366
Other Markets In Africa,2021,9,Sep,2021-09-01,19
Other Markets In Americas,2021,9,Sep,2021-09-01,76
Other Markets In Europe,2021,9,Sep,2021-09-01,259
Other Markets In Greater China,2021,9,Sep,2021-09-01,36
Other Markets In North Asia,2021,9,Sep,2021-09-01,0
Other Markets In Oceania,2021,9,Sep,2021-09-01,13
Other Markets In South Asia,2021,9,Sep,2021-09-01,21
Other Markets In Southeast Asia,2021,9,Sep,2021-09-01,30
Other Markets In West Asia,2021,9,Sep,2021-09-01,15
Others,2021,9,Sep,2021-09-01,1
Pakistan,2021,9,Sep,2021-09-01,6
Philippines,2021,9,Sep,2021-09-01,655
Rep Of Ireland,2021,9,Sep,2021-09-01,39
Russian Federation,2021,9,Sep,2021-09-01,28
Saudi Arabia,2021,9,Sep,2021-09-01,17
South Africa (Rep Of),2021,9,Sep,2021-09-01,16
South Asia,2021,9,Sep,2021-09-01,1105
South Korea,2021,9,Sep,2021-09-01,519
Southeast Asia,2021,9,Sep,2021-09-01,2774
Spain,2021,9,Sep,2021-09-01,44
Sri Lanka,2021,9,Sep,2021-09-01,15
Sweden,2021,9,Sep,2021-09-01,31
Switzerland,2021,9,Sep,2021-09-01,68
Taiwan,2021,9,Sep,2021-09-01,442
Thailand,2021,9,Sep,2021-09-01,290
Total International Visitor Arrivals By Place Of Residence,2021,9,Sep,2021-09-01,19009
USA,2021,9,Sep,2021-09-01,652
United Arab Emirates,2021,9,Sep,2021-09-01,82
United Kingdom,2021,9,Sep,2021-09-01,391
Vietnam,2021,9,Sep,2021-09-01,104
West Asia,2021,9,Sep,2021-09-01,158
Africa,2021,10,Oct,2021-10-01,71
Americas,2021,10,Oct,2021-10-01,1092
Australia,2021,10,Oct,2021-10-01,263
Bangladesh,2021,10,Oct,2021-10-01,1079
Belgium & Luxembourg,2021,10,Oct,2021-10-01,22
Brunei Darussalam,2021,10,Oct,2021-10-01,121
Canada,2021,10,Oct,2021-10-01,121
China,2021,10,Oct,2021-10-01,6065
Denmark,2021,10,Oct,2021-10-01,74
Egypt,2021,10,Oct,2021-10-01,10
Europe,2021,10,Oct,2021-10-01,3453
Finland,2021,10,Oct,2021-10-01,23
France,2021,10,Oct,2021-10-01,423
Germany,2021,10,Oct,2021-10-01,997
Greater China,2021,10,Oct,2021-10-01,6971
Hong Kong SAR,2021,10,Oct,2021-10-01,494
India,2021,10,Oct,2021-10-01,2936
Indonesia,2021,10,Oct,2021-10-01,1954
Iran,2021,10,Oct,2021-10-01,10
Israel,2021,10,Oct,2021-10-01,107
Italy,2021,10,Oct,2021-10-01,98
Japan,2021,10,Oct,2021-10-01,779
Kuwait,2021,10,Oct,2021-10-01,4
Malaysia,2021,10,Oct,2021-10-01,2104
Mauritius,2021,10,Oct,2021-10-01,3
Myanmar,2021,10,Oct,2021-10-01,312
Netherlands,2021,10,Oct,2021-10-01,208
New Zealand,2021,10,Oct,2021-10-01,58
North Asia,2021,10,Oct,2021-10-01,1264
Norway,2021,10,Oct,2021-10-01,54
Oceania,2021,10,Oct,2021-10-01,332
Other Markets In Africa,2021,10,Oct,2021-10-01,25
Other Markets In Americas,2021,10,Oct,2021-10-01,131
Other Markets In Europe,2021,10,Oct,2021-10-01,275
Other Markets In Greater China,2021,10,Oct,2021-10-01,34
Other Markets In North Asia,2021,10,Oct,2021-10-01,0
Other Markets In Oceania,2021,10,Oct,2021-10-01,11
Other Markets In South Asia,2021,10,Oct,2021-10-01,15
Other Markets In Southeast Asia,2021,10,Oct,2021-10-01,28
Other Markets In West Asia,2021,10,Oct,2021-10-01,38
Others,2021,10,Oct,2021-10-01,7
Pakistan,2021,10,Oct,2021-10-01,6
Philippines,2021,10,Oct,2021-10-01,1042
Rep Of Ireland,2021,10,Oct,2021-10-01,44
Russian Federation,2021,10,Oct,2021-10-01,44
Saudi Arabia,2021,10,Oct,2021-10-01,27
South Africa (Rep Of),2021,10,Oct,2021-10-01,33
South Asia,2021,10,Oct,2021-10-01,4055
South Korea,2021,10,Oct,2021-10-01,485
Southeast Asia,2021,10,Oct,2021-10-01,6448
Spain,2021,10,Oct,2021-10-01,95
Sri Lanka,2021,10,Oct,2021-10-01,19
Sweden,2021,10,Oct,2021-10-01,53
Switzerland,2021,10,Oct,2021-10-01,78
Taiwan,2021,10,Oct,2021-10-01,378
Thailand,2021,10,Oct,2021-10-01,623
Total International Visitor Arrivals By Place Of Residence,2021,10,Oct,2021-10-01,24006
USA,2021,10,Oct,2021-10-01,840
United Arab Emirates,2021,10,Oct,2021-10-01,127
United Kingdom,2021,10,Oct,2021-10-01,965
Vietnam,2021,10,Oct,2021-10-01,264
West Asia,2021,10,Oct,2021-10-01,313
Africa,2021,11,Nov,2021-11-01,79
Americas,2021,11,Nov,2021-11-01,2231
Australia,2021,11,Nov,2021-11-01,1624
Bangladesh,2021,11,Nov,2021-11-01,4170
Belgium & Luxembourg,2021,11,Nov,2021-11-01,51
Brunei Darussalam,2021,11,Nov,2021-11-01,138
Canada,2021,11,Nov,2021-11-01,229
China,2021,11,Nov,2021-11-01,3479
Denmark,2021,11,Nov,2021-11-01,190
Egypt,2021,11,Nov,2021-11-01,19
Europe,2021,11,Nov,2021-11-01,5668
Finland,2021,11,Nov,2021-11-01,19
France,2021,11,Nov,2021-11-01,799
Germany,2021,11,Nov,2021-11-01,1074
Greater China,2021,11,Nov,2021-11-01,4307
Hong Kong SAR,2021,11,Nov,2021-11-01,527
India,2021,11,Nov,2021-11-01,7488
Indonesia,2021,11,Nov,2021-11-01,5756
Iran,2021,11,Nov,2021-11-01,5
Israel,2021,11,Nov,2021-11-01,131
Italy,2021,11,Nov,2021-11-01,239
Japan,2021,11,Nov,2021-11-01,430
Kuwait,2021,11,Nov,2021-11-01,16
Malaysia,2021,11,Nov,2021-11-01,2537
Mauritius,2021,11,Nov,2021-11-01,2
Myanmar,2021,11,Nov,2021-11-01,1242
Netherlands,2021,11,Nov,2021-11-01,432
New Zealand,2021,11,Nov,2021-11-01,25
North Asia,2021,11,Nov,2021-11-01,2032
Norway,2021,11,Nov,2021-11-01,49
Oceania,2021,11,Nov,2021-11-01,1668
Other Markets In Africa,2021,11,Nov,2021-11-01,35
Other Markets In Americas,2021,11,Nov,2021-11-01,112
Other Markets In Europe,2021,11,Nov,2021-11-01,169
Other Markets In Greater China,2021,11,Nov,2021-11-01,22
Other Markets In North Asia,2021,11,Nov,2021-11-01,2
Other Markets In Oceania,2021,11,Nov,2021-11-01,19
Other Markets In South Asia,2021,11,Nov,2021-11-01,35
Other Markets In Southeast Asia,2021,11,Nov,2021-11-01,46
Other Markets In West Asia,2021,11,Nov,2021-11-01,30
Others,2021,11,Nov,2021-11-01,5
Pakistan,2021,11,Nov,2021-11-01,36
Philippines,2021,11,Nov,2021-11-01,2450
Rep Of Ireland,2021,11,Nov,2021-11-01,13
Russian Federation,2021,11,Nov,2021-11-01,37
Saudi Arabia,2021,11,Nov,2021-11-01,39
South Africa (Rep Of),2021,11,Nov,2021-11-01,23
South Asia,2021,11,Nov,2021-11-01,11879
South Korea,2021,11,Nov,2021-11-01,1600
Southeast Asia,2021,11,Nov,2021-11-01,12937
Spain,2021,11,Nov,2021-11-01,199
Sri Lanka,2021,11,Nov,2021-11-01,150
Sweden,2021,11,Nov,2021-11-01,42
Switzerland,2021,11,Nov,2021-11-01,238
Taiwan,2021,11,Nov,2021-11-01,279
Thailand,2021,11,Nov,2021-11-01,361
Total International Visitor Arrivals By Place Of Residence,2021,11,Nov,2021-11-01,41179
USA,2021,11,Nov,2021-11-01,1890
United Arab Emirates,2021,11,Nov,2021-11-01,152
United Kingdom,2021,11,Nov,2021-11-01,2117
Vietnam,2021,11,Nov,2021-11-01,407
West Asia,2021,11,Nov,2021-11-01,373
Africa,2021,12,Dec,2021-12-01,74
Americas,2021,12,Dec,2021-12-01,4590
Australia,2021,12,Dec,2021-12-01,5525
Bangladesh,2021,12,Dec,2021-12-01,5559
Belgium & Luxembourg,2021,12,Dec,2021-12-01,68
Brunei Darussalam,2021,12,Dec,2021-12-01,231
Canada,2021,12,Dec,2021-12-01,743
China,2021,12,Dec,2021-12-01,4764
Denmark,2021,12,Dec,2021-12-01,244
Egypt,2021,12,Dec,2021-12-01,14
Europe,2021,12,Dec,2021-12-01,9450
Finland,2021,12,Dec,2021-12-01,157
France,2021,12,Dec,2021-12-01,1195
Germany,2021,12,Dec,2021-12-01,1594
Greater China,2021,12,Dec,2021-12-01,5963
Hong Kong SAR,2021,12,Dec,2021-12-01,754
India,2021,12,Dec,2021-12-01,27672
Indonesia,2021,12,Dec,2021-12-01,11177
Iran,2021,12,Dec,2021-12-01,11
Israel,2021,12,Dec,2021-12-01,99
Italy,2021,12,Dec,2021-12-01,319
Japan,2021,12,Dec,2021-12-01,580
Kuwait,2021,12,Dec,2021-12-01,1
Malaysia,2021,12,Dec,2021-12-01,10939
Mauritius,2021,12,Dec,2021-12-01,9
Myanmar,2021,12,Dec,2021-12-01,2991
Netherlands,2021,12,Dec,2021-12-01,717
New Zealand,2021,12,Dec,2021-12-01,63
North Asia,2021,12,Dec,2021-12-01,2770
Norway,2021,12,Dec,2021-12-01,56
Oceania,2021,12,Dec,2021-12-01,5632
Other Markets In Africa,2021,12,Dec,2021-12-01,39
Other Markets In Americas,2021,12,Dec,2021-12-01,127
Other Markets In Europe,2021,12,Dec,2021-12-01,398
Other Markets In Greater China,2021,12,Dec,2021-12-01,53
Other Markets In North Asia,2021,12,Dec,2021-12-01,3
Other Markets In Oceania,2021,12,Dec,2021-12-01,44
Other Markets In South Asia,2021,12,Dec,2021-12-01,62
Other Markets In Southeast Asia,2021,12,Dec,2021-12-01,441
Other Markets In West Asia,2021,12,Dec,2021-12-01,63
Others,2021,12,Dec,2021-12-01,11
Pakistan,2021,12,Dec,2021-12-01,59
Philippines,2021,12,Dec,2021-12-01,1966
Rep Of Ireland,2021,12,Dec,2021-12-01,53
Russian Federation,2021,12,Dec,2021-12-01,42
Saudi Arabia,2021,12,Dec,2021-12-01,46
South Africa (Rep Of),2021,12,Dec,2021-12-01,12
South Asia,2021,12,Dec,2021-12-01,33939
South Korea,2021,12,Dec,2021-12-01,2187
Southeast Asia,2021,12,Dec,2021-12-01,30006
Spain,2021,12,Dec,2021-12-01,213
Sri Lanka,2021,12,Dec,2021-12-01,587
Sweden,2021,12,Dec,2021-12-01,211
Switzerland,2021,12,Dec,2021-12-01,515
Taiwan,2021,12,Dec,2021-12-01,392
Thailand,2021,12,Dec,2021-12-01,1421
Total International Visitor Arrivals By Place Of Residence,2021,12,Dec,2021-12-01,92796
USA,2021,12,Dec,2021-12-01,3720
United Arab Emirates,2021,12,Dec,2021-12-01,141
United Kingdom,2021,12,Dec,2021-12-01,3668
Vietnam,2021,12,Dec,2021-12-01,840
West Asia,2021,12,Dec,2021-12-01,361
Africa,2022,1,Jan,2022-01-01,114
Americas,2022,1,Jan,2022-01-01,2928
Australia,2022,1,Jan,2022-01-01,3759
Bangladesh,2022,1,Jan,2022-01-01,4893
Belgium & Luxembourg,2022,1,Jan,2022-01-01,61
Brunei Darussalam,2022,1,Jan,2022-01-01,113
Canada,2022,1,Jan,2022-01-01,469
China,2022,1,Jan,2022-01-01,4361
Denmark,2022,1,Jan,2022-01-01,194
Egypt,2022,1,Jan,2022-01-01,12
Europe,2022,1,Jan,2022-01-01,7225
Finland,2022,1,Jan,2022-01-01,121
France,2022,1,Jan,2022-01-01,1077
Germany,2022,1,Jan,2022-01-01,1193
Greater China,2022,1,Jan,2022-01-01,5759
Hong Kong SAR,2022,1,Jan,2022-01-01,901
India,2022,1,Jan,2022-01-01,11428
Indonesia,2022,1,Jan,2022-01-01,5885
Iran,2022,1,Jan,2022-01-01,3
Israel,2022,1,Jan,2022-01-01,94
Italy,2022,1,Jan,2022-01-01,212
Japan,2022,1,Jan,2022-01-01,552
Kuwait,2022,1,Jan,2022-01-01,2
Malaysia,2022,1,Jan,2022-01-01,5203
Mauritius,2022,1,Jan,2022-01-01,7
Myanmar,2022,1,Jan,2022-01-01,2954
Netherlands,2022,1,Jan,2022-01-01,474
New Zealand,2022,1,Jan,2022-01-01,87
North Asia,2022,1,Jan,2022-01-01,2505
Norway,2022,1,Jan,2022-01-01,95
Oceania,2022,1,Jan,2022-01-01,3882
Other Markets In Africa,2022,1,Jan,2022-01-01,56
Other Markets In Americas,2022,1,Jan,2022-01-01,195
Other Markets In Europe,2022,1,Jan,2022-01-01,518
Other Markets In Greater China,2022,1,Jan,2022-01-01,67
Other Markets In North Asia,2022,1,Jan,2022-01-01,0
Other Markets In Oceania,2022,1,Jan,2022-01-01,36
Other Markets In South Asia,2022,1,Jan,2022-01-01,68
Other Markets In Southeast Asia,2022,1,Jan,2022-01-01,252
Other Markets In West Asia,2022,1,Jan,2022-01-01,42
Others,2022,1,Jan,2022-01-01,9
Pakistan,2022,1,Jan,2022-01-01,68
Philippines,2022,1,Jan,2022-01-01,1469
Rep Of Ireland,2022,1,Jan,2022-01-01,44
Russian Federation,2022,1,Jan,2022-01-01,50
Saudi Arabia,2022,1,Jan,2022-01-01,37
South Africa (Rep Of),2022,1,Jan,2022-01-01,39
South Asia,2022,1,Jan,2022-01-01,16901
South Korea,2022,1,Jan,2022-01-01,1953
Southeast Asia,2022,1,Jan,2022-01-01,17563
Spain,2022,1,Jan,2022-01-01,238
Sri Lanka,2022,1,Jan,2022-01-01,444
Sweden,2022,1,Jan,2022-01-01,214
Switzerland,2022,1,Jan,2022-01-01,372
Taiwan,2022,1,Jan,2022-01-01,430
Thailand,2022,1,Jan,2022-01-01,1060
Total International Visitor Arrivals By Place Of Residence,2022,1,Jan,2022-01-01,57174
USA,2022,1,Jan,2022-01-01,2264
United Arab Emirates,2022,1,Jan,2022-01-01,110
United Kingdom,2022,1,Jan,2022-01-01,2362
Vietnam,2022,1,Jan,2022-01-01,627
West Asia,2022,1,Jan,2022-01-01,288
Africa,2022,2,Feb,2022-02-01,58
Americas,2022,2,Feb,2022-02-01,4442
Australia,2022,2,Feb,2022-02-01,4546
Bangladesh,2022,2,Feb,2022-02-01,3361
Belgium & Luxembourg,2022,2,Feb,2022-02-01,70
Brunei Darussalam,2022,2,Feb,2022-02-01,163
Canada,2022,2,Feb,2022-02-01,545
China,2022,2,Feb,2022-02-01,3823
Denmark,2022,2,Feb,2022-02-01,340
Egypt,2022,2,Feb,2022-02-01,7
Europe,2022,2,Feb,2022-02-01,10444
Finland,2022,2,Feb,2022-02-01,129
France,2022,2,Feb,2022-02-01,1760
Germany,2022,2,Feb,2022-02-01,1645
Greater China,2022,2,Feb,2022-02-01,6177
Hong Kong SAR,2022,2,Feb,2022-02-01,1794
India,2022,2,Feb,2022-02-01,15567
Indonesia,2022,2,Feb,2022-02-01,6872
Iran,2022,2,Feb,2022-02-01,4
Israel,2022,2,Feb,2022-02-01,298
Italy,2022,2,Feb,2022-02-01,346
Japan,2022,2,Feb,2022-02-01,534
Kuwait,2022,2,Feb,2022-02-01,4
Malaysia,2022,2,Feb,2022-02-01,4468
Mauritius,2022,2,Feb,2022-02-01,6
Myanmar,2022,2,Feb,2022-02-01,2024
Netherlands,2022,2,Feb,2022-02-01,713
New Zealand,2022,2,Feb,2022-02-01,79
North Asia,2022,2,Feb,2022-02-01,2508
Norway,2022,2,Feb,2022-02-01,69
Oceania,2022,2,Feb,2022-02-01,4673
Other Markets In Africa,2022,2,Feb,2022-02-01,22
Other Markets In Americas,2022,2,Feb,2022-02-01,122
Other Markets In Europe,2022,2,Feb,2022-02-01,436
Other Markets In Greater China,2022,2,Feb,2022-02-01,29
Other Markets In North Asia,2022,2,Feb,2022-02-01,2
Other Markets In Oceania,2022,2,Feb,2022-02-01,48
Other Markets In South Asia,2022,2,Feb,2022-02-01,236
Other Markets In Southeast Asia,2022,2,Feb,2022-02-01,530
Other Markets In West Asia,2022,2,Feb,2022-02-01,82
Others,2022,2,Feb,2022-02-01,6
Pakistan,2022,2,Feb,2022-02-01,28
Philippines,2022,2,Feb,2022-02-01,2026
Rep Of Ireland,2022,2,Feb,2022-02-01,49
Russian Federation,2022,2,Feb,2022-02-01,49
Saudi Arabia,2022,2,Feb,2022-02-01,29
South Africa (Rep Of),2022,2,Feb,2022-02-01,23
South Asia,2022,2,Feb,2022-02-01,20077
South Korea,2022,2,Feb,2022-02-01,1972
Southeast Asia,2022,2,Feb,2022-02-01,18760
Spain,2022,2,Feb,2022-02-01,228
Sri Lanka,2022,2,Feb,2022-02-01,885
Sweden,2022,2,Feb,2022-02-01,237
Switzerland,2022,2,Feb,2022-02-01,576
Taiwan,2022,2,Feb,2022-02-01,531
Thailand,2022,2,Feb,2022-02-01,1622
Total International Visitor Arrivals By Place Of Residence,2022,2,Feb,2022-02-01,67765
USA,2022,2,Feb,2022-02-01,3775
United Arab Emirates,2022,2,Feb,2022-02-01,203
United Kingdom,2022,2,Feb,2022-02-01,3797
Vietnam,2022,2,Feb,2022-02-01,1055
West Asia,2022,2,Feb,2022-02-01,620
Africa,2022,3,Mar,2022-03-01,129
Americas,2022,3,Mar,2022-03-01,6521
Australia,2022,3,Mar,2022-03-01,7883
Bangladesh,2022,3,Mar,2022-03-01,7480
Belgium & Luxembourg,2022,3,Mar,2022-03-01,214
Brunei Darussalam,2022,3,Mar,2022-03-01,280
Canada,2022,3,Mar,2022-03-01,871
China,2022,3,Mar,2022-03-01,4131
Denmark,2022,3,Mar,2022-03-01,438
Egypt,2022,3,Mar,2022-03-01,19
Europe,2022,3,Mar,2022-03-01,14625
Finland,2022,3,Mar,2022-03-01,181
France,2022,3,Mar,2022-03-01,1759
Germany,2022,3,Mar,2022-03-01,2434
Greater China,2022,3,Mar,2022-03-01,8563
Hong Kong SAR,2022,3,Mar,2022-03-01,3774
India,2022,3,Mar,2022-03-01,27531
Indonesia,2022,3,Mar,2022-03-01,13622
Iran,2022,3,Mar,2022-03-01,12
Israel,2022,3,Mar,2022-03-01,321
Italy,2022,3,Mar,2022-03-01,450
Japan,2022,3,Mar,2022-03-01,869
Kuwait,2022,3,Mar,2022-03-01,4
Malaysia,2022,3,Mar,2022-03-01,10610
Mauritius,2022,3,Mar,2022-03-01,5
Myanmar,2022,3,Mar,2022-03-01,3516
Netherlands,2022,3,Mar,2022-03-01,940
New Zealand,2022,3,Mar,2022-03-01,161
North Asia,2022,3,Mar,2022-03-01,3555
Norway,2022,3,Mar,2022-03-01,168
Oceania,2022,3,Mar,2022-03-01,8126
Other Markets In Africa,2022,3,Mar,2022-03-01,56
Other Markets In Americas,2022,3,Mar,2022-03-01,202
Other Markets In Europe,2022,3,Mar,2022-03-01,914
Other Markets In Greater China,2022,3,Mar,2022-03-01,61
Other Markets In North Asia,2022,3,Mar,2022-03-01,0
Other Markets In Oceania,2022,3,Mar,2022-03-01,82
Other Markets In South Asia,2022,3,Mar,2022-03-01,185
Other Markets In Southeast Asia,2022,3,Mar,2022-03-01,922
Other Markets In West Asia,2022,3,Mar,2022-03-01,221
Others,2022,3,Mar,2022-03-01,18
Pakistan,2022,3,Mar,2022-03-01,54
Philippines,2022,3,Mar,2022-03-01,6250
Rep Of Ireland,2022,3,Mar,2022-03-01,105
Russian Federation,2022,3,Mar,2022-03-01,78
Saudi Arabia,2022,3,Mar,2022-03-01,79
South Africa (Rep Of),2022,3,Mar,2022-03-01,49
South Asia,2022,3,Mar,2022-03-01,36779
South Korea,2022,3,Mar,2022-03-01,2686
Southeast Asia,2022,3,Mar,2022-03-01,41170
Spain,2022,3,Mar,2022-03-01,391
Sri Lanka,2022,3,Mar,2022-03-01,1529
Sweden,2022,3,Mar,2022-03-01,337
Switzerland,2022,3,Mar,2022-03-01,718
Taiwan,2022,3,Mar,2022-03-01,597
Thailand,2022,3,Mar,2022-03-01,3038
Total International Visitor Arrivals By Place Of Residence,2022,3,Mar,2022-03-01,121207
USA,2022,3,Mar,2022-03-01,5448
United Arab Emirates,2022,3,Mar,2022-03-01,1084
United Kingdom,2022,3,Mar,2022-03-01,5498
Vietnam,2022,3,Mar,2022-03-01,2932
West Asia,2022,3,Mar,2022-03-01,1721
Africa,2022,4,Apr,2022-04-01,814
Americas,2022,4,Apr,2022-04-01,14729
Australia,2022,4,Apr,2022-04-01,27380
Bangladesh,2022,4,Apr,2022-04-01,7595
Belgium & Luxembourg,2022,4,Apr,2022-04-01,564
Brunei Darussalam,2022,4,Apr,2022-04-01,807
Canada,2022,4,Apr,2022-04-01,2004
China,2022,4,Apr,2022-04-01,5048
Denmark,2022,4,Apr,2022-04-01,1004
Egypt,2022,4,Apr,2022-04-01,34
Europe,2022,4,Apr,2022-04-01,32971
Finland,2022,4,Apr,2022-04-01,448
France,2022,4,Apr,2022-04-01,3744
Germany,2022,4,Apr,2022-04-01,5378
Greater China,2022,4,Apr,2022-04-01,13729
Hong Kong SAR,2022,4,Apr,2022-04-01,7244
India,2022,4,Apr,2022-04-01,41079
Indonesia,2022,4,Apr,2022-04-01,58330
Iran,2022,4,Apr,2022-04-01,21
Israel,2022,4,Apr,2022-04-01,703
Italy,2022,4,Apr,2022-04-01,933
Japan,2022,4,Apr,2022-04-01,4343
Kuwait,2022,4,Apr,2022-04-01,52
Malaysia,2022,4,Apr,2022-04-01,25319
Mauritius,2022,4,Apr,2022-04-01,53
Myanmar,2022,4,Apr,2022-04-01,5474
Netherlands,2022,4,Apr,2022-04-01,2391
New Zealand,2022,4,Apr,2022-04-01,1448
North Asia,2022,4,Apr,2022-04-01,9940
Norway,2022,4,Apr,2022-04-01,617
Oceania,2022,4,Apr,2022-04-01,29323
Other Markets In Africa,2022,4,Apr,2022-04-01,343
Other Markets In Americas,2022,4,Apr,2022-04-01,724
Other Markets In Europe,2022,4,Apr,2022-04-01,2862
Other Markets In Greater China,2022,4,Apr,2022-04-01,385
Other Markets In North Asia,2022,4,Apr,2022-04-01,19
Other Markets In Oceania,2022,4,Apr,2022-04-01,495
Other Markets In South Asia,2022,4,Apr,2022-04-01,522
Other Markets In Southeast Asia,2022,4,Apr,2022-04-01,3120
Other Markets In West Asia,2022,4,Apr,2022-04-01,481
Others,2022,4,Apr,2022-04-01,27
Pakistan,2022,4,Apr,2022-04-01,147
Philippines,2022,4,Apr,2022-04-01,16940
Rep Of Ireland,2022,4,Apr,2022-04-01,381
Russian Federation,2022,4,Apr,2022-04-01,181
Saudi Arabia,2022,4,Apr,2022-04-01,201
South Africa (Rep Of),2022,4,Apr,2022-04-01,384
South Asia,2022,4,Apr,2022-04-01,52271
South Korea,2022,4,Apr,2022-04-01,5578
Southeast Asia,2022,4,Apr,2022-04-01,137294
Spain,2022,4,Apr,2022-04-01,1137
Sri Lanka,2022,4,Apr,2022-04-01,2928
Sweden,2022,4,Apr,2022-04-01,635
Switzerland,2022,4,Apr,2022-04-01,1885
Taiwan,2022,4,Apr,2022-04-01,1052
Thailand,2022,4,Apr,2022-04-01,10647
Total International Visitor Arrivals By Place Of Residence,2022,4,Apr,2022-04-01,295095
USA,2022,4,Apr,2022-04-01,12001
United Arab Emirates,2022,4,Apr,2022-04-01,2539
United Kingdom,2022,4,Apr,2022-04-01,10811
Vietnam,2022,4,Apr,2022-04-01,16657
West Asia,2022,4,Apr,2022-04-01,3997
Africa,2022,5,May,2022-05-01,1300
Americas,2022,5,May,2022-05-01,25106
Australia,2022,5,May,2022-05-01,31406
Bangladesh,2022,5,May,2022-05-01,6352
Belgium & Luxembourg,2022,5,May,2022-05-01,765
Brunei Darussalam,2022,5,May,2022-05-01,2271
Canada,2022,5,May,2022-05-01,3604
China,2022,5,May,2022-05-01,7150
Denmark,2022,5,May,2022-05-01,898
Egypt,2022,5,May,2022-05-01,62
Europe,2022,5,May,2022-05-01,42110
Finland,2022,5,May,2022-05-01,588
France,2022,5,May,2022-05-01,5068
Germany,2022,5,May,2022-05-01,7034
Greater China,2022,5,May,2022-05-01,17723
Hong Kong SAR,2022,5,May,2022-05-01,8115
India,2022,5,May,2022-05-01,59198
Indonesia,2022,5,May,2022-05-01,86745
Iran,2022,5,May,2022-05-01,127
Israel,2022,5,May,2022-05-01,930
Italy,2022,5,May,2022-05-01,1372
Japan,2022,5,May,2022-05-01,6321
Kuwait,2022,5,May,2022-05-01,115
Malaysia,2022,5,May,2022-05-01,43214
Mauritius,2022,5,May,2022-05-01,95
Myanmar,2022,5,May,2022-05-01,6218
Netherlands,2022,5,May,2022-05-01,3362
New Zealand,2022,5,May,2022-05-01,3061
North Asia,2022,5,May,2022-05-01,16953
Norway,2022,5,May,2022-05-01,745
Oceania,2022,5,May,2022-05-01,35326
Other Markets In Africa,2022,5,May,2022-05-01,544
Other Markets In Americas,2022,5,May,2022-05-01,1738
Other Markets In Europe,2022,5,May,2022-05-01,4533
Other Markets In Greater China,2022,5,May,2022-05-01,497
Other Markets In North Asia,2022,5,May,2022-05-01,18
Other Markets In Oceania,2022,5,May,2022-05-01,859
Other Markets In South Asia,2022,5,May,2022-05-01,1221
Other Markets In Southeast Asia,2022,5,May,2022-05-01,3772
Other Markets In West Asia,2022,5,May,2022-05-01,731
Others,2022,5,May,2022-05-01,23
Pakistan,2022,5,May,2022-05-01,448
Philippines,2022,5,May,2022-05-01,22379
Rep Of Ireland,2022,5,May,2022-05-01,625
Russian Federation,2022,5,May,2022-05-01,218
Saudi Arabia,2022,5,May,2022-05-01,333
South Africa (Rep Of),2022,5,May,2022-05-01,599
South Asia,2022,5,May,2022-05-01,69978
South Korea,2022,5,May,2022-05-01,10614
Southeast Asia,2022,5,May,2022-05-01,204656
Spain,2022,5,May,2022-05-01,1291
Sri Lanka,2022,5,May,2022-05-01,2759
Sweden,2022,5,May,2022-05-01,720
Switzerland,2022,5,May,2022-05-01,2154
Taiwan,2022,5,May,2022-05-01,1961
Thailand,2022,5,May,2022-05-01,18487
Total International Visitor Arrivals By Place Of Residence,2022,5,May,2022-05-01,418458
USA,2022,5,May,2022-05-01,19764
United Arab Emirates,2022,5,May,2022-05-01,3047
United Kingdom,2022,5,May,2022-05-01,12737
Vietnam,2022,5,May,2022-05-01,21570
West Asia,2022,5,May,2022-05-01,5283
Africa,2022,6,Jun,2022-06-01,2184
Americas,2022,6,Jun,2022-06-01,36723
Australia,2022,6,Jun,2022-06-01,50412
Bangladesh,2022,6,Jun,2022-06-01,7352
Belgium & Luxembourg,2022,6,Jun,2022-06-01,885
Brunei Darussalam,2022,6,Jun,2022-06-01,2202
Canada,2022,6,Jun,2022-06-01,3651
China,2022,6,Jun,2022-06-01,10191
Denmark,2022,6,Jun,2022-06-01,1098
Egypt,2022,6,Jun,2022-06-01,132
Europe,2022,6,Jun,2022-06-01,48879
Finland,2022,6,Jun,2022-06-01,710
France,2022,6,Jun,2022-06-01,5501
Germany,2022,6,Jun,2022-06-01,8868
Greater China,2022,6,Jun,2022-06-01,23566
Hong Kong SAR,2022,6,Jun,2022-06-01,9220
India,2022,6,Jun,2022-06-01,64337
Indonesia,2022,6,Jun,2022-06-01,110094
Iran,2022,6,Jun,2022-06-01,169
Israel,2022,6,Jun,2022-06-01,753
Italy,2022,6,Jun,2022-06-01,1656
Japan,2022,6,Jun,2022-06-01,8386
Kuwait,2022,6,Jun,2022-06-01,281
Malaysia,2022,6,Jun,2022-06-01,49878
Mauritius,2022,6,Jun,2022-06-01,110
Myanmar,2022,6,Jun,2022-06-01,9095
Netherlands,2022,6,Jun,2022-06-01,3165
New Zealand,2022,6,Jun,2022-06-01,3909
North Asia,2022,6,Jun,2022-06-01,25153
Norway,2022,6,Jun,2022-06-01,1079
Oceania,2022,6,Jun,2022-06-01,55574
Other Markets In Africa,2022,6,Jun,2022-06-01,1004
Other Markets In Americas,2022,6,Jun,2022-06-01,2082
Other Markets In Europe,2022,6,Jun,2022-06-01,5120
Other Markets In Greater China,2022,6,Jun,2022-06-01,853
Other Markets In North Asia,2022,6,Jun,2022-06-01,43
Other Markets In Oceania,2022,6,Jun,2022-06-01,1253
Other Markets In South Asia,2022,6,Jun,2022-06-01,1270
Other Markets In Southeast Asia,2022,6,Jun,2022-06-01,5417
Other Markets In West Asia,2022,6,Jun,2022-06-01,1066
Others,2022,6,Jun,2022-06-01,60
Pakistan,2022,6,Jun,2022-06-01,999
Philippines,2022,6,Jun,2022-06-01,32139
Rep Of Ireland,2022,6,Jun,2022-06-01,869
Russian Federation,2022,6,Jun,2022-06-01,308
Saudi Arabia,2022,6,Jun,2022-06-01,558
South Africa (Rep Of),2022,6,Jun,2022-06-01,938
South Asia,2022,6,Jun,2022-06-01,76667
South Korea,2022,6,Jun,2022-06-01,16724
Southeast Asia,2022,6,Jun,2022-06-01,269088
Spain,2022,6,Jun,2022-06-01,1603
Sri Lanka,2022,6,Jun,2022-06-01,2709
Sweden,2022,6,Jun,2022-06-01,942
Switzerland,2022,6,Jun,2022-06-01,2169
Taiwan,2022,6,Jun,2022-06-01,3302
Thailand,2022,6,Jun,2022-06-01,23406
Total International Visitor Arrivals By Place Of Residence,2022,6,Jun,2022-06-01,543733
USA,2022,6,Jun,2022-06-01,30990
United Arab Emirates,2022,6,Jun,2022-06-01,3012
United Kingdom,2022,6,Jun,2022-06-01,14906
Vietnam,2022,6,Jun,2022-06-01,36857
West Asia,2022,6,Jun,2022-06-01,5839
Africa,2022,7,Jul,2022-07-01,2582
Americas,2022,7,Jul,2022-07-01,47365
Australia,2022,7,Jul,2022-07-01,68378
Bangladesh,2022,7,Jul,2022-07-01,13119
Belgium & Luxembourg,2022,7,Jul,2022-07-01,2206
Brunei Darussalam,2022,7,Jul,2022-07-01,3239
Canada,2022,7,Jul,2022-07-01,5268
China,2022,7,Jul,2022-07-01,16622
Denmark,2022,7,Jul,2022-07-01,2634
Egypt,2022,7,Jul,2022-07-01,164
Europe,2022,7,Jul,2022-07-01,83308
Finland,2022,7,Jul,2022-07-01,894
France,2022,7,Jul,2022-07-01,10598
Germany,2022,7,Jul,2022-07-01,12345
Greater China,2022,7,Jul,2022-07-01,35493
Hong Kong SAR,2022,7,Jul,2022-07-01,11343
India,2022,7,Jul,2022-07-01,75130
Indonesia,2022,7,Jul,2022-07-01,119086
Iran,2022,7,Jul,2022-07-01,135
Israel,2022,7,Jul,2022-07-01,1145
Italy,2022,7,Jul,2022-07-01,3366
Japan,2022,7,Jul,2022-07-01,12266
Kuwait,2022,7,Jul,2022-07-01,747
Malaysia,2022,7,Jul,2022-07-01,61575
Mauritius,2022,7,Jul,2022-07-01,196
Myanmar,2022,7,Jul,2022-07-01,10398
Netherlands,2022,7,Jul,2022-07-01,7135
New Zealand,2022,7,Jul,2022-07-01,7264
North Asia,2022,7,Jul,2022-07-01,40886
Norway,2022,7,Jul,2022-07-01,2067
Oceania,2022,7,Jul,2022-07-01,77575
Other Markets In Africa,2022,7,Jul,2022-07-01,941
Other Markets In Americas,2022,7,Jul,2022-07-01,2977
Other Markets In Europe,2022,7,Jul,2022-07-01,8163
Other Markets In Greater China,2022,7,Jul,2022-07-01,1424
Other Markets In North Asia,2022,7,Jul,2022-07-01,50
Other Markets In Oceania,2022,7,Jul,2022-07-01,1933
Other Markets In South Asia,2022,7,Jul,2022-07-01,2291
Other Markets In Southeast Asia,2022,7,Jul,2022-07-01,7040
Other Markets In West Asia,2022,7,Jul,2022-07-01,2535
Others,2022,7,Jul,2022-07-01,65
Pakistan,2022,7,Jul,2022-07-01,1405
Philippines,2022,7,Jul,2022-07-01,45338
Rep Of Ireland,2022,7,Jul,2022-07-01,1483
Russian Federation,2022,7,Jul,2022-07-01,452
Saudi Arabia,2022,7,Jul,2022-07-01,1417
South Africa (Rep Of),2022,7,Jul,2022-07-01,1281
South Asia,2022,7,Jul,2022-07-01,95003
South Korea,2022,7,Jul,2022-07-01,28570
Southeast Asia,2022,7,Jul,2022-07-01,332161
Spain,2022,7,Jul,2022-07-01,3331
Sri Lanka,2022,7,Jul,2022-07-01,3058
Sweden,2022,7,Jul,2022-07-01,1394
Switzerland,2022,7,Jul,2022-07-01,4747
Taiwan,2022,7,Jul,2022-07-01,6104
Thailand,2022,7,Jul,2022-07-01,36615
Total International Visitor Arrivals By Place Of Residence,2022,7,Jul,2022-07-01,726739
USA,2022,7,Jul,2022-07-01,39120
United Arab Emirates,2022,7,Jul,2022-07-01,6322
United Kingdom,2022,7,Jul,2022-07-01,22493
Vietnam,2022,7,Jul,2022-07-01,48870
West Asia,2022,7,Jul,2022-07-01,12301
Africa,2022,8,Aug,2022-08-01,2903
Americas,2022,8,Aug,2022-08-01,44100
Australia,2022,8,Aug,2022-08-01,56917
Bangladesh,2022,8,Aug,2022-08-01,10828
Belgium & Luxembourg,2022,8,Aug,2022-08-01,2256
Brunei Darussalam,2022,8,Aug,2022-08-01,3426
Canada,2022,8,Aug,2022-08-01,6116
China,2022,8,Aug,2022-08-01,14735
Denmark,2022,8,Aug,2022-08-01,1608
Egypt,2022,8,Aug,2022-08-01,197
Europe,2022,8,Aug,2022-08-01,110258
Finland,2022,8,Aug,2022-08-01,628
France,2022,8,Aug,2022-08-01,16618
Germany,2022,8,Aug,2022-08-01,16917
Greater China,2022,8,Aug,2022-08-01,33996
Hong Kong SAR,2022,8,Aug,2022-08-01,10669
India,2022,8,Aug,2022-08-01,76249
Indonesia,2022,8,Aug,2022-08-01,108252
Iran,2022,8,Aug,2022-08-01,122
Israel,2022,8,Aug,2022-08-01,1199
Italy,2022,8,Aug,2022-08-01,9544
Japan,2022,8,Aug,2022-08-01,19153
Kuwait,2022,8,Aug,2022-08-01,1053
Malaysia,2022,8,Aug,2022-08-01,63905
Mauritius,2022,8,Aug,2022-08-01,198
Myanmar,2022,8,Aug,2022-08-01,8594
Netherlands,2022,8,Aug,2022-08-01,8174
New Zealand,2022,8,Aug,2022-08-01,7107
North Asia,2022,8,Aug,2022-08-01,50394
Norway,2022,8,Aug,2022-08-01,1432
Oceania,2022,8,Aug,2022-08-01,65622
Other Markets In Africa,2022,8,Aug,2022-08-01,1275
Other Markets In Americas,2022,8,Aug,2022-08-01,3487
Other Markets In Europe,2022,8,Aug,2022-08-01,11227
Other Markets In Greater China,2022,8,Aug,2022-08-01,1172
Other Markets In North Asia,2022,8,Aug,2022-08-01,67
Other Markets In Oceania,2022,8,Aug,2022-08-01,1598
Other Markets In South Asia,2022,8,Aug,2022-08-01,1889
Other Markets In Southeast Asia,2022,8,Aug,2022-08-01,6878
Other Markets In West Asia,2022,8,Aug,2022-08-01,1703
Others,2022,8,Aug,2022-08-01,85
Pakistan,2022,8,Aug,2022-08-01,1458
Philippines,2022,8,Aug,2022-08-01,42542
Rep Of Ireland,2022,8,Aug,2022-08-01,1482
Russian Federation,2022,8,Aug,2022-08-01,484
Saudi Arabia,2022,8,Aug,2022-08-01,1190
South Africa (Rep Of),2022,8,Aug,2022-08-01,1233
South Asia,2022,8,Aug,2022-08-01,94325
South Korea,2022,8,Aug,2022-08-01,31174
Southeast Asia,2022,8,Aug,2022-08-01,315820
Spain,2022,8,Aug,2022-08-01,6867
Sri Lanka,2022,8,Aug,2022-08-01,3901
Sweden,2022,8,Aug,2022-08-01,1075
Switzerland,2022,8,Aug,2022-08-01,4335
Taiwan,2022,8,Aug,2022-08-01,7420
Thailand,2022,8,Aug,2022-08-01,33284
Total International Visitor Arrivals By Place Of Residence,2022,8,Aug,2022-08-01,728744
USA,2022,8,Aug,2022-08-01,34497
United Arab Emirates,2022,8,Aug,2022-08-01,5974
United Kingdom,2022,8,Aug,2022-08-01,27611
Vietnam,2022,8,Aug,2022-08-01,48939
West Asia,2022,8,Aug,2022-08-01,11241
Africa,2022,9,Sep,2022-09-01,3713
Americas,2022,9,Sep,2022-09-01,46342
Australia,2022,9,Sep,2022-09-01,83070
Bangladesh,2022,9,Sep,2022-09-01,10694
Belgium & Luxembourg,2022,9,Sep,2022-09-01,2190
Brunei Darussalam,2022,9,Sep,2022-09-01,3809
Canada,2022,9,Sep,2022-09-01,6594
China,2022,9,Sep,2022-09-01,14127
Denmark,2022,9,Sep,2022-09-01,2070
Egypt,2022,9,Sep,2022-09-01,255
Europe,2022,9,Sep,2022-09-01,100653
Finland,2022,9,Sep,2022-09-01,1122
France,2022,9,Sep,2022-09-01,10200
Germany,2022,9,Sep,2022-09-01,17810
Greater China,2022,9,Sep,2022-09-01,36676
Hong Kong SAR,2022,9,Sep,2022-09-01,13659
India,2022,9,Sep,2022-09-01,86393
Indonesia,2022,9,Sep,2022-09-01,120169
Iran,2022,9,Sep,2022-09-01,184
Israel,2022,9,Sep,2022-09-01,1990
Italy,2022,9,Sep,2022-09-01,4994
Japan,2022,9,Sep,2022-09-01,19317
Kuwait,2022,9,Sep,2022-09-01,468
Malaysia,2022,9,Sep,2022-09-01,81914
Mauritius,2022,9,Sep,2022-09-01,210
Myanmar,2022,9,Sep,2022-09-01,8341
Netherlands,2022,9,Sep,2022-09-01,6814
New Zealand,2022,9,Sep,2022-09-01,8796
North Asia,2022,9,Sep,2022-09-01,45900
Norway,2022,9,Sep,2022-09-01,1311
Oceania,2022,9,Sep,2022-09-01,94039
Other Markets In Africa,2022,9,Sep,2022-09-01,1299
Other Markets In Americas,2022,9,Sep,2022-09-01,5245
Other Markets In Europe,2022,9,Sep,2022-09-01,11336
Other Markets In Greater China,2022,9,Sep,2022-09-01,972
Other Markets In North Asia,2022,9,Sep,2022-09-01,63
Other Markets In Oceania,2022,9,Sep,2022-09-01,2173
Other Markets In South Asia,2022,9,Sep,2022-09-01,1900
Other Markets In Southeast Asia,2022,9,Sep,2022-09-01,7725
Other Markets In West Asia,2022,9,Sep,2022-09-01,1375
Others,2022,9,Sep,2022-09-01,97
Pakistan,2022,9,Sep,2022-09-01,1199
Philippines,2022,9,Sep,2022-09-01,44856
Rep Of Ireland,2022,9,Sep,2022-09-01,1592
Russian Federation,2022,9,Sep,2022-09-01,756
Saudi Arabia,2022,9,Sep,2022-09-01,813
South Africa (Rep Of),2022,9,Sep,2022-09-01,1949
South Asia,2022,9,Sep,2022-09-01,104616
South Korea,2022,9,Sep,2022-09-01,26520
Southeast Asia,2022,9,Sep,2022-09-01,340369
Spain,2022,9,Sep,2022-09-01,4841
Sri Lanka,2022,9,Sep,2022-09-01,4430
Sweden,2022,9,Sep,2022-09-01,1429
Switzerland,2022,9,Sep,2022-09-01,4225
Taiwan,2022,9,Sep,2022-09-01,7918
Thailand,2022,9,Sep,2022-09-01,32426
Total International Visitor Arrivals By Place Of Residence,2022,9,Sep,2022-09-01,782215
USA,2022,9,Sep,2022-09-01,34503
United Arab Emirates,2022,9,Sep,2022-09-01,4980
United Kingdom,2022,9,Sep,2022-09-01,29963
Vietnam,2022,9,Sep,2022-09-01,41129
West Asia,2022,9,Sep,2022-09-01,9810
Africa,2022,10,Oct,2022-10-01,3738
Americas,2022,10,Oct,2022-10-01,49922
Australia,2022,10,Oct,2022-10-01,73728
Bangladesh,2022,10,Oct,2022-10-01,10975
Belgium & Luxembourg,2022,10,Oct,2022-10-01,1730
Brunei Darussalam,2022,10,Oct,2022-10-01,3733
Canada,2022,10,Oct,2022-10-01,7217
China,2022,10,Oct,2022-10-01,14971
Denmark,2022,10,Oct,2022-10-01,2340
Egypt,2022,10,Oct,2022-10-01,259
Europe,2022,10,Oct,2022-10-01,103897
Finland,2022,10,Oct,2022-10-01,1759
France,2022,10,Oct,2022-10-01,10665
Germany,2022,10,Oct,2022-10-01,18184
Greater China,2022,10,Oct,2022-10-01,42415
Hong Kong SAR,2022,10,Oct,2022-10-01,16052
India,2022,10,Oct,2022-10-01,81796
Indonesia,2022,10,Oct,2022-10-01,133408
Iran,2022,10,Oct,2022-10-01,232
Israel,2022,10,Oct,2022-10-01,2186
Italy,2022,10,Oct,2022-10-01,3697
Japan,2022,10,Oct,2022-10-01,17459
Kuwait,2022,10,Oct,2022-10-01,222
Malaysia,2022,10,Oct,2022-10-01,77092
Mauritius,2022,10,Oct,2022-10-01,226
Myanmar,2022,10,Oct,2022-10-01,9078
Netherlands,2022,10,Oct,2022-10-01,6523
New Zealand,2022,10,Oct,2022-10-01,8742
North Asia,2022,10,Oct,2022-10-01,45806
Norway,2022,10,Oct,2022-10-01,1771
Oceania,2022,10,Oct,2022-10-01,85122
Other Markets In Africa,2022,10,Oct,2022-10-01,1688
Other Markets In Americas,2022,10,Oct,2022-10-01,5971
Other Markets In Europe,2022,10,Oct,2022-10-01,12751
Other Markets In Greater China,2022,10,Oct,2022-10-01,849
Other Markets In North Asia,2022,10,Oct,2022-10-01,53
Other Markets In Oceania,2022,10,Oct,2022-10-01,2652
Other Markets In South Asia,2022,10,Oct,2022-10-01,2540
Other Markets In Southeast Asia,2022,10,Oct,2022-10-01,6353
Other Markets In West Asia,2022,10,Oct,2022-10-01,1333
Others,2022,10,Oct,2022-10-01,114
Pakistan,2022,10,Oct,2022-10-01,1492
Philippines,2022,10,Oct,2022-10-01,56747
Rep Of Ireland,2022,10,Oct,2022-10-01,1530
Russian Federation,2022,10,Oct,2022-10-01,1312
Saudi Arabia,2022,10,Oct,2022-10-01,738
South Africa (Rep Of),2022,10,Oct,2022-10-01,1565
South Asia,2022,10,Oct,2022-10-01,101510
South Korea,2022,10,Oct,2022-10-01,28294
Southeast Asia,2022,10,Oct,2022-10-01,374927
Spain,2022,10,Oct,2022-10-01,3987
Sri Lanka,2022,10,Oct,2022-10-01,4707
Sweden,2022,10,Oct,2022-10-01,1913
Switzerland,2022,10,Oct,2022-10-01,5491
Taiwan,2022,10,Oct,2022-10-01,10543
Thailand,2022,10,Oct,2022-10-01,52274
Total International Visitor Arrivals By Place Of Residence,2022,10,Oct,2022-10-01,816833
USA,2022,10,Oct,2022-10-01,36734
United Arab Emirates,2022,10,Oct,2022-10-01,4671
United Kingdom,2022,10,Oct,2022-10-01,30244
Vietnam,2022,10,Oct,2022-10-01,36242
West Asia,2022,10,Oct,2022-10-01,9382
Africa,2022,11,Nov,2022-11-01,4266
Americas,2022,11,Nov,2022-11-01,61086
Australia,2022,11,Nov,2022-11-01,69046
Bangladesh,2022,11,Nov,2022-11-01,10481
Belgium & Luxembourg,2022,11,Nov,2022-11-01,1965
Brunei Darussalam,2022,11,Nov,2022-11-01,4273
Canada,2022,11,Nov,2022-11-01,9638
China,2022,11,Nov,2022-11-01,16024
Denmark,2022,11,Nov,2022-11-01,2014
Egypt,2022,11,Nov,2022-11-01,283
Europe,2022,11,Nov,2022-11-01,109366
Finland,2022,11,Nov,2022-11-01,1810
France,2022,11,Nov,2022-11-01,10546
Germany,2022,11,Nov,2022-11-01,18279
Greater China,2022,11,Nov,2022-11-01,49506
Hong Kong SAR,2022,11,Nov,2022-11-01,19670
India,2022,11,Nov,2022-11-01,73694
Indonesia,2022,11,Nov,2022-11-01,144444
Iran,2022,11,Nov,2022-11-01,232
Israel,2022,11,Nov,2022-11-01,1403
Italy,2022,11,Nov,2022-11-01,3775
Japan,2022,11,Nov,2022-11-01,22698
Kuwait,2022,11,Nov,2022-11-01,229
Malaysia,2022,11,Nov,2022-11-01,72305
Mauritius,2022,11,Nov,2022-11-01,663
Myanmar,2022,11,Nov,2022-11-01,9070
Netherlands,2022,11,Nov,2022-11-01,5853
New Zealand,2022,11,Nov,2022-11-01,7289
North Asia,2022,11,Nov,2022-11-01,54365
Norway,2022,11,Nov,2022-11-01,1728
Oceania,2022,11,Nov,2022-11-01,78869
Other Markets In Africa,2022,11,Nov,2022-11-01,1729
Other Markets In Americas,2022,11,Nov,2022-11-01,5782
Other Markets In Europe,2022,11,Nov,2022-11-01,14971
Other Markets In Greater China,2022,11,Nov,2022-11-01,1220
Other Markets In North Asia,2022,11,Nov,2022-11-01,40
Other Markets In Oceania,2022,11,Nov,2022-11-01,2534
Other Markets In South Asia,2022,11,Nov,2022-11-01,1667
Other Markets In Southeast Asia,2022,11,Nov,2022-11-01,8631
Other Markets In West Asia,2022,11,Nov,2022-11-01,1302
Others,2022,11,Nov,2022-11-01,105
Pakistan,2022,11,Nov,2022-11-01,1643
Philippines,2022,11,Nov,2022-11-01,54793
Rep Of Ireland,2022,11,Nov,2022-11-01,1567
Russian Federation,2022,11,Nov,2022-11-01,2408
Saudi Arabia,2022,11,Nov,2022-11-01,1085
South Africa (Rep Of),2022,11,Nov,2022-11-01,1591
South Asia,2022,11,Nov,2022-11-01,91381
South Korea,2022,11,Nov,2022-11-01,31627
Southeast Asia,2022,11,Nov,2022-11-01,358257
Spain,2022,11,Nov,2022-11-01,3939
Sri Lanka,2022,11,Nov,2022-11-01,3896
Sweden,2022,11,Nov,2022-11-01,2091
Switzerland,2022,11,Nov,2022-11-01,5151
Taiwan,2022,11,Nov,2022-11-01,12592
Thailand,2022,11,Nov,2022-11-01,34566
Total International Visitor Arrivals By Place Of Residence,2022,11,Nov,2022-11-01,816340
USA,2022,11,Nov,2022-11-01,45666
United Arab Emirates,2022,11,Nov,2022-11-01,4888
United Kingdom,2022,11,Nov,2022-11-01,33269
Vietnam,2022,11,Nov,2022-11-01,30175
West Asia,2022,11,Nov,2022-11-01,9139
Africa,2022,12,Dec,2022-12-01,6334
Americas,2022,12,Dec,2022-12-01,67342
Australia,2022,12,Dec,2022-12-01,89159
Bangladesh,2022,12,Dec,2022-12-01,9857
Belgium & Luxembourg,2022,12,Dec,2022-12-01,1458
Brunei Darussalam,2022,12,Dec,2022-12-01,7324
Canada,2022,12,Dec,2022-12-01,9047
China,2022,12,Dec,2022-12-01,19685
Denmark,2022,12,Dec,2022-12-01,1769
Egypt,2022,12,Dec,2022-12-01,220
Europe,2022,12,Dec,2022-12-01,102982
Finland,2022,12,Dec,2022-12-01,1391
France,2022,12,Dec,2022-12-01,8554
Germany,2022,12,Dec,2022-12-01,20499
Greater China,2022,12,Dec,2022-12-01,60836
Hong Kong SAR,2022,12,Dec,2022-12-01,26605
India,2022,12,Dec,2022-12-01,74067
Indonesia,2022,12,Dec,2022-12-01,197261
Iran,2022,12,Dec,2022-12-01,126
Israel,2022,12,Dec,2022-12-01,916
Italy,2022,12,Dec,2022-12-01,2777
Japan,2022,12,Dec,2022-12-01,20209
Kuwait,2022,12,Dec,2022-12-01,476
Malaysia,2022,12,Dec,2022-12-01,95475
Mauritius,2022,12,Dec,2022-12-01,643
Myanmar,2022,12,Dec,2022-12-01,10523
Netherlands,2022,12,Dec,2022-12-01,5634
New Zealand,2022,12,Dec,2022-12-01,9139
North Asia,2022,12,Dec,2022-12-01,52077
Norway,2022,12,Dec,2022-12-01,1610
Oceania,2022,12,Dec,2022-12-01,101182
Other Markets In Africa,2022,12,Dec,2022-12-01,2100
Other Markets In Americas,2022,12,Dec,2022-12-01,4607
Other Markets In Europe,2022,12,Dec,2022-12-01,11795
Other Markets In Greater China,2022,12,Dec,2022-12-01,1943
Other Markets In North Asia,2022,12,Dec,2022-12-01,51
Other Markets In Oceania,2022,12,Dec,2022-12-01,2884
Other Markets In South Asia,2022,12,Dec,2022-12-01,1913
Other Markets In Southeast Asia,2022,12,Dec,2022-12-01,8097
Other Markets In West Asia,2022,12,Dec,2022-12-01,1665
Others,2022,12,Dec,2022-12-01,95
Pakistan,2022,12,Dec,2022-12-01,1623
Philippines,2022,12,Dec,2022-12-01,56509
Rep Of Ireland,2022,12,Dec,2022-12-01,1359
Russian Federation,2022,12,Dec,2022-12-01,3503
Saudi Arabia,2022,12,Dec,2022-12-01,689
South Africa (Rep Of),2022,12,Dec,2022-12-01,3371
South Asia,2022,12,Dec,2022-12-01,91730
South Korea,2022,12,Dec,2022-12-01,31817
Southeast Asia,2022,12,Dec,2022-12-01,438856
Spain,2022,12,Dec,2022-12-01,2604
Sri Lanka,2022,12,Dec,2022-12-01,4270
Sweden,2022,12,Dec,2022-12-01,2510
Switzerland,2022,12,Dec,2022-12-01,4468
Taiwan,2022,12,Dec,2022-12-01,12603
Thailand,2022,12,Dec,2022-12-01,36006
Total International Visitor Arrivals By Place Of Residence,2022,12,Dec,2022-12-01,931441
USA,2022,12,Dec,2022-12-01,53688
United Arab Emirates,2022,12,Dec,2022-12-01,6135
United Kingdom,2022,12,Dec,2022-12-01,33051
Vietnam,2022,12,Dec,2022-12-01,27661
West Asia,2022,12,Dec,2022-12-01,10007
Africa,2023,1,Jan,2023-01-01,4182
Americas,2023,1,Jan,2023-01-01,67902
Australia,2023,1,Jan,2023-01-01,102888
Bangladesh,2023,1,Jan,2023-01-01,8789
Belgium & Luxembourg,2023,1,Jan,2023-01-01,1707
Brunei Darussalam,2023,1,Jan,2023-01-01,3653
Canada,2023,1,Jan,2023-01-01,11207
China,2023,1,Jan,2023-01-01,28375
Denmark,2023,1,Jan,2023-01-01,2674
Egypt,2023,1,Jan,2023-01-01,192
Europe,2023,1,Jan,2023-01-01,131839
Finland,2023,1,Jan,2023-01-01,2247
France,2023,1,Jan,2023-01-01,9873
Germany,2023,1,Jan,2023-01-01,26678
Greater China,2023,1,Jan,2023-01-01,89388
Hong Kong SAR,2023,1,Jan,2023-01-01,26208
India,2023,1,Jan,2023-01-01,56605
Indonesia,2023,1,Jan,2023-01-01,168975
Iran,2023,1,Jan,2023-01-01,156
Israel,2023,1,Jan,2023-01-01,1342
Italy,2023,1,Jan,2023-01-01,4082
Japan,2023,1,Jan,2023-01-01,18335
Kuwait,2023,1,Jan,2023-01-01,672
Malaysia,2023,1,Jan,2023-01-01,72756
Mauritius,2023,1,Jan,2023-01-01,418
Myanmar,2023,1,Jan,2023-01-01,8982
Netherlands,2023,1,Jan,2023-01-01,6430
New Zealand,2023,1,Jan,2023-01-01,10766
North Asia,2023,1,Jan,2023-01-01,78923
Norway,2023,1,Jan,2023-01-01,1891
Oceania,2023,1,Jan,2023-01-01,116794
Other Markets In Africa,2023,1,Jan,2023-01-01,1343
Other Markets In Americas,2023,1,Jan,2023-01-01,6203
Other Markets In Europe,2023,1,Jan,2023-01-01,18233
Other Markets In Greater China,2023,1,Jan,2023-01-01,3361
Other Markets In North Asia,2023,1,Jan,2023-01-01,131
Other Markets In Oceania,2023,1,Jan,2023-01-01,3140
Other Markets In South Asia,2023,1,Jan,2023-01-01,2302
Other Markets In Southeast Asia,2023,1,Jan,2023-01-01,7846
Other Markets In West Asia,2023,1,Jan,2023-01-01,1404
Others,2023,1,Jan,2023-01-01,120
Pakistan,2023,1,Jan,2023-01-01,1452
Philippines,2023,1,Jan,2023-01-01,38484
Rep Of Ireland,2023,1,Jan,2023-01-01,1767
Russian Federation,2023,1,Jan,2023-01-01,6637
Saudi Arabia,2023,1,Jan,2023-01-01,532
South Africa (Rep Of),2023,1,Jan,2023-01-01,2229
South Asia,2023,1,Jan,2023-01-01,72231
South Korea,2023,1,Jan,2023-01-01,60457
Southeast Asia,2023,1,Jan,2023-01-01,362255
Spain,2023,1,Jan,2023-01-01,3229
Sri Lanka,2023,1,Jan,2023-01-01,3083
Sweden,2023,1,Jan,2023-01-01,3234
Switzerland,2023,1,Jan,2023-01-01,5034
Taiwan,2023,1,Jan,2023-01-01,31444
Thailand,2023,1,Jan,2023-01-01,29735
Total International Visitor Arrivals By Place Of Residence,2023,1,Jan,2023-01-01,931814
USA,2023,1,Jan,2023-01-01,50492
United Arab Emirates,2023,1,Jan,2023-01-01,4074
United Kingdom,2023,1,Jan,2023-01-01,38123
Vietnam,2023,1,Jan,2023-01-01,31824
West Asia,2023,1,Jan,2023-01-01,8180
Africa,2023,2,Feb,2023-02-01,4073
Americas,2023,2,Feb,2023-02-01,72702
Australia,2023,2,Feb,2023-02-01,72385
Bangladesh,2023,2,Feb,2023-02-01,8006
Belgium & Luxembourg,2023,2,Feb,2023-02-01,2079
Brunei Darussalam,2023,2,Feb,2023-02-01,4739
Canada,2023,2,Feb,2023-02-01,13407
China,2023,2,Feb,2023-02-01,35312
Denmark,2023,2,Feb,2023-02-01,3216
Egypt,2023,2,Feb,2023-02-01,205
Europe,2023,2,Feb,2023-02-01,156384
Finland,2023,2,Feb,2023-02-01,2312
France,2023,2,Feb,2023-02-01,13722
Germany,2023,2,Feb,2023-02-01,31063
Greater China,2023,2,Feb,2023-02-01,82278
Hong Kong SAR,2023,2,Feb,2023-02-01,20227
India,2023,2,Feb,2023-02-01,61301
Indonesia,2023,2,Feb,2023-02-01,156448
Iran,2023,2,Feb,2023-02-01,175
Israel,2023,2,Feb,2023-02-01,1510
Italy,2023,2,Feb,2023-02-01,4861
Japan,2023,2,Feb,2023-02-01,32932
Kuwait,2023,2,Feb,2023-02-01,359
Malaysia,2023,2,Feb,2023-02-01,88040
Mauritius,2023,2,Feb,2023-02-01,274
Myanmar,2023,2,Feb,2023-02-01,7734
Netherlands,2023,2,Feb,2023-02-01,7053
New Zealand,2023,2,Feb,2023-02-01,6821
North Asia,2023,2,Feb,2023-02-01,97981
Norway,2023,2,Feb,2023-02-01,2439
Oceania,2023,2,Feb,2023-02-01,81765
Other Markets In Africa,2023,2,Feb,2023-02-01,1896
Other Markets In Americas,2023,2,Feb,2023-02-01,6465
Other Markets In Europe,2023,2,Feb,2023-02-01,22398
Other Markets In Greater China,2023,2,Feb,2023-02-01,1702
Other Markets In North Asia,2023,2,Feb,2023-02-01,173
Other Markets In Oceania,2023,2,Feb,2023-02-01,2559
Other Markets In South Asia,2023,2,Feb,2023-02-01,2163
Other Markets In Southeast Asia,2023,2,Feb,2023-02-01,7037
Other Markets In West Asia,2023,2,Feb,2023-02-01,1456
Others,2023,2,Feb,2023-02-01,123
Pakistan,2023,2,Feb,2023-02-01,1584
Philippines,2023,2,Feb,2023-02-01,47446
Rep Of Ireland,2023,2,Feb,2023-02-01,1868
Russian Federation,2023,2,Feb,2023-02-01,7009
Saudi Arabia,2023,2,Feb,2023-02-01,688
South Africa (Rep Of),2023,2,Feb,2023-02-01,1698
South Asia,2023,2,Feb,2023-02-01,76883
South Korea,2023,2,Feb,2023-02-01,64876
Southeast Asia,2023,2,Feb,2023-02-01,376496
Spain,2023,2,Feb,2023-02-01,3302
Sri Lanka,2023,2,Feb,2023-02-01,3829
Sweden,2023,2,Feb,2023-02-01,2967
Switzerland,2023,2,Feb,2023-02-01,6310
Taiwan,2023,2,Feb,2023-02-01,25037
Thailand,2023,2,Feb,2023-02-01,37156
Total International Visitor Arrivals By Place Of Residence,2023,2,Feb,2023-02-01,957844
USA,2023,2,Feb,2023-02-01,52830
United Arab Emirates,2023,2,Feb,2023-02-01,4971
United Kingdom,2023,2,Feb,2023-02-01,45785
Vietnam,2023,2,Feb,2023-02-01,27896
West Asia,2023,2,Feb,2023-02-01,9159
Africa,2023,3,Mar,2023-03-01,4300
Americas,2023,3,Mar,2023-03-01,73624
Australia,2023,3,Mar,2023-03-01,74268
Bangladesh,2023,3,Mar,2023-03-01,9711
Belgium & Luxembourg,2023,3,Mar,2023-03-01,2215
Brunei Darussalam,2023,3,Mar,2023-03-01,4460
Canada,2023,3,Mar,2023-03-01,12626
China,2023,3,Mar,2023-03-01,60888
Denmark,2023,3,Mar,2023-03-01,2679
Egypt,2023,3,Mar,2023-03-01,168
Europe,2023,3,Mar,2023-03-01,161938
Finland,2023,3,Mar,2023-03-01,2131
France,2023,3,Mar,2023-03-01,12924
Germany,2023,3,Mar,2023-03-01,34976
Greater China,2023,3,Mar,2023-03-01,105132
Hong Kong SAR,2023,3,Mar,2023-03-01,23465
India,2023,3,Mar,2023-03-01,75339
Indonesia,2023,3,Mar,2023-03-01,171507
Iran,2023,3,Mar,2023-03-01,1414
Israel,2023,3,Mar,2023-03-01,1639
Italy,2023,3,Mar,2023-03-01,4643
Japan,2023,3,Mar,2023-03-01,36302
Kuwait,2023,3,Mar,2023-03-01,205
Malaysia,2023,3,Mar,2023-03-01,97835
Mauritius,2023,3,Mar,2023-03-01,474
Myanmar,2023,3,Mar,2023-03-01,9122
Netherlands,2023,3,Mar,2023-03-01,6956
New Zealand,2023,3,Mar,2023-03-01,6871
North Asia,2023,3,Mar,2023-03-01,71803
Norway,2023,3,Mar,2023-03-01,2342
Oceania,2023,3,Mar,2023-03-01,83827
Other Markets In Africa,2023,3,Mar,2023-03-01,1663
Other Markets In Americas,2023,3,Mar,2023-03-01,6841
Other Markets In Europe,2023,3,Mar,2023-03-01,21453
Other Markets In Greater China,2023,3,Mar,2023-03-01,1575
Other Markets In North Asia,2023,3,Mar,2023-03-01,105
Other Markets In Oceania,2023,3,Mar,2023-03-01,2688
Other Markets In South Asia,2023,3,Mar,2023-03-01,2272
Other Markets In Southeast Asia,2023,3,Mar,2023-03-01,6927
Other Markets In West Asia,2023,3,Mar,2023-03-01,1990
Others,2023,3,Mar,2023-03-01,89
Pakistan,2023,3,Mar,2023-03-01,1060
Philippines,2023,3,Mar,2023-03-01,50591
Rep Of Ireland,2023,3,Mar,2023-03-01,1992
Russian Federation,2023,3,Mar,2023-03-01,6635
Saudi Arabia,2023,3,Mar,2023-03-01,880
South Africa (Rep Of),2023,3,Mar,2023-03-01,1995
South Asia,2023,3,Mar,2023-03-01,92470
South Korea,2023,3,Mar,2023-03-01,35396
Southeast Asia,2023,3,Mar,2023-03-01,414934
Spain,2023,3,Mar,2023-03-01,3936
Sri Lanka,2023,3,Mar,2023-03-01,4088
Sweden,2023,3,Mar,2023-03-01,2786
Switzerland,2023,3,Mar,2023-03-01,5940
Taiwan,2023,3,Mar,2023-03-01,19204
Thailand,2023,3,Mar,2023-03-01,43145
Total International Visitor Arrivals By Place Of Residence,2023,3,Mar,2023-03-01,1021040
USA,2023,3,Mar,2023-03-01,54157
United Arab Emirates,2023,3,Mar,2023-03-01,6795
United Kingdom,2023,3,Mar,2023-03-01,50330
Vietnam,2023,3,Mar,2023-03-01,31347
West Asia,2023,3,Mar,2023-03-01,12923
Africa,2023,4,Apr,2023-04-01,4812
Americas,2023,4,Apr,2023-04-01,61029
Australia,2023,4,Apr,2023-04-01,92937
Bangladesh,2023,4,Apr,2023-04-01,9824
Belgium & Luxembourg,2023,4,Apr,2023-04-01,2144
Brunei Darussalam,2023,4,Apr,2023-04-01,5850
Canada,2023,4,Apr,2023-04-01,9428
China,2023,4,Apr,2023-04-01,90725
Denmark,2023,4,Apr,2023-04-01,2407
Egypt,2023,4,Apr,2023-04-01,155
Europe,2023,4,Apr,2023-04-01,135415
Finland,2023,4,Apr,2023-04-01,1318
France,2023,4,Apr,2023-04-01,13260
Germany,2023,4,Apr,2023-04-01,24219
Greater China,2023,4,Apr,2023-04-01,150903
Hong Kong SAR,2023,4,Apr,2023-04-01,32791
India,2023,4,Apr,2023-04-01,97032
Indonesia,2023,4,Apr,2023-04-01,220067
Iran,2023,4,Apr,2023-04-01,421
Israel,2023,4,Apr,2023-04-01,1275
Italy,2023,4,Apr,2023-04-01,4220
Japan,2023,4,Apr,2023-04-01,22134
Kuwait,2023,4,Apr,2023-04-01,308
Malaysia,2023,4,Apr,2023-04-01,98190
Mauritius,2023,4,Apr,2023-04-01,581
Myanmar,2023,4,Apr,2023-04-01,11787
Netherlands,2023,4,Apr,2023-04-01,6398
New Zealand,2023,4,Apr,2023-04-01,11065
North Asia,2023,4,Apr,2023-04-01,54012
Norway,2023,4,Apr,2023-04-01,1810
Oceania,2023,4,Apr,2023-04-01,106741
Other Markets In Africa,2023,4,Apr,2023-04-01,1899
Other Markets In Americas,2023,4,Apr,2023-04-01,6822
Other Markets In Europe,2023,4,Apr,2023-04-01,17109
Other Markets In Greater China,2023,4,Apr,2023-04-01,2107
Other Markets In North Asia,2023,4,Apr,2023-04-01,98
Other Markets In Oceania,2023,4,Apr,2023-04-01,2739
Other Markets In South Asia,2023,4,Apr,2023-04-01,2231
Other Markets In Southeast Asia,2023,4,Apr,2023-04-01,10053
Other Markets In West Asia,2023,4,Apr,2023-04-01,2136
Others,2023,4,Apr,2023-04-01,92
Pakistan,2023,4,Apr,2023-04-01,684
Philippines,2023,4,Apr,2023-04-01,57030
Rep Of Ireland,2023,4,Apr,2023-04-01,1893
Russian Federation,2023,4,Apr,2023-04-01,5044
Saudi Arabia,2023,4,Apr,2023-04-01,750
South Africa (Rep Of),2023,4,Apr,2023-04-01,2177
South Asia,2023,4,Apr,2023-04-01,114668
South Korea,2023,4,Apr,2023-04-01,31780
Southeast Asia,2023,4,Apr,2023-04-01,489334
Spain,2023,4,Apr,2023-04-01,4517
Sri Lanka,2023,4,Apr,2023-04-01,4897
Sweden,2023,4,Apr,2023-04-01,2150
Switzerland,2023,4,Apr,2023-04-01,7350
Taiwan,2023,4,Apr,2023-04-01,25280
Thailand,2023,4,Apr,2023-04-01,49727
Total International Visitor Arrivals By Place Of Residence,2023,4,Apr,2023-04-01,1128610
USA,2023,4,Apr,2023-04-01,44779
United Arab Emirates,2023,4,Apr,2023-04-01,6714
United Kingdom,2023,4,Apr,2023-04-01,41576
Vietnam,2023,4,Apr,2023-04-01,36630
West Asia,2023,4,Apr,2023-04-01,11604
Africa,2023,5,May,2023-05-01,4515
Americas,2023,5,May,2023-05-01,70426
Australia,2023,5,May,2023-05-01,79700
Bangladesh,2023,5,May,2023-05-01,9529
Belgium & Luxembourg,2023,5,May,2023-05-01,2066
Brunei Darussalam,2023,5,May,2023-05-01,4570
Canada,2023,5,May,2023-05-01,12592
China,2023,5,May,2023-05-01,95613
Denmark,2023,5,May,2023-05-01,1727
Egypt,2023,5,May,2023-05-01,253
Europe,2023,5,May,2023-05-01,113597
Finland,2023,5,May,2023-05-01,1122
France,2023,5,May,2023-05-01,13557
Germany,2023,5,May,2023-05-01,22534
Greater China,2023,5,May,2023-05-01,148053
Hong Kong SAR,2023,5,May,2023-05-01,26356
India,2023,5,May,2023-05-01,130444
Indonesia,2023,5,May,2023-05-01,183758
Iran,2023,5,May,2023-05-01,190
Israel,2023,5,May,2023-05-01,1184
Italy,2023,5,May,2023-05-01,4092
Japan,2023,5,May,2023-05-01,29130
Kuwait,2023,5,May,2023-05-01,305
Malaysia,2023,5,May,2023-05-01,98347
Mauritius,2023,5,May,2023-05-01,363
Myanmar,2023,5,May,2023-05-01,10104
Netherlands,2023,5,May,2023-05-01,6631
New Zealand,2023,5,May,2023-05-01,11146
North Asia,2023,5,May,2023-05-01,68419
Norway,2023,5,May,2023-05-01,1210
Oceania,2023,5,May,2023-05-01,94073
Other Markets In Africa,2023,5,May,2023-05-01,2076
Other Markets In Americas,2023,5,May,2023-05-01,6936
Other Markets In Europe,2023,5,May,2023-05-01,13650
Other Markets In Greater China,2023,5,May,2023-05-01,1771
Other Markets In North Asia,2023,5,May,2023-05-01,86
Other Markets In Oceania,2023,5,May,2023-05-01,3227
Other Markets In South Asia,2023,5,May,2023-05-01,2242
Other Markets In Southeast Asia,2023,5,May,2023-05-01,8998
Other Markets In West Asia,2023,5,May,2023-05-01,1653
Others,2023,5,May,2023-05-01,45
Pakistan,2023,5,May,2023-05-01,1222
Philippines,2023,5,May,2023-05-01,59346
Rep Of Ireland,2023,5,May,2023-05-01,1777
Russian Federation,2023,5,May,2023-05-01,3966
Saudi Arabia,2023,5,May,2023-05-01,836
South Africa (Rep Of),2023,5,May,2023-05-01,1823
South Asia,2023,5,May,2023-05-01,147713
South Korea,2023,5,May,2023-05-01,39203
Southeast Asia,2023,5,May,2023-05-01,456263
Spain,2023,5,May,2023-05-01,3689
Sri Lanka,2023,5,May,2023-05-01,4276
Sweden,2023,5,May,2023-05-01,1585
Switzerland,2023,5,May,2023-05-01,5383
Taiwan,2023,5,May,2023-05-01,24313
Thailand,2023,5,May,2023-05-01,40375
Total International Visitor Arrivals By Place Of Residence,2023,5,May,2023-05-01,1112512
USA,2023,5,May,2023-05-01,50898
United Arab Emirates,2023,5,May,2023-05-01,5240
United Kingdom,2023,5,May,2023-05-01,30608
Vietnam,2023,5,May,2023-05-01,50765
West Asia,2023,5,May,2023-05-01,9408
Africa,2023,6,Jun,2023-06-01,4575
Americas,2023,6,Jun,2023-06-01,70361
Australia,2023,6,Jun,2023-06-01,90770
Bangladesh,2023,6,Jun,2023-06-01,9685
Belgium & Luxembourg,2023,6,Jun,2023-06-01,1646
Brunei Darussalam,2023,6,Jun,2023-06-01,4121
Canada,2023,6,Jun,2023-06-01,6664
China,2023,6,Jun,2023-06-01,113290
Denmark,2023,6,Jun,2023-06-01,1499
Egypt,2023,6,Jun,2023-06-01,211
Europe,2023,6,Jun,2023-06-01,88537
Finland,2023,6,Jun,2023-06-01,1221
France,2023,6,Jun,2023-06-01,9709
Germany,2023,6,Jun,2023-06-01,15026
Greater China,2023,6,Jun,2023-06-01,167228
Hong Kong SAR,2023,6,Jun,2023-06-01,23179
India,2023,6,Jun,2023-06-01,114588
Indonesia,2023,6,Jun,2023-06-01,217052
Iran,2023,6,Jun,2023-06-01,322
Israel,2023,6,Jun,2023-06-01,1012
Italy,2023,6,Jun,2023-06-01,3426
Japan,2023,6,Jun,2023-06-01,25370
Kuwait,2023,6,Jun,2023-06-01,967
Malaysia,2023,6,Jun,2023-06-01,85945
Mauritius,2023,6,Jun,2023-06-01,349
Myanmar,2023,6,Jun,2023-06-01,9877
Netherlands,2023,6,Jun,2023-06-01,5041
New Zealand,2023,6,Jun,2023-06-01,13352
North Asia,2023,6,Jun,2023-06-01,65648
Norway,2023,6,Jun,2023-06-01,1831
Oceania,2023,6,Jun,2023-06-01,107915
Other Markets In Africa,2023,6,Jun,2023-06-01,2069
Other Markets In Americas,2023,6,Jun,2023-06-01,4623
Other Markets In Europe,2023,6,Jun,2023-06-01,11381
Other Markets In Greater China,2023,6,Jun,2023-06-01,1779
Other Markets In North Asia,2023,6,Jun,2023-06-01,91
Other Markets In Oceania,2023,6,Jun,2023-06-01,3793
Other Markets In South Asia,2023,6,Jun,2023-06-01,3001
Other Markets In Southeast Asia,2023,6,Jun,2023-06-01,7457
Other Markets In West Asia,2023,6,Jun,2023-06-01,3015
Others,2023,6,Jun,2023-06-01,60
Pakistan,2023,6,Jun,2023-06-01,1724
Philippines,2023,6,Jun,2023-06-01,71409
Rep Of Ireland,2023,6,Jun,2023-06-01,1626
Russian Federation,2023,6,Jun,2023-06-01,2796
Saudi Arabia,2023,6,Jun,2023-06-01,2965
South Africa (Rep Of),2023,6,Jun,2023-06-01,1946
South Asia,2023,6,Jun,2023-06-01,133366
South Korea,2023,6,Jun,2023-06-01,40187
Southeast Asia,2023,6,Jun,2023-06-01,475814
Spain,2023,6,Jun,2023-06-01,3562
Sri Lanka,2023,6,Jun,2023-06-01,4368
Sweden,2023,6,Jun,2023-06-01,1538
Switzerland,2023,6,Jun,2023-06-01,3991
Taiwan,2023,6,Jun,2023-06-01,28980
Thailand,2023,6,Jun,2023-06-01,31029
Total International Visitor Arrivals By Place Of Residence,2023,6,Jun,2023-06-01,1129310
USA,2023,6,Jun,2023-06-01,59074
United Arab Emirates,2023,6,Jun,2023-06-01,7525
United Kingdom,2023,6,Jun,2023-06-01,24244
Vietnam,2023,6,Jun,2023-06-01,48924
West Asia,2023,6,Jun,2023-06-01,15806
Africa,2023,7,Jul,2023-07-01,5926
Americas,2023,7,Jul,2023-07-01,81637
Australia,2023,7,Jul,2023-07-01,98408
Bangladesh,2023,7,Jul,2023-07-01,11100
Belgium & Luxembourg,2023,7,Jul,2023-07-01,3995
Brunei Darussalam,2023,7,Jul,2023-07-01,5108
Canada,2023,7,Jul,2023-07-01,9770
China,2023,7,Jul,2023-07-01,231331
Denmark,2023,7,Jul,2023-07-01,2881
Egypt,2023,7,Jul,2023-07-01,348
Europe,2023,7,Jul,2023-07-01,144826
Finland,2023,7,Jul,2023-07-01,1062
France,2023,7,Jul,2023-07-01,18158
Germany,2023,7,Jul,2023-07-01,21074
Greater China,2023,7,Jul,2023-07-01,309869
Hong Kong SAR,2023,7,Jul,2023-07-01,32175
India,2023,7,Jul,2023-07-01,93056
Indonesia,2023,7,Jul,2023-07-01,229886
Iran,2023,7,Jul,2023-07-01,298
Israel,2023,7,Jul,2023-07-01,1596
Italy,2023,7,Jul,2023-07-01,6965
Japan,2023,7,Jul,2023-07-01,42730
Kuwait,2023,7,Jul,2023-07-01,1511
Malaysia,2023,7,Jul,2023-07-01,84876
Mauritius,2023,7,Jul,2023-07-01,413
Myanmar,2023,7,Jul,2023-07-01,10811
Netherlands,2023,7,Jul,2023-07-01,10867
New Zealand,2023,7,Jul,2023-07-01,15350
North Asia,2023,7,Jul,2023-07-01,103861
Norway,2023,7,Jul,2023-07-01,3585
Oceania,2023,7,Jul,2023-07-01,116877
Other Markets In Africa,2023,7,Jul,2023-07-01,2999
Other Markets In Americas,2023,7,Jul,2023-07-01,7081
Other Markets In Europe,2023,7,Jul,2023-07-01,16968
Other Markets In Greater China,2023,7,Jul,2023-07-01,3266
Other Markets In North Asia,2023,7,Jul,2023-07-01,171
Other Markets In Oceania,2023,7,Jul,2023-07-01,3119
Other Markets In South Asia,2023,7,Jul,2023-07-01,3414
Other Markets In Southeast Asia,2023,7,Jul,2023-07-01,9640
Other Markets In West Asia,2023,7,Jul,2023-07-01,4326
Others,2023,7,Jul,2023-07-01,104
Pakistan,2023,7,Jul,2023-07-01,2654
Philippines,2023,7,Jul,2023-07-01,77160
Rep Of Ireland,2023,7,Jul,2023-07-01,2344
Russian Federation,2023,7,Jul,2023-07-01,3627
Saudi Arabia,2023,7,Jul,2023-07-01,5249
South Africa (Rep Of),2023,7,Jul,2023-07-01,2166
South Asia,2023,7,Jul,2023-07-01,114733
South Korea,2023,7,Jul,2023-07-01,60960
Southeast Asia,2023,7,Jul,2023-07-01,519036
Spain,2023,7,Jul,2023-07-01,5983
Sri Lanka,2023,7,Jul,2023-07-01,4509
Sweden,2023,7,Jul,2023-07-01,1930
Switzerland,2023,7,Jul,2023-07-01,8501
Taiwan,2023,7,Jul,2023-07-01,43097
Thailand,2023,7,Jul,2023-07-01,41367
Total International Visitor Arrivals By Place Of Residence,2023,7,Jul,2023-07-01,1419642
USA,2023,7,Jul,2023-07-01,64786
United Arab Emirates,2023,7,Jul,2023-07-01,9793
United Kingdom,2023,7,Jul,2023-07-01,36886
Vietnam,2023,7,Jul,2023-07-01,60188
West Asia,2023,7,Jul,2023-07-01,22773
Africa,2023,8,Aug,2023-08-01,6132
Americas,2023,8,Aug,2023-08-01,62996
Australia,2023,8,Aug,2023-08-01,80605
Bangladesh,2023,8,Aug,2023-08-01,11124
Belgium & Luxembourg,2023,8,Aug,2023-08-01,3466
Brunei Darussalam,2023,8,Aug,2023-08-01,6214
Canada,2023,8,Aug,2023-08-01,9877
China,2023,8,Aug,2023-08-01,215442
Denmark,2023,8,Aug,2023-08-01,1703
Egypt,2023,8,Aug,2023-08-01,243
Europe,2023,8,Aug,2023-08-01,173132
Finland,2023,8,Aug,2023-08-01,838
France,2023,8,Aug,2023-08-01,24471
Germany,2023,8,Aug,2023-08-01,24633
Greater China,2023,8,Aug,2023-08-01,289817
Hong Kong SAR,2023,8,Aug,2023-08-01,32627
India,2023,8,Aug,2023-08-01,83601
Indonesia,2023,8,Aug,2023-08-01,168122
Iran,2023,8,Aug,2023-08-01,406
Israel,2023,8,Aug,2023-08-01,1669
Italy,2023,8,Aug,2023-08-01,20896
Japan,2023,8,Aug,2023-08-01,68304
Kuwait,2023,8,Aug,2023-08-01,2157
Malaysia,2023,8,Aug,2023-08-01,88044
Mauritius,2023,8,Aug,2023-08-01,377
Myanmar,2023,8,Aug,2023-08-01,10159
Netherlands,2023,8,Aug,2023-08-01,11327
New Zealand,2023,8,Aug,2023-08-01,12499
North Asia,2023,8,Aug,2023-08-01,130666
Norway,2023,8,Aug,2023-08-01,1378
Oceania,2023,8,Aug,2023-08-01,95791
Other Markets In Africa,2023,8,Aug,2023-08-01,3794
Other Markets In Americas,2023,8,Aug,2023-08-01,4630
Other Markets In Europe,2023,8,Aug,2023-08-01,18898
Other Markets In Greater China,2023,8,Aug,2023-08-01,3316
Other Markets In North Asia,2023,8,Aug,2023-08-01,185
Other Markets In Oceania,2023,8,Aug,2023-08-01,2687
Other Markets In South Asia,2023,8,Aug,2023-08-01,2863
Other Markets In Southeast Asia,2023,8,Aug,2023-08-01,8992
Other Markets In West Asia,2023,8,Aug,2023-08-01,3686
Others,2023,8,Aug,2023-08-01,65
Pakistan,2023,8,Aug,2023-08-01,1497
Philippines,2023,8,Aug,2023-08-01,61802
Rep Of Ireland,2023,8,Aug,2023-08-01,1984
Russian Federation,2023,8,Aug,2023-08-01,3493
Saudi Arabia,2023,8,Aug,2023-08-01,3123
South Africa (Rep Of),2023,8,Aug,2023-08-01,1718
South Asia,2023,8,Aug,2023-08-01,104652
South Korea,2023,8,Aug,2023-08-01,62177
Southeast Asia,2023,8,Aug,2023-08-01,429652
Spain,2023,8,Aug,2023-08-01,10525
Sri Lanka,2023,8,Aug,2023-08-01,5567
Sweden,2023,8,Aug,2023-08-01,1396
Switzerland,2023,8,Aug,2023-08-01,6359
Taiwan,2023,8,Aug,2023-08-01,38432
Thailand,2023,8,Aug,2023-08-01,34938
Total International Visitor Arrivals By Place Of Residence,2023,8,Aug,2023-08-01,1312693
USA,2023,8,Aug,2023-08-01,48489
United Arab Emirates,2023,8,Aug,2023-08-01,8749
United Kingdom,2023,8,Aug,2023-08-01,41765
Vietnam,2023,8,Aug,2023-08-01,51381
West Asia,2023,8,Aug,2023-08-01,19790
Africa,2023,9,Sep,2023-09-01,5582
Americas,2023,9,Sep,2023-09-01,62765
Australia,2023,9,Sep,2023-09-01,104497
Bangladesh,2023,9,Sep,2023-09-01,10240
Belgium & Luxembourg,2023,9,Sep,2023-09-01,2850
Brunei Darussalam,2023,9,Sep,2023-09-01,4502
Canada,2023,9,Sep,2023-09-01,8407
China,2023,9,Sep,2023-09-01,135677
Denmark,2023,9,Sep,2023-09-01,2158
Egypt,2023,9,Sep,2023-09-01,272
Europe,2023,9,Sep,2023-09-01,137745
Finland,2023,9,Sep,2023-09-01,1275
France,2023,9,Sep,2023-09-01,13476
Germany,2023,9,Sep,2023-09-01,25075
Greater China,2023,9,Sep,2023-09-01,188758
Hong Kong SAR,2023,9,Sep,2023-09-01,25848
India,2023,9,Sep,2023-09-01,81016
Indonesia,2023,9,Sep,2023-09-01,175603
Iran,2023,9,Sep,2023-09-01,1009
Israel,2023,9,Sep,2023-09-01,1805
Italy,2023,9,Sep,2023-09-01,6547
Japan,2023,9,Sep,2023-09-01,45989
Kuwait,2023,9,Sep,2023-09-01,521
Malaysia,2023,9,Sep,2023-09-01,89384
Mauritius,2023,9,Sep,2023-09-01,412
Myanmar,2023,9,Sep,2023-09-01,10631
Netherlands,2023,9,Sep,2023-09-01,8584
New Zealand,2023,9,Sep,2023-09-01,15022
North Asia,2023,9,Sep,2023-09-01,94298
Norway,2023,9,Sep,2023-09-01,2013
Oceania,2023,9,Sep,2023-09-01,122983
Other Markets In Africa,2023,9,Sep,2023-09-01,2575
Other Markets In Americas,2023,9,Sep,2023-09-01,7753
Other Markets In Europe,2023,9,Sep,2023-09-01,17891
Other Markets In Greater China,2023,9,Sep,2023-09-01,1415
Other Markets In North Asia,2023,9,Sep,2023-09-01,122
Other Markets In Oceania,2023,9,Sep,2023-09-01,3464
Other Markets In South Asia,2023,9,Sep,2023-09-01,2795
Other Markets In Southeast Asia,2023,9,Sep,2023-09-01,6264
Other Markets In West Asia,2023,9,Sep,2023-09-01,1980
Others,2023,9,Sep,2023-09-01,30
Pakistan,2023,9,Sep,2023-09-01,1360
Philippines,2023,9,Sep,2023-09-01,50679
Rep Of Ireland,2023,9,Sep,2023-09-01,2062
Russian Federation,2023,9,Sep,2023-09-01,3333
Saudi Arabia,2023,9,Sep,2023-09-01,1844
South Africa (Rep Of),2023,9,Sep,2023-09-01,2323
South Asia,2023,9,Sep,2023-09-01,100567
South Korea,2023,9,Sep,2023-09-01,48187
Southeast Asia,2023,9,Sep,2023-09-01,404106
Spain,2023,9,Sep,2023-09-01,6203
Sri Lanka,2023,9,Sep,2023-09-01,5156
Sweden,2023,9,Sep,2023-09-01,1484
Switzerland,2023,9,Sep,2023-09-01,6079
Taiwan,2023,9,Sep,2023-09-01,25818
Thailand,2023,9,Sep,2023-09-01,32307
Total International Visitor Arrivals By Place Of Residence,2023,9,Sep,2023-09-01,1130762
USA,2023,9,Sep,2023-09-01,46605
United Arab Emirates,2023,9,Sep,2023-09-01,6769
United Kingdom,2023,9,Sep,2023-09-01,38715
Vietnam,2023,9,Sep,2023-09-01,34736
West Asia,2023,9,Sep,2023-09-01,13928
Africa,2023,10,Oct,2023-10-01,5233
Americas,2023,10,Oct,2023-10-01,60726
Australia,2023,10,Oct,2023-10-01,88033
Bangladesh,2023,10,Oct,2023-10-01,10721
Belgium & Luxembourg,2023,10,Oct,2023-10-01,2371
Brunei Darussalam,2023,10,Oct,2023-10-01,4390
Canada,2023,10,Oct,2023-10-01,9006
China,2023,10,Oct,2023-10-01,122765
Denmark,2023,10,Oct,2023-10-01,2636
Egypt,2023,10,Oct,2023-10-01,265
Europe,2023,10,Oct,2023-10-01,132680
Finland,2023,10,Oct,2023-10-01,2059
France,2023,10,Oct,2023-10-01,13088
Germany,2023,10,Oct,2023-10-01,24581
Greater China,2023,10,Oct,2023-10-01,177880
Hong Kong SAR,2023,10,Oct,2023-10-01,25108
India,2023,10,Oct,2023-10-01,94334
Indonesia,2023,10,Oct,2023-10-01,180884
Iran,2023,10,Oct,2023-10-01,521
Israel,2023,10,Oct,2023-10-01,1029
Italy,2023,10,Oct,2023-10-01,4058
Japan,2023,10,Oct,2023-10-01,38073
Kuwait,2023,10,Oct,2023-10-01,473
Malaysia,2023,10,Oct,2023-10-01,88643
Mauritius,2023,10,Oct,2023-10-01,349
Myanmar,2023,10,Oct,2023-10-01,11360
Netherlands,2023,10,Oct,2023-10-01,7363
New Zealand,2023,10,Oct,2023-10-01,13059
North Asia,2023,10,Oct,2023-10-01,83818
Norway,2023,10,Oct,2023-10-01,1776
Oceania,2023,10,Oct,2023-10-01,104603
Other Markets In Africa,2023,10,Oct,2023-10-01,2786
Other Markets In Americas,2023,10,Oct,2023-10-01,7580
Other Markets In Europe,2023,10,Oct,2023-10-01,18715
Other Markets In Greater China,2023,10,Oct,2023-10-01,1541
Other Markets In North Asia,2023,10,Oct,2023-10-01,124
Other Markets In Oceania,2023,10,Oct,2023-10-01,3511
Other Markets In South Asia,2023,10,Oct,2023-10-01,3646
Other Markets In Southeast Asia,2023,10,Oct,2023-10-01,8829
Other Markets In West Asia,2023,10,Oct,2023-10-01,2058
Others,2023,10,Oct,2023-10-01,46
Pakistan,2023,10,Oct,2023-10-01,1484
Philippines,2023,10,Oct,2023-10-01,54649
Rep Of Ireland,2023,10,Oct,2023-10-01,1776
Russian Federation,2023,10,Oct,2023-10-01,3952
Saudi Arabia,2023,10,Oct,2023-10-01,1764
South Africa (Rep Of),2023,10,Oct,2023-10-01,1833
South Asia,2023,10,Oct,2023-10-01,114672
South Korea,2023,10,Oct,2023-10-01,45621
Southeast Asia,2023,10,Oct,2023-10-01,434927
Spain,2023,10,Oct,2023-10-01,4717
Sri Lanka,2023,10,Oct,2023-10-01,4487
Sweden,2023,10,Oct,2023-10-01,2273
Switzerland,2023,10,Oct,2023-10-01,7121
Taiwan,2023,10,Oct,2023-10-01,28466
Thailand,2023,10,Oct,2023-10-01,53442
Total International Visitor Arrivals By Place Of Residence,2023,10,Oct,2023-10-01,1125964
USA,2023,10,Oct,2023-10-01,44140
United Arab Emirates,2023,10,Oct,2023-10-01,5534
United Kingdom,2023,10,Oct,2023-10-01,36194
Vietnam,2023,10,Oct,2023-10-01,32730
West Asia,2023,10,Oct,2023-10-01,11379
Africa,2023,11,Nov,2023-11-01,4995
Americas,2023,11,Nov,2023-11-01,80020
Australia,2023,11,Nov,2023-11-01,88201
Bangladesh,2023,11,Nov,2023-11-01,10118
Belgium & Luxembourg,2023,11,Nov,2023-11-01,2469
Brunei Darussalam,2023,11,Nov,2023-11-01,4799
Canada,2023,11,Nov,2023-11-01,13173
China,2023,11,Nov,2023-11-01,104347
Denmark,2023,11,Nov,2023-11-01,2276
Egypt,2023,11,Nov,2023-11-01,269
Europe,2023,11,Nov,2023-11-01,141356
Finland,2023,11,Nov,2023-11-01,2236
France,2023,11,Nov,2023-11-01,12002
Germany,2023,11,Nov,2023-11-01,26528
Greater China,2023,11,Nov,2023-11-01,150216
Hong Kong SAR,2023,11,Nov,2023-11-01,22646
India,2023,11,Nov,2023-11-01,90231
Indonesia,2023,11,Nov,2023-11-01,184281
Iran,2023,11,Nov,2023-11-01,560
Israel,2023,11,Nov,2023-11-01,592
Italy,2023,11,Nov,2023-11-01,4119
Japan,2023,11,Nov,2023-11-01,41412
Kuwait,2023,11,Nov,2023-11-01,269
Malaysia,2023,11,Nov,2023-11-01,93414
Mauritius,2023,11,Nov,2023-11-01,769
Myanmar,2023,11,Nov,2023-11-01,11774
Netherlands,2023,11,Nov,2023-11-01,7110
New Zealand,2023,11,Nov,2023-11-01,9663
North Asia,2023,11,Nov,2023-11-01,84154
Norway,2023,11,Nov,2023-11-01,1954
Oceania,2023,11,Nov,2023-11-01,100963
Other Markets In Africa,2023,11,Nov,2023-11-01,2168
Other Markets In Americas,2023,11,Nov,2023-11-01,8042
Other Markets In Europe,2023,11,Nov,2023-11-01,19226
Other Markets In Greater China,2023,11,Nov,2023-11-01,1648
Other Markets In North Asia,2023,11,Nov,2023-11-01,128
Other Markets In Oceania,2023,11,Nov,2023-11-01,3099
Other Markets In South Asia,2023,11,Nov,2023-11-01,3156
Other Markets In Southeast Asia,2023,11,Nov,2023-11-01,8292
Other Markets In West Asia,2023,11,Nov,2023-11-01,1505
Others,2023,11,Nov,2023-11-01,35
Pakistan,2023,11,Nov,2023-11-01,1404
Philippines,2023,11,Nov,2023-11-01,61213
Rep Of Ireland,2023,11,Nov,2023-11-01,2042
Russian Federation,2023,11,Nov,2023-11-01,4695
Saudi Arabia,2023,11,Nov,2023-11-01,2652
South Africa (Rep Of),2023,11,Nov,2023-11-01,1789
South Asia,2023,11,Nov,2023-11-01,109957
South Korea,2023,11,Nov,2023-11-01,42614
Southeast Asia,2023,11,Nov,2023-11-01,418065
Spain,2023,11,Nov,2023-11-01,4098
Sri Lanka,2023,11,Nov,2023-11-01,5048
Sweden,2023,11,Nov,2023-11-01,2589
Switzerland,2023,11,Nov,2023-11-01,6817
Taiwan,2023,11,Nov,2023-11-01,21575
Thailand,2023,11,Nov,2023-11-01,26808
Total International Visitor Arrivals By Place Of Residence,2023,11,Nov,2023-11-01,1100459
USA,2023,11,Nov,2023-11-01,58805
United Arab Emirates,2023,11,Nov,2023-11-01,5120
United Kingdom,2023,11,Nov,2023-11-01,43195
Vietnam,2023,11,Nov,2023-11-01,27484
West Asia,2023,11,Nov,2023-11-01,10698
Africa,2023,12,Dec,2023-12-01,8874
Americas,2023,12,Dec,2023-12-01,83791
Australia,2023,12,Dec,2023-12-01,112197
Bangladesh,2023,12,Dec,2023-12-01,11743
Belgium & Luxembourg,2023,12,Dec,2023-12-01,1912
Brunei Darussalam,2023,12,Dec,2023-12-01,9281
Canada,2023,12,Dec,2023-12-01,10998
China,2023,12,Dec,2023-12-01,130156
Denmark,2023,12,Dec,2023-12-01,2042
Egypt,2023,12,Dec,2023-12-01,188
Europe,2023,12,Dec,2023-12-01,138310
Finland,2023,12,Dec,2023-12-01,1957
France,2023,12,Dec,2023-12-01,10010
Germany,2023,12,Dec,2023-12-01,25476
Greater China,2023,12,Dec,2023-12-01,176872
Hong Kong SAR,2023,12,Dec,2023-12-01,26440
India,2023,12,Dec,2023-12-01,92620
Indonesia,2023,12,Dec,2023-12-01,244322
Iran,2023,12,Dec,2023-12-01,427
Israel,2023,12,Dec,2023-12-01,693
Italy,2023,12,Dec,2023-12-01,4237
Japan,2023,12,Dec,2023-12-01,32124
Kuwait,2023,12,Dec,2023-12-01,512
Malaysia,2023,12,Dec,2023-12-01,102683
Mauritius,2023,12,Dec,2023-12-01,965
Myanmar,2023,12,Dec,2023-12-01,13146
Netherlands,2023,12,Dec,2023-12-01,6723
New Zealand,2023,12,Dec,2023-12-01,12717
North Asia,2023,12,Dec,2023-12-01,71445
Norway,2023,12,Dec,2023-12-01,1732
Oceania,2023,12,Dec,2023-12-01,128877
Other Markets In Africa,2023,12,Dec,2023-12-01,3500
Other Markets In Americas,2023,12,Dec,2023-12-01,6847
Other Markets In Europe,2023,12,Dec,2023-12-01,17821
Other Markets In Greater China,2023,12,Dec,2023-12-01,2882
Other Markets In North Asia,2023,12,Dec,2023-12-01,123
Other Markets In Oceania,2023,12,Dec,2023-12-01,3963
Other Markets In South Asia,2023,12,Dec,2023-12-01,2997
Other Markets In Southeast Asia,2023,12,Dec,2023-12-01,8703
Other Markets In West Asia,2023,12,Dec,2023-12-01,2374
Others,2023,12,Dec,2023-12-01,34
Pakistan,2023,12,Dec,2023-12-01,1629
Philippines,2023,12,Dec,2023-12-01,62866
Rep Of Ireland,2023,12,Dec,2023-12-01,1612
Russian Federation,2023,12,Dec,2023-12-01,5523
Saudi Arabia,2023,12,Dec,2023-12-01,1568
South Africa (Rep Of),2023,12,Dec,2023-12-01,4221
South Asia,2023,12,Dec,2023-12-01,114964
South Korea,2023,12,Dec,2023-12-01,39198
Southeast Asia,2023,12,Dec,2023-12-01,495668
Spain,2023,12,Dec,2023-12-01,3531
Sri Lanka,2023,12,Dec,2023-12-01,5975
Sweden,2023,12,Dec,2023-12-01,2846
Switzerland,2023,12,Dec,2023-12-01,6704
Taiwan,2023,12,Dec,2023-12-01,17394
Thailand,2023,12,Dec,2023-12-01,29987
Total International Visitor Arrivals By Place Of Residence,2023,12,Dec,2023-12-01,1231565
USA,2023,12,Dec,2023-12-01,65946
United Arab Emirates,2023,12,Dec,2023-12-01,7156
United Kingdom,2023,12,Dec,2023-12-01,46184
Vietnam,2023,12,Dec,2023-12-01,24680
West Asia,2023,12,Dec,2023-12-01,12730
Africa,2024,1,Jan,2024-01-01,6104
Americas,2024,1,Jan,2024-01-01,84243
Australia,2024,1,Jan,2024-01-01,124104
Bangladesh,2024,1,Jan,2024-01-01,10332
Belgium & Luxembourg,2024,1,Jan,2024-01-01,2302
Brunei Darussalam,2024,1,Jan,2024-01-01,5215
Canada,2024,1,Jan,2024-01-01,12878
China,2024,1,Jan,2024-01-01,211178
Denmark,2024,1,Jan,2024-01-01,2986
Egypt,2024,1,Jan,2024-01-01,279
Europe,2024,1,Jan,2024-01-01,191737
Finland,2024,1,Jan,2024-01-01,3490
France,2024,1,Jan,2024-01-01,12945
Germany,2024,1,Jan,2024-01-01,40120
Greater China,2024,1,Jan,2024-01-01,276899
Hong Kong SAR,2024,1,Jan,2024-01-01,23419
India,2024,1,Jan,2024-01-01,82113
Indonesia,2024,1,Jan,2024-01-01,268958
Iran,2024,1,Jan,2024-01-01,409
Israel,2024,1,Jan,2024-01-01,1075
Italy,2024,1,Jan,2024-01-01,5573
Japan,2024,1,Jan,2024-01-01,37684
Kuwait,2024,1,Jan,2024-01-01,955
Malaysia,2024,1,Jan,2024-01-01,93381
Mauritius,2024,1,Jan,2024-01-01,548
Myanmar,2024,1,Jan,2024-01-01,12361
Netherlands,2024,1,Jan,2024-01-01,7685
New Zealand,2024,1,Jan,2024-01-01,14418
North Asia,2024,1,Jan,2024-01-01,117148
Norway,2024,1,Jan,2024-01-01,2128
Oceania,2024,1,Jan,2024-01-01,143332
Other Markets In Africa,2024,1,Jan,2024-01-01,2080
Other Markets In Americas,2024,1,Jan,2024-01-01,9357
Other Markets In Europe,2024,1,Jan,2024-01-01,28643
Other Markets In Greater China,2024,1,Jan,2024-01-01,3848
Other Markets In North Asia,2024,1,Jan,2024-01-01,210
Other Markets In Oceania,2024,1,Jan,2024-01-01,4810
Other Markets In South Asia,2024,1,Jan,2024-01-01,3492
Other Markets In Southeast Asia,2024,1,Jan,2024-01-01,6834
Other Markets In West Asia,2024,1,Jan,2024-01-01,2100
Others,2024,1,Jan,2024-01-01,41
Pakistan,2024,1,Jan,2024-01-01,1411
Philippines,2024,1,Jan,2024-01-01,46287
Rep Of Ireland,2024,1,Jan,2024-01-01,2218
Russian Federation,2024,1,Jan,2024-01-01,9466
Saudi Arabia,2024,1,Jan,2024-01-01,2079
South Africa (Rep Of),2024,1,Jan,2024-01-01,3197
South Asia,2024,1,Jan,2024-01-01,102934
South Korea,2024,1,Jan,2024-01-01,79254
Southeast Asia,2024,1,Jan,2024-01-01,486141
Spain,2024,1,Jan,2024-01-01,3992
Sri Lanka,2024,1,Jan,2024-01-01,5586
Sweden,2024,1,Jan,2024-01-01,3658
Switzerland,2024,1,Jan,2024-01-01,7463
Taiwan,2024,1,Jan,2024-01-01,38454
Thailand,2024,1,Jan,2024-01-01,27194
Total International Visitor Arrivals By Place Of Residence,2024,1,Jan,2024-01-01,1419956
USA,2024,1,Jan,2024-01-01,62008
United Arab Emirates,2024,1,Jan,2024-01-01,4759
United Kingdom,2024,1,Jan,2024-01-01,59068
Vietnam,2024,1,Jan,2024-01-01,25911
West Asia,2024,1,Jan,2024-01-01,11377
Africa,2024,2,Feb,2024-02-01,3976
Americas,2024,2,Feb,2024-02-01,81002
Australia,2024,2,Feb,2024-02-01,79386
Bangladesh,2024,2,Feb,2024-02-01,8792
Belgium & Luxembourg,2024,2,Feb,2024-02-01,2444
Brunei Darussalam,2024,2,Feb,2024-02-01,4582
Canada,2024,2,Feb,2024-02-01,12948
China,2024,2,Feb,2024-02-01,326900
Denmark,2024,2,Feb,2024-02-01,3320
Egypt,2024,2,Feb,2024-02-01,220
Europe,2024,2,Feb,2024-02-01,201201
Finland,2024,2,Feb,2024-02-01,3277
France,2024,2,Feb,2024-02-01,17244
Germany,2024,2,Feb,2024-02-01,37724
Greater China,2024,2,Feb,2024-02-01,401348
Hong Kong SAR,2024,2,Feb,2024-02-01,26507
India,2024,2,Feb,2024-02-01,66149
Indonesia,2024,2,Feb,2024-02-01,190713
Iran,2024,2,Feb,2024-02-01,506
Israel,2024,2,Feb,2024-02-01,1346
Italy,2024,2,Feb,2024-02-01,5038
Japan,2024,2,Feb,2024-02-01,45284
Kuwait,2024,2,Feb,2024-02-01,510
Malaysia,2024,2,Feb,2024-02-01,100051
Mauritius,2024,2,Feb,2024-02-01,292
Myanmar,2024,2,Feb,2024-02-01,10682
Netherlands,2024,2,Feb,2024-02-01,7294
New Zealand,2024,2,Feb,2024-02-01,8093
North Asia,2024,2,Feb,2024-02-01,114583
Norway,2024,2,Feb,2024-02-01,2659
Oceania,2024,2,Feb,2024-02-01,90105
Other Markets In Africa,2024,2,Feb,2024-02-01,1843
Other Markets In Americas,2024,2,Feb,2024-02-01,7721
Other Markets In Europe,2024,2,Feb,2024-02-01,29753
Other Markets In Greater China,2024,2,Feb,2024-02-01,2236
Other Markets In North Asia,2024,2,Feb,2024-02-01,187
Other Markets In Oceania,2024,2,Feb,2024-02-01,2626
Other Markets In South Asia,2024,2,Feb,2024-02-01,2964
Other Markets In Southeast Asia,2024,2,Feb,2024-02-01,5898
Other Markets In West Asia,2024,2,Feb,2024-02-01,2151
Others,2024,2,Feb,2024-02-01,57
Pakistan,2024,2,Feb,2024-02-01,1626
Philippines,2024,2,Feb,2024-02-01,55604
Rep Of Ireland,2024,2,Feb,2024-02-01,2344
Russian Federation,2024,2,Feb,2024-02-01,7152
Saudi Arabia,2024,2,Feb,2024-02-01,2003
South Africa (Rep Of),2024,2,Feb,2024-02-01,1621
South Asia,2024,2,Feb,2024-02-01,83642
South Korea,2024,2,Feb,2024-02-01,69112
Southeast Asia,2024,2,Feb,2024-02-01,430395
Spain,2024,2,Feb,2024-02-01,3659
Sri Lanka,2024,2,Feb,2024-02-01,4111
Sweden,2024,2,Feb,2024-02-01,3178
Switzerland,2024,2,Feb,2024-02-01,7967
Taiwan,2024,2,Feb,2024-02-01,45705
Thailand,2024,2,Feb,2024-02-01,31089
Total International Visitor Arrivals By Place Of Residence,2024,2,Feb,2024-02-01,1417807
USA,2024,2,Feb,2024-02-01,60333
United Arab Emirates,2024,2,Feb,2024-02-01,4982
United Kingdom,2024,2,Feb,2024-02-01,68148
Vietnam,2024,2,Feb,2024-02-01,31776
West Asia,2024,2,Feb,2024-02-01,11498
Africa,2024,3,Mar,2024-03-01,5176
Americas,2024,3,Mar,2024-03-01,85431
Australia,2024,3,Mar,2024-03-01,90438
Bangladesh,2024,3,Mar,2024-03-01,8616
Belgium & Luxembourg,2024,3,Mar,2024-03-01,2741
Brunei Darussalam,2024,3,Mar,2024-03-01,4779
Canada,2024,3,Mar,2024-03-01,12439
China,2024,3,Mar,2024-03-01,247658
Denmark,2024,3,Mar,2024-03-01,2972
Egypt,2024,3,Mar,2024-03-01,175
Europe,2024,3,Mar,2024-03-01,198083
Finland,2024,3,Mar,2024-03-01,2973
France,2024,3,Mar,2024-03-01,14035
Germany,2024,3,Mar,2024-03-01,39351
Greater China,2024,3,Mar,2024-03-01,315946
Hong Kong SAR,2024,3,Mar,2024-03-01,35786
India,2024,3,Mar,2024-03-01,97027
Indonesia,2024,3,Mar,2024-03-01,204970
Iran,2024,3,Mar,2024-03-01,2207
Israel,2024,3,Mar,2024-03-01,1284
Italy,2024,3,Mar,2024-03-01,4868
Japan,2024,3,Mar,2024-03-01,54884
Kuwait,2024,3,Mar,2024-03-01,176
Malaysia,2024,3,Mar,2024-03-01,120242
Mauritius,2024,3,Mar,2024-03-01,346
Myanmar,2024,3,Mar,2024-03-01,15327
Netherlands,2024,3,Mar,2024-03-01,6914
New Zealand,2024,3,Mar,2024-03-01,9008
North Asia,2024,3,Mar,2024-03-01,97048
Norway,2024,3,Mar,2024-03-01,2417
Oceania,2024,3,Mar,2024-03-01,102173
Other Markets In Africa,2024,3,Mar,2024-03-01,1913
Other Markets In Americas,2024,3,Mar,2024-03-01,8552
Other Markets In Europe,2024,3,Mar,2024-03-01,24682
Other Markets In Greater China,2024,3,Mar,2024-03-01,2158
Other Markets In North Asia,2024,3,Mar,2024-03-01,100
Other Markets In Oceania,2024,3,Mar,2024-03-01,2727
Other Markets In South Asia,2024,3,Mar,2024-03-01,2312
Other Markets In Southeast Asia,2024,3,Mar,2024-03-01,7201
Other Markets In West Asia,2024,3,Mar,2024-03-01,1801
Others,2024,3,Mar,2024-03-01,66
Pakistan,2024,3,Mar,2024-03-01,824
Philippines,2024,3,Mar,2024-03-01,100271
Rep Of Ireland,2024,3,Mar,2024-03-01,2619
Russian Federation,2024,3,Mar,2024-03-01,5608
Saudi Arabia,2024,3,Mar,2024-03-01,812
South Africa (Rep Of),2024,3,Mar,2024-03-01,2742
South Asia,2024,3,Mar,2024-03-01,113228
South Korea,2024,3,Mar,2024-03-01,42064
Southeast Asia,2024,3,Mar,2024-03-01,534123
Spain,2024,3,Mar,2024-03-01,4731
Sri Lanka,2024,3,Mar,2024-03-01,4449
Sweden,2024,3,Mar,2024-03-01,2911
Switzerland,2024,3,Mar,2024-03-01,7743
Taiwan,2024,3,Mar,2024-03-01,30344
Thailand,2024,3,Mar,2024-03-01,45975
Total International Visitor Arrivals By Place Of Residence,2024,3,Mar,2024-03-01,1464865
USA,2024,3,Mar,2024-03-01,64440
United Arab Emirates,2024,3,Mar,2024-03-01,7311
United Kingdom,2024,3,Mar,2024-03-01,73518
Vietnam,2024,3,Mar,2024-03-01,35358
West Asia,2024,3,Mar,2024-03-01,13591
Africa,2024,4,Apr,2024-04-01,4857
Americas,2024,4,Apr,2024-04-01,69011
Australia,2024,4,Apr,2024-04-01,96752
Bangladesh,2024,4,Apr,2024-04-01,11707
Belgium & Luxembourg,2024,4,Apr,2024-04-01,2969
Brunei Darussalam,2024,4,Apr,2024-04-01,4844
Canada,2024,4,Apr,2024-04-01,11325
China,2024,4,Apr,2024-04-01,220435
Denmark,2024,4,Apr,2024-04-01,2398
Egypt,2024,4,Apr,2024-04-01,153
Europe,2024,4,Apr,2024-04-01,155963
Finland,2024,4,Apr,2024-04-01,2008
France,2024,4,Apr,2024-04-01,16785
Germany,2024,4,Apr,2024-04-01,27950
Greater China,2024,4,Apr,2024-04-01,278900
Hong Kong SAR,2024,4,Apr,2024-04-01,26453
India,2024,4,Apr,2024-04-01,106715
Indonesia,2024,4,Apr,2024-04-01,243892
Iran,2024,4,Apr,2024-04-01,404
Israel,2024,4,Apr,2024-04-01,1447
Italy,2024,4,Apr,2024-04-01,5149
Japan,2024,4,Apr,2024-04-01,32434
Kuwait,2024,4,Apr,2024-04-01,313
Malaysia,2024,4,Apr,2024-04-01,106186
Mauritius,2024,4,Apr,2024-04-01,582
Myanmar,2024,4,Apr,2024-04-01,15985
Netherlands,2024,4,Apr,2024-04-01,7188
New Zealand,2024,4,Apr,2024-04-01,13052
North Asia,2024,4,Apr,2024-04-01,69859
Norway,2024,4,Apr,2024-04-01,1763
Oceania,2024,4,Apr,2024-04-01,112497
Other Markets In Africa,2024,4,Apr,2024-04-01,2130
Other Markets In Americas,2024,4,Apr,2024-04-01,7945
Other Markets In Europe,2024,4,Apr,2024-04-01,20874
Other Markets In Greater China,2024,4,Apr,2024-04-01,1703
Other Markets In North Asia,2024,4,Apr,2024-04-01,79
Other Markets In Oceania,2024,4,Apr,2024-04-01,2693
Other Markets In South Asia,2024,4,Apr,2024-04-01,2720
Other Markets In Southeast Asia,2024,4,Apr,2024-04-01,9059
Other Markets In West Asia,2024,4,Apr,2024-04-01,2834
Others,2024,4,Apr,2024-04-01,40
Pakistan,2024,4,Apr,2024-04-01,956
Philippines,2024,4,Apr,2024-04-01,53154
Rep Of Ireland,2024,4,Apr,2024-04-01,1921
Russian Federation,2024,4,Apr,2024-04-01,5216
Saudi Arabia,2024,4,Apr,2024-04-01,1954
South Africa (Rep Of),2024,4,Apr,2024-04-01,1992
South Asia,2024,4,Apr,2024-04-01,128285
South Korea,2024,4,Apr,2024-04-01,37346
Southeast Asia,2024,4,Apr,2024-04-01,506437
Spain,2024,4,Apr,2024-04-01,3814
Sri Lanka,2024,4,Apr,2024-04-01,6187
Sweden,2024,4,Apr,2024-04-01,2123
Switzerland,2024,4,Apr,2024-04-01,8298
Taiwan,2024,4,Apr,2024-04-01,30309
Thailand,2024,4,Apr,2024-04-01,42507
Total International Visitor Arrivals By Place Of Residence,2024,4,Apr,2024-04-01,1343319
USA,2024,4,Apr,2024-04-01,49741
United Arab Emirates,2024,4,Apr,2024-04-01,10518
United Kingdom,2024,4,Apr,2024-04-01,47507
Vietnam,2024,4,Apr,2024-04-01,30810
West Asia,2024,4,Apr,2024-04-01,17470
Africa,2024,5,May,2024-05-01,6636
Americas,2024,5,May,2024-05-01,73351
Australia,2024,5,May,2024-05-01,79588
Bangladesh,2024,5,May,2024-05-01,10959
Belgium & Luxembourg,2024,5,May,2024-05-01,2631
Brunei Darussalam,2024,5,May,2024-05-01,3857
Canada,2024,5,May,2024-05-01,11155
China,2024,5,May,2024-05-01,222335
Denmark,2024,5,May,2024-05-01,1736
Egypt,2024,5,May,2024-05-01,281
Europe,2024,5,May,2024-05-01,125674
Finland,2024,5,May,2024-05-01,1533
France,2024,5,May,2024-05-01,15066
Germany,2024,5,May,2024-05-01,24531
Greater China,2024,5,May,2024-05-01,276637
Hong Kong SAR,2024,5,May,2024-05-01,24044
India,2024,5,May,2024-05-01,156572
Indonesia,2024,5,May,2024-05-01,189182
Iran,2024,5,May,2024-05-01,340
Israel,2024,5,May,2024-05-01,1303
Italy,2024,5,May,2024-05-01,4473
Japan,2024,5,May,2024-05-01,39077
Kuwait,2024,5,May,2024-05-01,217
Malaysia,2024,5,May,2024-05-01,95621
Mauritius,2024,5,May,2024-05-01,372
Myanmar,2024,5,May,2024-05-01,13356
Netherlands,2024,5,May,2024-05-01,7522
New Zealand,2024,5,May,2024-05-01,12808
North Asia,2024,5,May,2024-05-01,78968
Norway,2024,5,May,2024-05-01,1213
Oceania,2024,5,May,2024-05-01,95393
Other Markets In Africa,2024,5,May,2024-05-01,4205
Other Markets In Americas,2024,5,May,2024-05-01,7676
Other Markets In Europe,2024,5,May,2024-05-01,16775
Other Markets In Greater China,2024,5,May,2024-05-01,1461
Other Markets In North Asia,2024,5,May,2024-05-01,66
Other Markets In Oceania,2024,5,May,2024-05-01,2997
Other Markets In South Asia,2024,5,May,2024-05-01,3607
Other Markets In Southeast Asia,2024,5,May,2024-05-01,6709
Other Markets In West Asia,2024,5,May,2024-05-01,2090
Others,2024,5,May,2024-05-01,436
Pakistan,2024,5,May,2024-05-01,1309
Philippines,2024,5,May,2024-05-01,58311
Rep Of Ireland,2024,5,May,2024-05-01,1791
Russian Federation,2024,5,May,2024-05-01,3654
Saudi Arabia,2024,5,May,2024-05-01,1384
South Africa (Rep Of),2024,5,May,2024-05-01,1778
South Asia,2024,5,May,2024-05-01,178227
South Korea,2024,5,May,2024-05-01,39825
Southeast Asia,2024,5,May,2024-05-01,431069
Spain,2024,5,May,2024-05-01,3704
Sri Lanka,2024,5,May,2024-05-01,5780
Sweden,2024,5,May,2024-05-01,1457
Switzerland,2024,5,May,2024-05-01,6393
Taiwan,2024,5,May,2024-05-01,28797
Thailand,2024,5,May,2024-05-01,32818
Total International Visitor Arrivals By Place Of Residence,2024,5,May,2024-05-01,1277160
USA,2024,5,May,2024-05-01,54520
United Arab Emirates,2024,5,May,2024-05-01,5435
United Kingdom,2024,5,May,2024-05-01,33195
Vietnam,2024,5,May,2024-05-01,31215
West Asia,2024,5,May,2024-05-01,10769
Africa,2024,6,Jun,2024-06-01,5411
Americas,2024,6,Jun,2024-06-01,75896
Australia,2024,6,Jun,2024-06-01,88043
Bangladesh,2024,6,Jun,2024-06-01,12594
Belgium & Luxembourg,2024,6,Jun,2024-06-01,2252
Brunei Darussalam,2024,6,Jun,2024-06-01,3711
Canada,2024,6,Jun,2024-06-01,7987
China,2024,6,Jun,2024-06-01,217656
Denmark,2024,6,Jun,2024-06-01,1462
Egypt,2024,6,Jun,2024-06-01,241
Europe,2024,6,Jun,2024-06-01,101854
Finland,2024,6,Jun,2024-06-01,1610
France,2024,6,Jun,2024-06-01,11040
Germany,2024,6,Jun,2024-06-01,14014
Greater China,2024,6,Jun,2024-06-01,277314
Hong Kong SAR,2024,6,Jun,2024-06-01,23831
India,2024,6,Jun,2024-06-01,120380
Indonesia,2024,6,Jun,2024-06-01,200085
Iran,2024,6,Jun,2024-06-01,437
Israel,2024,6,Jun,2024-06-01,1138
Italy,2024,6,Jun,2024-06-01,4907
Japan,2024,6,Jun,2024-06-01,33936
Kuwait,2024,6,Jun,2024-06-01,1007
Malaysia,2024,6,Jun,2024-06-01,83558
Mauritius,2024,6,Jun,2024-06-01,283
Myanmar,2024,6,Jun,2024-06-01,12154
Netherlands,2024,6,Jun,2024-06-01,5114
New Zealand,2024,6,Jun,2024-06-01,14713
North Asia,2024,6,Jun,2024-06-01,73480
Norway,2024,6,Jun,2024-06-01,2038
Oceania,2024,6,Jun,2024-06-01,105433
Other Markets In Africa,2024,6,Jun,2024-06-01,2333
Other Markets In Americas,2024,6,Jun,2024-06-01,6450
Other Markets In Europe,2024,6,Jun,2024-06-01,14894
Other Markets In Greater China,2024,6,Jun,2024-06-01,1673
Other Markets In North Asia,2024,6,Jun,2024-06-01,48
Other Markets In Oceania,2024,6,Jun,2024-06-01,2677
Other Markets In South Asia,2024,6,Jun,2024-06-01,3100
Other Markets In Southeast Asia,2024,6,Jun,2024-06-01,7548
Other Markets In West Asia,2024,6,Jun,2024-06-01,3320
Others,2024,6,Jun,2024-06-01,806
Pakistan,2024,6,Jun,2024-06-01,2020
Philippines,2024,6,Jun,2024-06-01,76120
Rep Of Ireland,2024,6,Jun,2024-06-01,2108
Russian Federation,2024,6,Jun,2024-06-01,2907
Saudi Arabia,2024,6,Jun,2024-06-01,3589
South Africa (Rep Of),2024,6,Jun,2024-06-01,2554
South Asia,2024,6,Jun,2024-06-01,143130
South Korea,2024,6,Jun,2024-06-01,39496
Southeast Asia,2024,6,Jun,2024-06-01,450962
Spain,2024,6,Jun,2024-06-01,4259
Sri Lanka,2024,6,Jun,2024-06-01,5036
Sweden,2024,6,Jun,2024-06-01,1984
Switzerland,2024,6,Jun,2024-06-01,4513
Taiwan,2024,6,Jun,2024-06-01,34154
Thailand,2024,6,Jun,2024-06-01,25459
Total International Visitor Arrivals By Place Of Residence,2024,6,Jun,2024-06-01,1250293
USA,2024,6,Jun,2024-06-01,61459
United Arab Emirates,2024,6,Jun,2024-06-01,6516
United Kingdom,2024,6,Jun,2024-06-01,28752
Vietnam,2024,6,Jun,2024-06-01,42327
West Asia,2024,6,Jun,2024-06-01,16007
Africa,2024,7,Jul,2024-07-01,6115
Americas,2024,7,Jul,2024-07-01,82686
Australia,2024,7,Jul,2024-07-01,105660
Bangladesh,2024,7,Jul,2024-07-01,12236
Belgium & Luxembourg,2024,7,Jul,2024-07-01,5327
Brunei Darussalam,2024,7,Jul,2024-07-01,4401
Canada,2024,7,Jul,2024-07-01,10894
China,2024,7,Jul,2024-07-01,412951
Denmark,2024,7,Jul,2024-07-01,3642
Egypt,2024,7,Jul,2024-07-01,202
Europe,2024,7,Jul,2024-07-01,166398
Finland,2024,7,Jul,2024-07-01,1271
France,2024,7,Jul,2024-07-01,21064
Germany,2024,7,Jul,2024-07-01,21118
Greater China,2024,7,Jul,2024-07-01,500095
Hong Kong SAR,2024,7,Jul,2024-07-01,33769
India,2024,7,Jul,2024-07-01,89701
Indonesia,2024,7,Jul,2024-07-01,209826
Iran,2024,7,Jul,2024-07-01,404
Israel,2024,7,Jul,2024-07-01,1321
Italy,2024,7,Jul,2024-07-01,7825
Japan,2024,7,Jul,2024-07-01,51162
Kuwait,2024,7,Jul,2024-07-01,1242
Malaysia,2024,7,Jul,2024-07-01,83068
Mauritius,2024,7,Jul,2024-07-01,426
Myanmar,2024,7,Jul,2024-07-01,12474
Netherlands,2024,7,Jul,2024-07-01,12275
New Zealand,2024,7,Jul,2024-07-01,18182
North Asia,2024,7,Jul,2024-07-01,108673
Norway,2024,7,Jul,2024-07-01,3836
Oceania,2024,7,Jul,2024-07-01,126960
Other Markets In Africa,2024,7,Jul,2024-07-01,3310
Other Markets In Americas,2024,7,Jul,2024-07-01,6588
Other Markets In Europe,2024,7,Jul,2024-07-01,20985
Other Markets In Greater China,2024,7,Jul,2024-07-01,3445
Other Markets In North Asia,2024,7,Jul,2024-07-01,112
Other Markets In Oceania,2024,7,Jul,2024-07-01,3118
Other Markets In South Asia,2024,7,Jul,2024-07-01,2955
Other Markets In Southeast Asia,2024,7,Jul,2024-07-01,9435
Other Markets In West Asia,2024,7,Jul,2024-07-01,4579
Others,2024,7,Jul,2024-07-01,191
Pakistan,2024,7,Jul,2024-07-01,2818
Philippines,2024,7,Jul,2024-07-01,72589
Rep Of Ireland,2024,7,Jul,2024-07-01,2458
Russian Federation,2024,7,Jul,2024-07-01,3774
Saudi Arabia,2024,7,Jul,2024-07-01,4544
South Africa (Rep Of),2024,7,Jul,2024-07-01,2177
South Asia,2024,7,Jul,2024-07-01,112631
South Korea,2024,7,Jul,2024-07-01,57399
Southeast Asia,2024,7,Jul,2024-07-01,475246
Spain,2024,7,Jul,2024-07-01,7998
Sri Lanka,2024,7,Jul,2024-07-01,4921
Sweden,2024,7,Jul,2024-07-01,2349
Switzerland,2024,7,Jul,2024-07-01,10243
Taiwan,2024,7,Jul,2024-07-01,49930
Thailand,2024,7,Jul,2024-07-01,32834
Total International Visitor Arrivals By Place Of Residence,2024,7,Jul,2024-07-01,1602603
USA,2024,7,Jul,2024-07-01,65204
United Arab Emirates,2024,7,Jul,2024-07-01,11518
United Kingdom,2024,7,Jul,2024-07-01,42233
Vietnam,2024,7,Jul,2024-07-01,50619
West Asia,2024,7,Jul,2024-07-01,23608
Africa,2024,8,Aug,2024-08-01,7027
Americas,2024,8,Aug,2024-08-01,67753
Australia,2024,8,Aug,2024-08-01,82959
Bangladesh,2024,8,Aug,2024-08-01,11027
Belgium & Luxembourg,2024,8,Aug,2024-08-01,4458
Brunei Darussalam,2024,8,Aug,2024-08-01,5679
Canada,2024,8,Aug,2024-08-01,10796
China,2024,8,Aug,2024-08-01,403138
Denmark,2024,8,Aug,2024-08-01,1988
Egypt,2024,8,Aug,2024-08-01,244
Europe,2024,8,Aug,2024-08-01,204247
Finland,2024,8,Aug,2024-08-01,832
France,2024,8,Aug,2024-08-01,26916
Germany,2024,8,Aug,2024-08-01,27501
Greater China,2024,8,Aug,2024-08-01,484556
Hong Kong SAR,2024,8,Aug,2024-08-01,35682
India,2024,8,Aug,2024-08-01,91805
Indonesia,2024,8,Aug,2024-08-01,163910
Iran,2024,8,Aug,2024-08-01,521
Israel,2024,8,Aug,2024-08-01,1299
Italy,2024,8,Aug,2024-08-01,29522
Japan,2024,8,Aug,2024-08-01,81803
Kuwait,2024,8,Aug,2024-08-01,1957
Malaysia,2024,8,Aug,2024-08-01,79895
Mauritius,2024,8,Aug,2024-08-01,504
Myanmar,2024,8,Aug,2024-08-01,9852
Netherlands,2024,8,Aug,2024-08-01,12682
New Zealand,2024,8,Aug,2024-08-01,14070
North Asia,2024,8,Aug,2024-08-01,142900
Norway,2024,8,Aug,2024-08-01,1467
Oceania,2024,8,Aug,2024-08-01,100001
Other Markets In Africa,2024,8,Aug,2024-08-01,4377
Other Markets In Americas,2024,8,Aug,2024-08-01,5875
Other Markets In Europe,2024,8,Aug,2024-08-01,23528
Other Markets In Greater China,2024,8,Aug,2024-08-01,3454
Other Markets In North Asia,2024,8,Aug,2024-08-01,111
Other Markets In Oceania,2024,8,Aug,2024-08-01,2972
Other Markets In South Asia,2024,8,Aug,2024-08-01,3074
Other Markets In Southeast Asia,2024,8,Aug,2024-08-01,7701
Other Markets In West Asia,2024,8,Aug,2024-08-01,3738
Others,2024,8,Aug,2024-08-01,33
Pakistan,2024,8,Aug,2024-08-01,1717
Philippines,2024,8,Aug,2024-08-01,60174
Rep Of Ireland,2024,8,Aug,2024-08-01,2028
Russian Federation,2024,8,Aug,2024-08-01,3498
Saudi Arabia,2024,8,Aug,2024-08-01,3065
South Africa (Rep Of),2024,8,Aug,2024-08-01,1902
South Asia,2024,8,Aug,2024-08-01,113390
South Korea,2024,8,Aug,2024-08-01,60986
Southeast Asia,2024,8,Aug,2024-08-01,398577
Spain,2024,8,Aug,2024-08-01,13721
Sri Lanka,2024,8,Aug,2024-08-01,5767
Sweden,2024,8,Aug,2024-08-01,1442
Switzerland,2024,8,Aug,2024-08-01,7359
Taiwan,2024,8,Aug,2024-08-01,42282
Thailand,2024,8,Aug,2024-08-01,27966
Total International Visitor Arrivals By Place Of Residence,2024,8,Aug,2024-08-01,1539828
USA,2024,8,Aug,2024-08-01,51082
United Arab Emirates,2024,8,Aug,2024-08-01,10764
United Kingdom,2024,8,Aug,2024-08-01,47305
Vietnam,2024,8,Aug,2024-08-01,43400
West Asia,2024,8,Aug,2024-08-01,21344
Africa,2024,9,Sep,2024-09-01,6193
Americas,2024,9,Sep,2024-09-01,64689
Australia,2024,9,Sep,2024-09-01,110930
Bangladesh,2024,9,Sep,2024-09-01,11473
Belgium & Luxembourg,2024,9,Sep,2024-09-01,3334
Brunei Darussalam,2024,9,Sep,2024-09-01,3968
Canada,2024,9,Sep,2024-09-01,9230
China,2024,9,Sep,2024-09-01,217205
Denmark,2024,9,Sep,2024-09-01,2219
Egypt,2024,9,Sep,2024-09-01,267
Europe,2024,9,Sep,2024-09-01,149578
Finland,2024,9,Sep,2024-09-01,1334
France,2024,9,Sep,2024-09-01,14774
Germany,2024,9,Sep,2024-09-01,23795
Greater China,2024,9,Sep,2024-09-01,275553
Hong Kong SAR,2024,9,Sep,2024-09-01,26627
India,2024,9,Sep,2024-09-01,87767
Indonesia,2024,9,Sep,2024-09-01,173613
Iran,2024,9,Sep,2024-09-01,853
Israel,2024,9,Sep,2024-09-01,1779
Italy,2024,9,Sep,2024-09-01,8001
Japan,2024,9,Sep,2024-09-01,57825
Kuwait,2024,9,Sep,2024-09-01,598
Malaysia,2024,9,Sep,2024-09-01,112151
Mauritius,2024,9,Sep,2024-09-01,320
Myanmar,2024,9,Sep,2024-09-01,9580
Netherlands,2024,9,Sep,2024-09-01,7563
New Zealand,2024,9,Sep,2024-09-01,15792
North Asia,2024,9,Sep,2024-09-01,102800
Norway,2024,9,Sep,2024-09-01,1597
Oceania,2024,9,Sep,2024-09-01,130165
Other Markets In Africa,2024,9,Sep,2024-09-01,2960
Other Markets In Americas,2024,9,Sep,2024-09-01,7966
Other Markets In Europe,2024,9,Sep,2024-09-01,22491
Other Markets In Greater China,2024,9,Sep,2024-09-01,1313
Other Markets In North Asia,2024,9,Sep,2024-09-01,89
Other Markets In Oceania,2024,9,Sep,2024-09-01,3443
Other Markets In South Asia,2024,9,Sep,2024-09-01,2994
Other Markets In Southeast Asia,2024,9,Sep,2024-09-01,6720
Other Markets In West Asia,2024,9,Sep,2024-09-01,2380
Others,2024,9,Sep,2024-09-01,68
Pakistan,2024,9,Sep,2024-09-01,1459
Philippines,2024,9,Sep,2024-09-01,55976
Rep Of Ireland,2024,9,Sep,2024-09-01,2041
Russian Federation,2024,9,Sep,2024-09-01,3475
Saudi Arabia,2024,9,Sep,2024-09-01,1929
South Africa (Rep Of),2024,9,Sep,2024-09-01,2646
South Asia,2024,9,Sep,2024-09-01,108914
South Korea,2024,9,Sep,2024-09-01,44886
Southeast Asia,2024,9,Sep,2024-09-01,417351
Spain,2024,9,Sep,2024-09-01,7460
Sri Lanka,2024,9,Sep,2024-09-01,5221
Sweden,2024,9,Sep,2024-09-01,1574
Switzerland,2024,9,Sep,2024-09-01,6888
Taiwan,2024,9,Sep,2024-09-01,30408
Thailand,2024,9,Sep,2024-09-01,27707
Total International Visitor Arrivals By Place Of Residence,2024,9,Sep,2024-09-01,1270681
USA,2024,9,Sep,2024-09-01,47493
United Arab Emirates,2024,9,Sep,2024-09-01,7831
United Kingdom,2024,9,Sep,2024-09-01,43032
Vietnam,2024,9,Sep,2024-09-01,27636
West Asia,2024,9,Sep,2024-09-01,15370
Africa,2024,10,Oct,2024-10-01,5324
Americas,2024,10,Oct,2024-10-01,69879
Australia,2024,10,Oct,2024-10-01,100935
Bangladesh,2024,10,Oct,2024-10-01,12938
Belgium & Luxembourg,2024,10,Oct,2024-10-01,2865
Brunei Darussalam,2024,10,Oct,2024-10-01,3959
Canada,2024,10,Oct,2024-10-01,11402
China,2024,10,Oct,2024-10-01,234528
Denmark,2024,10,Oct,2024-10-01,2636
Egypt,2024,10,Oct,2024-10-01,306
Europe,2024,10,Oct,2024-10-01,151359
Finland,2024,10,Oct,2024-10-01,2470
France,2024,10,Oct,2024-10-01,14969
Germany,2024,10,Oct,2024-10-01,26180
Greater China,2024,10,Oct,2024-10-01,290844
Hong Kong SAR,2024,10,Oct,2024-10-01,25197
India,2024,10,Oct,2024-10-01,102233
Indonesia,2024,10,Oct,2024-10-01,183714
Iran,2024,10,Oct,2024-10-01,385
Israel,2024,10,Oct,2024-10-01,2123
Italy,2024,10,Oct,2024-10-01,5864
Japan,2024,10,Oct,2024-10-01,51819
Kuwait,2024,10,Oct,2024-10-01,352
Malaysia,2024,10,Oct,2024-10-01,103432
Mauritius,2024,10,Oct,2024-10-01,313
Myanmar,2024,10,Oct,2024-10-01,11801
Netherlands,2024,10,Oct,2024-10-01,7381
New Zealand,2024,10,Oct,2024-10-01,14003
North Asia,2024,10,Oct,2024-10-01,94009
Norway,2024,10,Oct,2024-10-01,1710
Oceania,2024,10,Oct,2024-10-01,118510
Other Markets In Africa,2024,10,Oct,2024-10-01,2735
Other Markets In Americas,2024,10,Oct,2024-10-01,8138
Other Markets In Europe,2024,10,Oct,2024-10-01,21359
Other Markets In Greater China,2024,10,Oct,2024-10-01,1882
Other Markets In North Asia,2024,10,Oct,2024-10-01,102
Other Markets In Oceania,2024,10,Oct,2024-10-01,3572
Other Markets In South Asia,2024,10,Oct,2024-10-01,4269
Other Markets In Southeast Asia,2024,10,Oct,2024-10-01,8052
Other Markets In West Asia,2024,10,Oct,2024-10-01,2949
Others,2024,10,Oct,2024-10-01,34
Pakistan,2024,10,Oct,2024-10-01,1516
Philippines,2024,10,Oct,2024-10-01,61489
Rep Of Ireland,2024,10,Oct,2024-10-01,2137
Russian Federation,2024,10,Oct,2024-10-01,3905
Saudi Arabia,2024,10,Oct,2024-10-01,1597
South Africa (Rep Of),2024,10,Oct,2024-10-01,1970
South Asia,2024,10,Oct,2024-10-01,125793
South Korea,2024,10,Oct,2024-10-01,42088
Southeast Asia,2024,10,Oct,2024-10-01,444034
Spain,2024,10,Oct,2024-10-01,5487
Sri Lanka,2024,10,Oct,2024-10-01,4837
Sweden,2024,10,Oct,2024-10-01,2402
Switzerland,2024,10,Oct,2024-10-01,8051
Taiwan,2024,10,Oct,2024-10-01,29237
Thailand,2024,10,Oct,2024-10-01,44447
Total International Visitor Arrivals By Place Of Residence,2024,10,Oct,2024-10-01,1314493
USA,2024,10,Oct,2024-10-01,50339
United Arab Emirates,2024,10,Oct,2024-10-01,7301
United Kingdom,2024,10,Oct,2024-10-01,43943
Vietnam,2024,10,Oct,2024-10-01,27140
West Asia,2024,10,Oct,2024-10-01,14707
Africa,2024,11,Nov,2024-11-01,5659
Americas,2024,11,Nov,2024-11-01,86005
Australia,2024,11,Nov,2024-11-01,92661
Bangladesh,2024,11,Nov,2024-11-01,11092
Belgium & Luxembourg,2024,11,Nov,2024-11-01,2906
Brunei Darussalam,2024,11,Nov,2024-11-01,4500
Canada,2024,11,Nov,2024-11-01,14791
China,2024,11,Nov,2024-11-01,174751
Denmark,2024,11,Nov,2024-11-01,2577
Egypt,2024,11,Nov,2024-11-01,364
Europe,2024,11,Nov,2024-11-01,161891
Finland,2024,11,Nov,2024-11-01,2394
France,2024,11,Nov,2024-11-01,13671
Germany,2024,11,Nov,2024-11-01,26020
Greater China,2024,11,Nov,2024-11-01,224281
Hong Kong SAR,2024,11,Nov,2024-11-01,24541
India,2024,11,Nov,2024-11-01,92905
Indonesia,2024,11,Nov,2024-11-01,194446
Iran,2024,11,Nov,2024-11-01,400
Israel,2024,11,Nov,2024-11-01,1877
Italy,2024,11,Nov,2024-11-01,5112
Japan,2024,11,Nov,2024-11-01,44327
Kuwait,2024,11,Nov,2024-11-01,352
Malaysia,2024,11,Nov,2024-11-01,101920
Mauritius,2024,11,Nov,2024-11-01,802
Myanmar,2024,11,Nov,2024-11-01,11345
Netherlands,2024,11,Nov,2024-11-01,7303
New Zealand,2024,11,Nov,2024-11-01,10351
North Asia,2024,11,Nov,2024-11-01,84039
Norway,2024,11,Nov,2024-11-01,2075
Oceania,2024,11,Nov,2024-11-01,106727
Other Markets In Africa,2024,11,Nov,2024-11-01,2672
Other Markets In Americas,2024,11,Nov,2024-11-01,10209
Other Markets In Europe,2024,11,Nov,2024-11-01,26761
Other Markets In Greater China,2024,11,Nov,2024-11-01,1799
Other Markets In North Asia,2024,11,Nov,2024-11-01,112
Other Markets In Oceania,2024,11,Nov,2024-11-01,3715
Other Markets In South Asia,2024,11,Nov,2024-11-01,2556
Other Markets In Southeast Asia,2024,11,Nov,2024-11-01,7633
Other Markets In West Asia,2024,11,Nov,2024-11-01,2335
Others,2024,11,Nov,2024-11-01,36
Pakistan,2024,11,Nov,2024-11-01,1569
Philippines,2024,11,Nov,2024-11-01,66942
Rep Of Ireland,2024,11,Nov,2024-11-01,2514
Russian Federation,2024,11,Nov,2024-11-01,6235
Saudi Arabia,2024,11,Nov,2024-11-01,3429
South Africa (Rep Of),2024,11,Nov,2024-11-01,1821
South Asia,2024,11,Nov,2024-11-01,113092
South Korea,2024,11,Nov,2024-11-01,39600
Southeast Asia,2024,11,Nov,2024-11-01,437876
Spain,2024,11,Nov,2024-11-01,5432
Sri Lanka,2024,11,Nov,2024-11-01,4970
Sweden,2024,11,Nov,2024-11-01,2892
Switzerland,2024,11,Nov,2024-11-01,7392
Taiwan,2024,11,Nov,2024-11-01,23190
Thailand,2024,11,Nov,2024-11-01,26740
Total International Visitor Arrivals By Place Of Residence,2024,11,Nov,2024-11-01,1234698
USA,2024,11,Nov,2024-11-01,61005
United Arab Emirates,2024,11,Nov,2024-11-01,6699
United Kingdom,2024,11,Nov,2024-11-01,48607
Vietnam,2024,11,Nov,2024-11-01,24350
West Asia,2024,11,Nov,2024-11-01,15092
Africa,2024,12,Dec,2024-12-01,11486
Americas,2024,12,Dec,2024-12-01,84452
Australia,2024,12,Dec,2024-12-01,122321
Bangladesh,2024,12,Dec,2024-12-01,13441
Belgium & Luxembourg,2024,12,Dec,2024-12-01,2533
Brunei Darussalam,2024,12,Dec,2024-12-01,8439
Canada,2024,12,Dec,2024-12-01,12839
China,2024,12,Dec,2024-12-01,193483
Denmark,2024,12,Dec,2024-12-01,2415
Egypt,2024,12,Dec,2024-12-01,239
Europe,2024,12,Dec,2024-12-01,155696
Finland,2024,12,Dec,2024-12-01,2839
France,2024,12,Dec,2024-12-01,10947
Germany,2024,12,Dec,2024-12-01,31729
Greater China,2024,12,Dec,2024-12-01,240770
Hong Kong SAR,2024,12,Dec,2024-12-01,23487
India,2024,12,Dec,2024-12-01,103740
Indonesia,2024,12,Dec,2024-12-01,266033
Iran,2024,12,Dec,2024-12-01,430
Israel,2024,12,Dec,2024-12-01,1494
Italy,2024,12,Dec,2024-12-01,4828
Japan,2024,12,Dec,2024-12-01,43001
Kuwait,2024,12,Dec,2024-12-01,530
Malaysia,2024,12,Dec,2024-12-01,105622
Mauritius,2024,12,Dec,2024-12-01,1077
Myanmar,2024,12,Dec,2024-12-01,14421
Netherlands,2024,12,Dec,2024-12-01,6643
New Zealand,2024,12,Dec,2024-12-01,13038
North Asia,2024,12,Dec,2024-12-01,85933
Norway,2024,12,Dec,2024-12-01,2130
Oceania,2024,12,Dec,2024-12-01,139442
Other Markets In Africa,2024,12,Dec,2024-12-01,4834
Other Markets In Americas,2024,12,Dec,2024-12-01,6771
Other Markets In Europe,2024,12,Dec,2024-12-01,22959
Other Markets In Greater China,2024,12,Dec,2024-12-01,3243
Other Markets In North Asia,2024,12,Dec,2024-12-01,90
Other Markets In Oceania,2024,12,Dec,2024-12-01,4083
Other Markets In South Asia,2024,12,Dec,2024-12-01,3320
Other Markets In Southeast Asia,2024,12,Dec,2024-12-01,8565
Other Markets In West Asia,2024,12,Dec,2024-12-01,2866
Others,2024,12,Dec,2024-12-01,25
Pakistan,2024,12,Dec,2024-12-01,2109
Philippines,2024,12,Dec,2024-12-01,72162
Rep Of Ireland,2024,12,Dec,2024-12-01,1992
Russian Federation,2024,12,Dec,2024-12-01,6109
Saudi Arabia,2024,12,Dec,2024-12-01,1914
South Africa (Rep Of),2024,12,Dec,2024-12-01,5336
South Asia,2024,12,Dec,2024-12-01,129414
South Korea,2024,12,Dec,2024-12-01,42842
Southeast Asia,2024,12,Dec,2024-12-01,528320
Spain,2024,12,Dec,2024-12-01,4362
Sri Lanka,2024,12,Dec,2024-12-01,6804
Sweden,2024,12,Dec,2024-12-01,4024
Switzerland,2024,12,Dec,2024-12-01,7536
Taiwan,2024,12,Dec,2024-12-01,20557
Thailand,2024,12,Dec,2024-12-01,30436
Total International Visitor Arrivals By Place Of Residence,2024,12,Dec,2024-12-01,1390641
USA,2024,12,Dec,2024-12-01,64842
United Arab Emirates,2024,12,Dec,2024-12-01,7869
United Kingdom,2024,12,Dec,2024-12-01,44650
Vietnam,2024,12,Dec,2024-12-01,22642
West Asia,2024,12,Dec,2024-12-01,15103
Africa,2025,1,Jan,2025-01-01,6525
Americas,2025,1,Jan,2025-01-01,97422
Australia,2025,1,Jan,2025-01-01,141337
Bangladesh,2025,1,Jan,2025-01-01,12532
Belgium & Luxembourg,2025,1,Jan,2025-01-01,2634
Brunei Darussalam,2025,1,Jan,2025-01-01,4535
Canada,2025,1,Jan,2025-01-01,16855
China,2025,1,Jan,2025-01-01,376481
Denmark,2025,1,Jan,2025-01-01,3162
Egypt,2025,1,Jan,2025-01-01,426
Europe,2025,1,Jan,2025-01-01,200004
Finland,2025,1,Jan,2025-01-01,3613
France,2025,1,Jan,2025-01-01,12948
Germany,2025,1,Jan,2025-01-01,39376
Greater China,2025,1,Jan,2025-01-01,452741
Hong Kong SAR,2025,1,Jan,2025-01-01,25869
India,2025,1,Jan,2025-01-01,85400
Indonesia,2025,1,Jan,2025-01-01,251772
Iran,2025,1,Jan,2025-01-01,390
Israel,2025,1,Jan,2025-01-01,2116
Italy,2025,1,Jan,2025-01-01,6086
Japan,2025,1,Jan,2025-01-01,40053
Kuwait,2025,1,Jan,2025-01-01,754
Malaysia,2025,1,Jan,2025-01-01,102328
Mauritius,2025,1,Jan,2025-01-01,487
Myanmar,2025,1,Jan,2025-01-01,11794
Netherlands,2025,1,Jan,2025-01-01,7685
New Zealand,2025,1,Jan,2025-01-01,14545
North Asia,2025,1,Jan,2025-01-01,119529
Norway,2025,1,Jan,2025-01-01,2603
Oceania,2025,1,Jan,2025-01-01,159560
Other Markets In Africa,2025,1,Jan,2025-01-01,2670
Other Markets In Americas,2025,1,Jan,2025-01-01,9605
Other Markets In Europe,2025,1,Jan,2025-01-01,34948
Other Markets In Greater China,2025,1,Jan,2025-01-01,4265
Other Markets In North Asia,2025,1,Jan,2025-01-01,175
Other Markets In Oceania,2025,1,Jan,2025-01-01,3678
Other Markets In South Asia,2025,1,Jan,2025-01-01,3241
Other Markets In Southeast Asia,2025,1,Jan,2025-01-01,6961
Other Markets In West Asia,2025,1,Jan,2025-01-01,2275
Others,2025,1,Jan,2025-01-01,47
Pakistan,2025,1,Jan,2025-01-01,1809
Philippines,2025,1,Jan,2025-01-01,49088
Rep Of Ireland,2025,1,Jan,2025-01-01,2673
Russian Federation,2025,1,Jan,2025-01-01,10469
Saudi Arabia,2025,1,Jan,2025-01-01,2381
South Africa (Rep Of),2025,1,Jan,2025-01-01,2942
South Asia,2025,1,Jan,2025-01-01,107445
South Korea,2025,1,Jan,2025-01-01,79301
Southeast Asia,2025,1,Jan,2025-01-01,476556
Spain,2025,1,Jan,2025-01-01,4376
Sri Lanka,2025,1,Jan,2025-01-01,4463
Sweden,2025,1,Jan,2025-01-01,4674
Switzerland,2025,1,Jan,2025-01-01,8283
Taiwan,2025,1,Jan,2025-01-01,46126
Thailand,2025,1,Jan,2025-01-01,23423
Total International Visitor Arrivals By Place Of Residence,2025,1,Jan,2025-01-01,1633495
USA,2025,1,Jan,2025-01-01,70962
United Arab Emirates,2025,1,Jan,2025-01-01,5750
United Kingdom,2025,1,Jan,2025-01-01,56474
Vietnam,2025,1,Jan,2025-01-01,26655
West Asia,2025,1,Jan,2025-01-01,13666
Africa,2025,2,Feb,2025-02-01,4378
Americas,2025,2,Feb,2025-02-01,89921
Australia,2025,2,Feb,2025-02-01,85012
Bangladesh,2025,2,Feb,2025-02-01,10851
Belgium & Luxembourg,2025,2,Feb,2025-02-01,2871
Brunei Darussalam,2025,2,Feb,2025-02-01,3766
Canada,2025,2,Feb,2025-02-01,16299
China,2025,2,Feb,2025-02-01,267974
Denmark,2025,2,Feb,2025-02-01,3909
Egypt,2025,2,Feb,2025-02-01,222
Europe,2025,2,Feb,2025-02-01,208194
Finland,2025,2,Feb,2025-02-01,3434
France,2025,2,Feb,2025-02-01,18937
Germany,2025,2,Feb,2025-02-01,39200
Greater China,2025,2,Feb,2025-02-01,324420
Hong Kong SAR,2025,2,Feb,2025-02-01,21228
India,2025,2,Feb,2025-02-01,74869
Indonesia,2025,2,Feb,2025-02-01,192616
Iran,2025,2,Feb,2025-02-01,325
Israel,2025,2,Feb,2025-02-01,2133
Italy,2025,2,Feb,2025-02-01,5709
Japan,2025,2,Feb,2025-02-01,55785
Kuwait,2025,2,Feb,2025-02-01,496
Malaysia,2025,2,Feb,2025-02-01,105762
Mauritius,2025,2,Feb,2025-02-01,381
Myanmar,2025,2,Feb,2025-02-01,10923
Netherlands,2025,2,Feb,2025-02-01,7583
New Zealand,2025,2,Feb,2025-02-01,7521
North Asia,2025,2,Feb,2025-02-01,128147
Norway,2025,2,Feb,2025-02-01,2715
Oceania,2025,2,Feb,2025-02-01,95304
Other Markets In Africa,2025,2,Feb,2025-02-01,2305
Other Markets In Americas,2025,2,Feb,2025-02-01,7845
Other Markets In Europe,2025,2,Feb,2025-02-01,36808
Other Markets In Greater China,2025,2,Feb,2025-02-01,1726
Other Markets In North Asia,2025,2,Feb,2025-02-01,132
Other Markets In Oceania,2025,2,Feb,2025-02-01,2771
Other Markets In South Asia,2025,2,Feb,2025-02-01,2492
Other Markets In Southeast Asia,2025,2,Feb,2025-02-01,6145
Other Markets In West Asia,2025,2,Feb,2025-02-01,2516
Others,2025,2,Feb,2025-02-01,32
Pakistan,2025,2,Feb,2025-02-01,1708
Philippines,2025,2,Feb,2025-02-01,50154
Rep Of Ireland,2025,2,Feb,2025-02-01,2453
Russian Federation,2025,2,Feb,2025-02-01,7933
Saudi Arabia,2025,2,Feb,2025-02-01,1856
South Africa (Rep Of),2025,2,Feb,2025-02-01,1470
South Asia,2025,2,Feb,2025-02-01,94262
South Korea,2025,2,Feb,2025-02-01,72230
Southeast Asia,2025,2,Feb,2025-02-01,419289
Spain,2025,2,Feb,2025-02-01,4278
Sri Lanka,2025,2,Feb,2025-02-01,4342
Sweden,2025,2,Feb,2025-02-01,3959
Switzerland,2025,2,Feb,2025-02-01,8167
Taiwan,2025,2,Feb,2025-02-01,33492
Thailand,2025,2,Feb,2025-02-01,26711
Total International Visitor Arrivals By Place Of Residence,2025,2,Feb,2025-02-01,1377513
USA,2025,2,Feb,2025-02-01,65777
United Arab Emirates,2025,2,Feb,2025-02-01,6240
United Kingdom,2025,2,Feb,2025-02-01,60238
Vietnam,2025,2,Feb,2025-02-01,23212
West Asia,2025,2,Feb,2025-02-01,13566
Africa,2025,3,Mar,2025-03-01,4662
Americas,2025,3,Mar,2025-03-01,94760
Australia,2025,3,Mar,2025-03-01,81781
Bangladesh,2025,3,Mar,2025-03-01,11219
Belgium & Luxembourg,2025,3,Mar,2025-03-01,2813
Brunei Darussalam,2025,3,Mar,2025-03-01,4435
Canada,2025,3,Mar,2025-03-01,17576
China,2025,3,Mar,2025-03-01,187036
Denmark,2025,3,Mar,2025-03-01,2935
Egypt,2025,3,Mar,2025-03-01,152
Europe,2025,3,Mar,2025-03-01,193320
Finland,2025,3,Mar,2025-03-01,2827
France,2025,3,Mar,2025-03-01,14771
Germany,2025,3,Mar,2025-03-01,37577
Greater China,2025,3,Mar,2025-03-01,238828
Hong Kong SAR,2025,3,Mar,2025-03-01,23378
India,2025,3,Mar,2025-03-01,101198
Indonesia,2025,3,Mar,2025-03-01,195890
Iran,2025,3,Mar,2025-03-01,1565
Israel,2025,3,Mar,2025-03-01,2413
Italy,2025,3,Mar,2025-03-01,5354
Japan,2025,3,Mar,2025-03-01,65548
Kuwait,2025,3,Mar,2025-03-01,243
Malaysia,2025,3,Mar,2025-03-01,104150
Mauritius,2025,3,Mar,2025-03-01,282
Myanmar,2025,3,Mar,2025-03-01,14813
Netherlands,2025,3,Mar,2025-03-01,6761
New Zealand,2025,3,Mar,2025-03-01,8878
North Asia,2025,3,Mar,2025-03-01,104090
Norway,2025,3,Mar,2025-03-01,2254
Oceania,2025,3,Mar,2025-03-01,93049
Other Markets In Africa,2025,3,Mar,2025-03-01,2159
Other Markets In Americas,2025,3,Mar,2025-03-01,8884
Other Markets In Europe,2025,3,Mar,2025-03-01,30023
Other Markets In Greater China,2025,3,Mar,2025-03-01,1522
Other Markets In North Asia,2025,3,Mar,2025-03-01,96
Other Markets In Oceania,2025,3,Mar,2025-03-01,2390
Other Markets In South Asia,2025,3,Mar,2025-03-01,2418
Other Markets In Southeast Asia,2025,3,Mar,2025-03-01,5928
Other Markets In West Asia,2025,3,Mar,2025-03-01,2476
Others,2025,3,Mar,2025-03-01,13
Pakistan,2025,3,Mar,2025-03-01,569
Philippines,2025,3,Mar,2025-03-01,51623
Rep Of Ireland,2025,3,Mar,2025-03-01,2774
Russian Federation,2025,3,Mar,2025-03-01,6974
Saudi Arabia,2025,3,Mar,2025-03-01,1401
South Africa (Rep Of),2025,3,Mar,2025-03-01,2069
South Asia,2025,3,Mar,2025-03-01,120378
South Korea,2025,3,Mar,2025-03-01,38446
Southeast Asia,2025,3,Mar,2025-03-01,429836
Spain,2025,3,Mar,2025-03-01,4586
Sri Lanka,2025,3,Mar,2025-03-01,4974
Sweden,2025,3,Mar,2025-03-01,3083
Switzerland,2025,3,Mar,2025-03-01,7312
Taiwan,2025,3,Mar,2025-03-01,26892
Thailand,2025,3,Mar,2025-03-01,29757
Total International Visitor Arrivals By Place Of Residence,2025,3,Mar,2025-03-01,1296605
USA,2025,3,Mar,2025-03-01,68300
United Arab Emirates,2025,3,Mar,2025-03-01,9571
United Kingdom,2025,3,Mar,2025-03-01,63276
Vietnam,2025,3,Mar,2025-03-01,23240
West Asia,2025,3,Mar,2025-03-01,17669
Africa,2025,4,Apr,2025-04-01,6784
Americas,2025,4,Apr,2025-04-01,74503
Australia,2025,4,Apr,2025-04-01,116848
Bangladesh,2025,4,Apr,2025-04-01,13591
Belgium & Luxembourg,2025,4,Apr,2025-04-01,3139
Brunei Darussalam,2025,4,Apr,2025-04-01,4107
Canada,2025,4,Apr,2025-04-01,11702
China,2025,4,Apr,2025-04-01,207505
Denmark,2025,4,Apr,2025-04-01,2585
Egypt,2025,4,Apr,2025-04-01,205
Europe,2025,4,Apr,2025-04-01,175269
Finland,2025,4,Apr,2025-04-01,1911
France,2025,4,Apr,2025-04-01,15665
Germany,2025,4,Apr,2025-04-01,30761
Greater China,2025,4,Apr,2025-04-01,275456
Hong Kong SAR,2025,4,Apr,2025-04-01,34549
India,2025,4,Apr,2025-04-01,118660
Indonesia,2025,4,Apr,2025-04-01,236847
Iran,2025,4,Apr,2025-04-01,509
Israel,2025,4,Apr,2025-04-01,2126
Italy,2025,4,Apr,2025-04-01,6480
Japan,2025,4,Apr,2025-04-01,31817
Kuwait,2025,4,Apr,2025-04-01,324
Malaysia,2025,4,Apr,2025-04-01,109253
Mauritius,2025,4,Apr,2025-04-01,613
Myanmar,2025,4,Apr,2025-04-01,16881
Netherlands,2025,4,Apr,2025-04-01,7381
New Zealand,2025,4,Apr,2025-04-01,14745
North Asia,2025,4,Apr,2025-04-01,63898
Norway,2025,4,Apr,2025-04-01,1794
Oceania,2025,4,Apr,2025-04-01,134313
Other Markets In Africa,2025,4,Apr,2025-04-01,2955
Other Markets In Americas,2025,4,Apr,2025-04-01,8604
Other Markets In Europe,2025,4,Apr,2025-04-01,23651
Other Markets In Greater China,2025,4,Apr,2025-04-01,1974
Other Markets In North Asia,2025,4,Apr,2025-04-01,55
Other Markets In Oceania,2025,4,Apr,2025-04-01,2720
Other Markets In South Asia,2025,4,Apr,2025-04-01,2978
Other Markets In Southeast Asia,2025,4,Apr,2025-04-01,8280
Other Markets In West Asia,2025,4,Apr,2025-04-01,2644
Others,2025,4,Apr,2025-04-01,27
Pakistan,2025,4,Apr,2025-04-01,1487
Philippines,2025,4,Apr,2025-04-01,69047
Rep Of Ireland,2025,4,Apr,2025-04-01,2685
Russian Federation,2025,4,Apr,2025-04-01,5119
Saudi Arabia,2025,4,Apr,2025-04-01,2251
South Africa (Rep Of),2025,4,Apr,2025-04-01,3011
South Asia,2025,4,Apr,2025-04-01,143843
South Korea,2025,4,Apr,2025-04-01,32026
Southeast Asia,2025,4,Apr,2025-04-01,512837
Spain,2025,4,Apr,2025-04-01,5561
Sri Lanka,2025,4,Apr,2025-04-01,7127
Sweden,2025,4,Apr,2025-04-01,2317
Switzerland,2025,4,Apr,2025-04-01,9507
Taiwan,2025,4,Apr,2025-04-01,31428
Thailand,2025,4,Apr,2025-04-01,41843
Total International Visitor Arrivals By Place Of Residence,2025,4,Apr,2025-04-01,1403644
USA,2025,4,Apr,2025-04-01,54197
United Arab Emirates,2025,4,Apr,2025-04-01,8860
United Kingdom,2025,4,Apr,2025-04-01,56713
Vietnam,2025,4,Apr,2025-04-01,26579
West Asia,2025,4,Apr,2025-04-01,16714
Africa,2025,5,May,2025-05-01,5653
Americas,2025,5,May,2025-05-01,65892
Australia,2025,5,May,2025-05-01,90145
Bangladesh,2025,5,May,2025-05-01,12456
Belgium & Luxembourg,2025,5,May,2025-05-01,2470
Brunei Darussalam,2025,5,May,2025-05-01,4395
Canada,2025,5,May,2025-05-01,10765
China,2025,5,May,2025-05-01,242013
Denmark,2025,5,May,2025-05-01,1527
Egypt,2025,5,May,2025-05-01,253
Europe,2025,5,May,2025-05-01,133831
Finland,2025,5,May,2025-05-01,1593
France,2025,5,May,2025-05-01,14639
Germany,2025,5,May,2025-05-01,26299
Greater China,2025,5,May,2025-05-01,312599
Hong Kong SAR,2025,5,May,2025-05-01,32814
India,2025,5,May,2025-05-01,154403
Indonesia,2025,5,May,2025-05-01,197881
Iran,2025,5,May,2025-05-01,222
Israel,2025,5,May,2025-05-01,1546
Italy,2025,5,May,2025-05-01,5479
Japan,2025,5,May,2025-05-01,40441
Kuwait,2025,5,May,2025-05-01,370
Malaysia,2025,5,May,2025-05-01,111673
Mauritius,2025,5,May,2025-05-01,369
Myanmar,2025,5,May,2025-05-01,13698
Netherlands,2025,5,May,2025-05-01,7143
New Zealand,2025,5,May,2025-05-01,13568
North Asia,2025,5,May,2025-05-01,80466
Norway,2025,5,May,2025-05-01,1209
Oceania,2025,5,May,2025-05-01,106952
Other Markets In Africa,2025,5,May,2025-05-01,2875
Other Markets In Americas,2025,5,May,2025-05-01,7359
Other Markets In Europe,2025,5,May,2025-05-01,17378
Other Markets In Greater China,2025,5,May,2025-05-01,1811
Other Markets In North Asia,2025,5,May,2025-05-01,89
Other Markets In Oceania,2025,5,May,2025-05-01,3239
Other Markets In South Asia,2025,5,May,2025-05-01,2800
Other Markets In Southeast Asia,2025,5,May,2025-05-01,6993
Other Markets In West Asia,2025,5,May,2025-05-01,2301
Others,2025,5,May,2025-05-01,17
Pakistan,2025,5,May,2025-05-01,1039
Philippines,2025,5,May,2025-05-01,74560
Rep Of Ireland,2025,5,May,2025-05-01,1787
Russian Federation,2025,5,May,2025-05-01,4770
Saudi Arabia,2025,5,May,2025-05-01,1616
South Africa (Rep Of),2025,5,May,2025-05-01,2156
South Asia,2025,5,May,2025-05-01,176875
South Korea,2025,5,May,2025-05-01,39936
Southeast Asia,2025,5,May,2025-05-01,478392
Spain,2025,5,May,2025-05-01,4008
Sri Lanka,2025,5,May,2025-05-01,6177
Sweden,2025,5,May,2025-05-01,1400
Switzerland,2025,5,May,2025-05-01,6716
Taiwan,2025,5,May,2025-05-01,35961
Thailand,2025,5,May,2025-05-01,39123
Total International Visitor Arrivals By Place Of Residence,2025,5,May,2025-05-01,1374170
USA,2025,5,May,2025-05-01,47768
United Arab Emirates,2025,5,May,2025-05-01,7438
United Kingdom,2025,5,May,2025-05-01,37413
Vietnam,2025,5,May,2025-05-01,30069
West Asia,2025,5,May,2025-05-01,13493
Africa,2025,6,Jun,2025-06-01,5509
Americas,2025,6,Jun,2025-06-01,76490
Australia,2025,6,Jun,2025-06-01,90887
Bangladesh,2025,6,Jun,2025-06-01,14023
Belgium & Luxembourg,2025,6,Jun,2025-06-01,2238
Brunei Darussalam,2025,6,Jun,2025-06-01,4591
Canada,2025,6,Jun,2025-06-01,7461
China,2025,6,Jun,2025-06-01,197185
Denmark,2025,6,Jun,2025-06-01,1481
Egypt,2025,6,Jun,2025-06-01,254
Europe,2025,6,Jun,2025-06-01,108667
Finland,2025,6,Jun,2025-06-01,1731
France,2025,6,Jun,2025-06-01,10480
Germany,2025,6,Jun,2025-06-01,15844
Greater China,2025,6,Jun,2025-06-01,259294
Hong Kong SAR,2025,6,Jun,2025-06-01,27750
India,2025,6,Jun,2025-06-01,112726
Indonesia,2025,6,Jun,2025-06-01,205552
Iran,2025,6,Jun,2025-06-01,194
Israel,2025,6,Jun,2025-06-01,792
Italy,2025,6,Jun,2025-06-01,4901
Japan,2025,6,Jun,2025-06-01,35118
Kuwait,2025,6,Jun,2025-06-01,956
Malaysia,2025,6,Jun,2025-06-01,100986
Mauritius,2025,6,Jun,2025-06-01,312
Myanmar,2025,6,Jun,2025-06-01,12392
Netherlands,2025,6,Jun,2025-06-01,5014
New Zealand,2025,6,Jun,2025-06-01,16549
North Asia,2025,6,Jun,2025-06-01,71544
Norway,2025,6,Jun,2025-06-01,2198
Oceania,2025,6,Jun,2025-06-01,110556
Other Markets In Africa,2025,6,Jun,2025-06-01,2549
Other Markets In Americas,2025,6,Jun,2025-06-01,6109
Other Markets In Europe,2025,6,Jun,2025-06-01,17330
Other Markets In Greater China,2025,6,Jun,2025-06-01,1777
Other Markets In North Asia,2025,6,Jun,2025-06-01,70
Other Markets In Oceania,2025,6,Jun,2025-06-01,3120
Other Markets In South Asia,2025,6,Jun,2025-06-01,3300
Other Markets In Southeast Asia,2025,6,Jun,2025-06-01,6555
Other Markets In West Asia,2025,6,Jun,2025-06-01,3404
Others,2025,6,Jun,2025-06-01,24
Pakistan,2025,6,Jun,2025-06-01,1978
Philippines,2025,6,Jun,2025-06-01,66647
Rep Of Ireland,2025,6,Jun,2025-06-01,2348
Russian Federation,2025,6,Jun,2025-06-01,3239
Saudi Arabia,2025,6,Jun,2025-06-01,3991
South Africa (Rep Of),2025,6,Jun,2025-06-01,2394
South Asia,2025,6,Jun,2025-06-01,136490
South Korea,2025,6,Jun,2025-06-01,36356
Southeast Asia,2025,6,Jun,2025-06-01,460065
Spain,2025,6,Jun,2025-06-01,4557
Sri Lanka,2025,6,Jun,2025-06-01,4463
Sweden,2025,6,Jun,2025-06-01,1961
Switzerland,2025,6,Jun,2025-06-01,5018
Taiwan,2025,6,Jun,2025-06-01,32582
Thailand,2025,6,Jun,2025-06-01,26174
Total International Visitor Arrivals By Place Of Residence,2025,6,Jun,2025-06-01,1245947
USA,2025,6,Jun,2025-06-01,62920
United Arab Emirates,2025,6,Jun,2025-06-01,7971
United Kingdom,2025,6,Jun,2025-06-01,30327
Vietnam,2025,6,Jun,2025-06-01,37168
West Asia,2025,6,Jun,2025-06-01,17308
Africa,2025,7,Jul,2025-07-01,8690
Americas,2025,7,Jul,2025-07-01,86787
Australia,2025,7,Jul,2025-07-01,121503
Bangladesh,2025,7,Jul,2025-07-01,13576
Belgium & Luxembourg,2025,7,Jul,2025-07-01,5708
Brunei Darussalam,2025,7,Jul,2025-07-01,4123
Canada,2025,7,Jul,2025-07-01,11657
China,2025,7,Jul,2025-07-01,414488
Denmark,2025,7,Jul,2025-07-01,3746
Egypt,2025,7,Jul,2025-07-01,329
Europe,2025,7,Jul,2025-07-01,194150
Finland,2025,7,Jul,2025-07-01,1669
France,2025,7,Jul,2025-07-01,24943
Germany,2025,7,Jul,2025-07-01,23199
Greater China,2025,7,Jul,2025-07-01,511059
Hong Kong SAR,2025,7,Jul,2025-07-01,38198
India,2025,7,Jul,2025-07-01,85791
Indonesia,2025,7,Jul,2025-07-01,223463
Iran,2025,7,Jul,2025-07-01,114
Israel,2025,7,Jul,2025-07-01,1784
Italy,2025,7,Jul,2025-07-01,9366
Japan,2025,7,Jul,2025-07-01,56097
Kuwait,2025,7,Jul,2025-07-01,1234
Malaysia,2025,7,Jul,2025-07-01,88384
Mauritius,2025,7,Jul,2025-07-01,482
Myanmar,2025,7,Jul,2025-07-01,14310
Netherlands,2025,7,Jul,2025-07-01,13284
New Zealand,2025,7,Jul,2025-07-01,17944
North Asia,2025,7,Jul,2025-07-01,115666
Norway,2025,7,Jul,2025-07-01,3844
Oceania,2025,7,Jul,2025-07-01,142415
Other Markets In Africa,2025,7,Jul,2025-07-01,4409
Other Markets In Americas,2025,7,Jul,2025-07-01,7526
Other Markets In Europe,2025,7,Jul,2025-07-01,28087
Other Markets In Greater China,2025,7,Jul,2025-07-01,3987
Other Markets In North Asia,2025,7,Jul,2025-07-01,153
Other Markets In Oceania,2025,7,Jul,2025-07-01,2968
Other Markets In South Asia,2025,7,Jul,2025-07-01,3332
Other Markets In Southeast Asia,2025,7,Jul,2025-07-01,10314
Other Markets In West Asia,2025,7,Jul,2025-07-01,5023
Others,2025,7,Jul,2025-07-01,51
Pakistan,2025,7,Jul,2025-07-01,3215
Philippines,2025,7,Jul,2025-07-01,62381
Rep Of Ireland,2025,7,Jul,2025-07-01,2744
Russian Federation,2025,7,Jul,2025-07-01,4313
Saudi Arabia,2025,7,Jul,2025-07-01,5047
South Africa (Rep Of),2025,7,Jul,2025-07-01,3470
South Asia,2025,7,Jul,2025-07-01,112130
South Korea,2025,7,Jul,2025-07-01,59416
Southeast Asia,2025,7,Jul,2025-07-01,484305
Spain,2025,7,Jul,2025-07-01,10880
Sri Lanka,2025,7,Jul,2025-07-01,6216
Sweden,2025,7,Jul,2025-07-01,2693
Switzerland,2025,7,Jul,2025-07-01,11703
Taiwan,2025,7,Jul,2025-07-01,54386
Thailand,2025,7,Jul,2025-07-01,36228
Total International Visitor Arrivals By Place Of Residence,2025,7,Jul,2025-07-01,1680771
USA,2025,7,Jul,2025-07-01,67604
United Arab Emirates,2025,7,Jul,2025-07-01,12316
United Kingdom,2025,7,Jul,2025-07-01,47971
Vietnam,2025,7,Jul,2025-07-01,45102
West Asia,2025,7,Jul,2025-07-01,25518
Africa,2025,8,Aug,2025-08-01,9569
Americas,2025,8,Aug,2025-08-01,67200
Australia,2025,8,Aug,2025-08-01,84925
Bangladesh,2025,8,Aug,2025-08-01,13833
Belgium & Luxembourg,2025,8,Aug,2025-08-01,4703
Brunei Darussalam,2025,8,Aug,2025-08-01,5475
Canada,2025,8,Aug,2025-08-01,11370
China,2025,8,Aug,2025-08-01,398206
Denmark,2025,8,Aug,2025-08-01,2100
Egypt,2025,8,Aug,2025-08-01,307
Europe,2025,8,Aug,2025-08-01,231389
Finland,2025,8,Aug,2025-08-01,966
France,2025,8,Aug,2025-08-01,31826
Germany,2025,8,Aug,2025-08-01,32190
Greater China,2025,8,Aug,2025-08-01,488986
Hong Kong SAR,2025,8,Aug,2025-08-01,38784
India,2025,8,Aug,2025-08-01,91142
Indonesia,2025,8,Aug,2025-08-01,162901
Iran,2025,8,Aug,2025-08-01,285
Israel,2025,8,Aug,2025-08-01,1942
Italy,2025,8,Aug,2025-08-01,30649
Japan,2025,8,Aug,2025-08-01,92867
Kuwait,2025,8,Aug,2025-08-01,1946
Malaysia,2025,8,Aug,2025-08-01,88675
Mauritius,2025,8,Aug,2025-08-01,539
Myanmar,2025,8,Aug,2025-08-01,13930
Netherlands,2025,8,Aug,2025-08-01,13113
New Zealand,2025,8,Aug,2025-08-01,13869
North Asia,2025,8,Aug,2025-08-01,157987
Norway,2025,8,Aug,2025-08-01,1322
Oceania,2025,8,Aug,2025-08-01,101544
Other Markets In Africa,2025,8,Aug,2025-08-01,6198
Other Markets In Americas,2025,8,Aug,2025-08-01,5874
Other Markets In Europe,2025,8,Aug,2025-08-01,28464
Other Markets In Greater China,2025,8,Aug,2025-08-01,4265
Other Markets In North Asia,2025,8,Aug,2025-08-01,137
Other Markets In Oceania,2025,8,Aug,2025-08-01,2750
Other Markets In South Asia,2025,8,Aug,2025-08-01,3310
Other Markets In Southeast Asia,2025,8,Aug,2025-08-01,8248
Other Markets In West Asia,2025,8,Aug,2025-08-01,4337
Others,2025,8,Aug,2025-08-01,100
Pakistan,2025,8,Aug,2025-08-01,2660
Philippines,2025,8,Aug,2025-08-01,61462
Rep Of Ireland,2025,8,Aug,2025-08-01,2297
Russian Federation,2025,8,Aug,2025-08-01,4340
Saudi Arabia,2025,8,Aug,2025-08-01,3941
South Africa (Rep Of),2025,8,Aug,2025-08-01,2525
South Asia,2025,8,Aug,2025-08-01,118102
South Korea,2025,8,Aug,2025-08-01,64983
Southeast Asia,2025,8,Aug,2025-08-01,410443
Spain,2025,8,Aug,2025-08-01,16966
Sri Lanka,2025,8,Aug,2025-08-01,7157
Sweden,2025,8,Aug,2025-08-01,1652
Switzerland,2025,8,Aug,2025-08-01,7554
Taiwan,2025,8,Aug,2025-08-01,47731
Thailand,2025,8,Aug,2025-08-01,31917
Total International Visitor Arrivals By Place Of Residence,2025,8,Aug,2025-08-01,1609320
USA,2025,8,Aug,2025-08-01,49956
United Arab Emirates,2025,8,Aug,2025-08-01,11549
United Kingdom,2025,8,Aug,2025-08-01,53247
Vietnam,2025,8,Aug,2025-08-01,37835
West Asia,2025,8,Aug,2025-08-01,24000
Africa,2025,9,Sep,2025-09-01,6714
Americas,2025,9,Sep,2025-09-01,60482
Australia,2025,9,Sep,2025-09-01,107322
Bangladesh,2025,9,Sep,2025-09-01,14045
Belgium & Luxembourg,2025,9,Sep,2025-09-01,3008
Brunei Darussalam,2025,9,Sep,2025-09-01,3895
Canada,2025,9,Sep,2025-09-01,8992
China,2025,9,Sep,2025-09-01,207028
Denmark,2025,9,Sep,2025-09-01,1856
Egypt,2025,9,Sep,2025-09-01,280
Europe,2025,9,Sep,2025-09-01,148925
Finland,2025,9,Sep,2025-09-01,1448
France,2025,9,Sep,2025-09-01,14149
Germany,2025,9,Sep,2025-09-01,25397
Greater China,2025,9,Sep,2025-09-01,257049
Hong Kong SAR,2025,9,Sep,2025-09-01,22474
India,2025,9,Sep,2025-09-01,99038
Indonesia,2025,9,Sep,2025-09-01,169866
Iran,2025,9,Sep,2025-09-01,539
Israel,2025,9,Sep,2025-09-01,2267
Italy,2025,9,Sep,2025-09-01,8367
Japan,2025,9,Sep,2025-09-01,59315
Kuwait,2025,9,Sep,2025-09-01,513
Malaysia,2025,9,Sep,2025-09-01,120634
Mauritius,2025,9,Sep,2025-09-01,270
Myanmar,2025,9,Sep,2025-09-01,13047
Netherlands,2025,9,Sep,2025-09-01,7262
New Zealand,2025,9,Sep,2025-09-01,17244
North Asia,2025,9,Sep,2025-09-01,95066
Norway,2025,9,Sep,2025-09-01,1698
Oceania,2025,9,Sep,2025-09-01,127606
Other Markets In Africa,2025,9,Sep,2025-09-01,3282
Other Markets In Americas,2025,9,Sep,2025-09-01,7299
Other Markets In Europe,2025,9,Sep,2025-09-01,24220
Other Markets In Greater China,2025,9,Sep,2025-09-01,1168
Other Markets In North Asia,2025,9,Sep,2025-09-01,75
Other Markets In Oceania,2025,9,Sep,2025-09-01,3040
Other Markets In South Asia,2025,9,Sep,2025-09-01,3425
Other Markets In Southeast Asia,2025,9,Sep,2025-09-01,9214
Other Markets In West Asia,2025,9,Sep,2025-09-01,2241
Others,2025,9,Sep,2025-09-01,33
Pakistan,2025,9,Sep,2025-09-01,1753
Philippines,2025,9,Sep,2025-09-01,51355
Rep Of Ireland,2025,9,Sep,2025-09-01,1969
Russian Federation,2025,9,Sep,2025-09-01,3891
Saudi Arabia,2025,9,Sep,2025-09-01,1950
South Africa (Rep Of),2025,9,Sep,2025-09-01,2882
South Asia,2025,9,Sep,2025-09-01,124045
South Korea,2025,9,Sep,2025-09-01,35676
Southeast Asia,2025,9,Sep,2025-09-01,418343
Spain,2025,9,Sep,2025-09-01,7984
Sri Lanka,2025,9,Sep,2025-09-01,5784
Sweden,2025,9,Sep,2025-09-01,1505
Switzerland,2025,9,Sep,2025-09-01,6874
Taiwan,2025,9,Sep,2025-09-01,26379
Thailand,2025,9,Sep,2025-09-01,26947
Total International Visitor Arrivals By Place Of Residence,2025,9,Sep,2025-09-01,1254346
USA,2025,9,Sep,2025-09-01,44191
United Arab Emirates,2025,9,Sep,2025-09-01,8573
United Kingdom,2025,9,Sep,2025-09-01,39297
Vietnam,2025,9,Sep,2025-09-01,23385
West Asia,2025,9,Sep,2025-09-01,16083
Africa,2025,10,Oct,2025-10-01,8340
Americas,2025,10,Oct,2025-10-01,70841
Australia,2025,10,Oct,2025-10-01,116372
Bangladesh,2025,10,Oct,2025-10-01,14389
Belgium & Luxembourg,2025,10,Oct,2025-10-01,3033
Brunei Darussalam,2025,10,Oct,2025-10-01,3946
Canada,2025,10,Oct,2025-10-01,11814
China,2025,10,Oct,2025-10-01,226010
Denmark,2025,10,Oct,2025-10-01,3136
Egypt,2025,10,Oct,2025-10-01,505
Europe,2025,10,Oct,2025-10-01,162710
Finland,2025,10,Oct,2025-10-01,2877
France,2025,10,Oct,2025-10-01,14996
Germany,2025,10,Oct,2025-10-01,26922
Greater China,2025,10,Oct,2025-10-01,295886
Hong Kong SAR,2025,10,Oct,2025-10-01,26182
India,2025,10,Oct,2025-10-01,103054
Indonesia,2025,10,Oct,2025-10-01,177211
Iran,2025,10,Oct,2025-10-01,493
Israel,2025,10,Oct,2025-10-01,2855
Italy,2025,10,Oct,2025-10-01,5595
Japan,2025,10,Oct,2025-10-01,54862
Kuwait,2025,10,Oct,2025-10-01,293
Malaysia,2025,10,Oct,2025-10-01,110303
Mauritius,2025,10,Oct,2025-10-01,376
Myanmar,2025,10,Oct,2025-10-01,15335
Netherlands,2025,10,Oct,2025-10-01,7725
New Zealand,2025,10,Oct,2025-10-01,14994
North Asia,2025,10,Oct,2025-10-01,105737
Norway,2025,10,Oct,2025-10-01,1761
Oceania,2025,10,Oct,2025-10-01,134357
Other Markets In Africa,2025,10,Oct,2025-10-01,3965
Other Markets In Americas,2025,10,Oct,2025-10-01,8881
Other Markets In Europe,2025,10,Oct,2025-10-01,24321
Other Markets In Greater China,2025,10,Oct,2025-10-01,1723
Other Markets In North Asia,2025,10,Oct,2025-10-01,93
Other Markets In Oceania,2025,10,Oct,2025-10-01,2991
Other Markets In South Asia,2025,10,Oct,2025-10-01,4021
Other Markets In Southeast Asia,2025,10,Oct,2025-10-01,8084
Other Markets In West Asia,2025,10,Oct,2025-10-01,2840
Others,2025,10,Oct,2025-10-01,38
Pakistan,2025,10,Oct,2025-10-01,2143
Philippines,2025,10,Oct,2025-10-01,64398
Rep Of Ireland,2025,10,Oct,2025-10-01,2199
Russian Federation,2025,10,Oct,2025-10-01,5735
Saudi Arabia,2025,10,Oct,2025-10-01,1796
South Africa (Rep Of),2025,10,Oct,2025-10-01,3494
South Asia,2025,10,Oct,2025-10-01,129632
South Korea,2025,10,Oct,2025-10-01,50782
Southeast Asia,2025,10,Oct,2025-10-01,455359
Spain,2025,10,Oct,2025-10-01,5364
Sri Lanka,2025,10,Oct,2025-10-01,6025
Sweden,2025,10,Oct,2025-10-01,2956
Switzerland,2025,10,Oct,2025-10-01,8823
Taiwan,2025,10,Oct,2025-10-01,41971
Thailand,2025,10,Oct,2025-10-01,49763
Total International Visitor Arrivals By Place Of Residence,2025,10,Oct,2025-10-01,1379077
USA,2025,10,Oct,2025-10-01,50146
United Arab Emirates,2025,10,Oct,2025-10-01,7900
United Kingdom,2025,10,Oct,2025-10-01,47267
Vietnam,2025,10,Oct,2025-10-01,26319
West Asia,2025,10,Oct,2025-10-01,16177
Africa,2025,11,Nov,2025-11-01,7633
Americas,2025,11,Nov,2025-11-01,87800
Australia,2025,11,Nov,2025-11-01,103828
Bangladesh,2025,11,Nov,2025-11-01,12430
Belgium & Luxembourg,2025,11,Nov,2025-11-01,2965
Brunei Darussalam,2025,11,Nov,2025-11-01,4614
Canada,2025,11,Nov,2025-11-01,14503
China,2025,11,Nov,2025-11-01,203531
Denmark,2025,11,Nov,2025-11-01,2502
Egypt,2025,11,Nov,2025-11-01,286
Europe,2025,11,Nov,2025-11-01,163093
Finland,2025,11,Nov,2025-11-01,2414
France,2025,11,Nov,2025-11-01,12683
Germany,2025,11,Nov,2025-11-01,24859
Greater China,2025,11,Nov,2025-11-01,256442
Hong Kong SAR,2025,11,Nov,2025-11-01,25066
India,2025,11,Nov,2025-11-01,84252
Indonesia,2025,11,Nov,2025-11-01,181468
Iran,2025,11,Nov,2025-11-01,571
Israel,2025,11,Nov,2025-11-01,1942
Italy,2025,11,Nov,2025-11-01,5802
Japan,2025,11,Nov,2025-11-01,53018
Kuwait,2025,11,Nov,2025-11-01,347
Malaysia,2025,11,Nov,2025-11-01,117163
Mauritius,2025,11,Nov,2025-11-01,787
Myanmar,2025,11,Nov,2025-11-01,15009
Netherlands,2025,11,Nov,2025-11-01,7431
New Zealand,2025,11,Nov,2025-11-01,11579
North Asia,2025,11,Nov,2025-11-01,95024
Norway,2025,11,Nov,2025-11-01,1967
Oceania,2025,11,Nov,2025-11-01,118502
Other Markets In Africa,2025,11,Nov,2025-11-01,3698
Other Markets In Americas,2025,11,Nov,2025-11-01,10136
Other Markets In Europe,2025,11,Nov,2025-11-01,29625
Other Markets In Greater China,2025,11,Nov,2025-11-01,2775
Other Markets In North Asia,2025,11,Nov,2025-11-01,72
Other Markets In Oceania,2025,11,Nov,2025-11-01,3095
Other Markets In South Asia,2025,11,Nov,2025-11-01,2769
Other Markets In Southeast Asia,2025,11,Nov,2025-11-01,10466
Other Markets In West Asia,2025,11,Nov,2025-11-01,2715
Others,2025,11,Nov,2025-11-01,38
Pakistan,2025,11,Nov,2025-11-01,2371
Philippines,2025,11,Nov,2025-11-01,59859
Rep Of Ireland,2025,11,Nov,2025-11-01,2268
Russian Federation,2025,11,Nov,2025-11-01,5496
Saudi Arabia,2025,11,Nov,2025-11-01,2979
South Africa (Rep Of),2025,11,Nov,2025-11-01,2862
South Asia,2025,11,Nov,2025-11-01,108133
South Korea,2025,11,Nov,2025-11-01,41934
Southeast Asia,2025,11,Nov,2025-11-01,440406
Spain,2025,11,Nov,2025-11-01,5048
Sri Lanka,2025,11,Nov,2025-11-01,6311
Sweden,2025,11,Nov,2025-11-01,2859
Switzerland,2025,11,Nov,2025-11-01,7802
Taiwan,2025,11,Nov,2025-11-01,25070
Thailand,2025,11,Nov,2025-11-01,27797
Total International Visitor Arrivals By Place Of Residence,2025,11,Nov,2025-11-01,1293401
USA,2025,11,Nov,2025-11-01,63161
United Arab Emirates,2025,11,Nov,2025-11-01,7776
United Kingdom,2025,11,Nov,2025-11-01,49372
Vietnam,2025,11,Nov,2025-11-01,24030
West Asia,2025,11,Nov,2025-11-01,16330
Africa,2025,12,Dec,2025-12-01,14136
Americas,2025,12,Dec,2025-12-01,94875
Australia,2025,12,Dec,2025-12-01,127468
Bangladesh,2025,12,Dec,2025-12-01,14014
Belgium & Luxembourg,2025,12,Dec,2025-12-01,2570
Brunei Darussalam,2025,12,Dec,2025-12-01,8243
Canada,2025,12,Dec,2025-12-01,14791
China,2025,12,Dec,2025-12-01,172688
Denmark,2025,12,Dec,2025-12-01,2210
Egypt,2025,12,Dec,2025-12-01,281
Europe,2025,12,Dec,2025-12-01,166089
Finland,2025,12,Dec,2025-12-01,2479
France,2025,12,Dec,2025-12-01,10620
Germany,2025,12,Dec,2025-12-01,34756
Greater China,2025,12,Dec,2025-12-01,219875
Hong Kong SAR,2025,12,Dec,2025-12-01,21355
India,2025,12,Dec,2025-12-01,96629
Indonesia,2025,12,Dec,2025-12-01,244364
Iran,2025,12,Dec,2025-12-01,650
Israel,2025,12,Dec,2025-12-01,1909
Italy,2025,12,Dec,2025-12-01,6078
Japan,2025,12,Dec,2025-12-01,42592
Kuwait,2025,12,Dec,2025-12-01,448
Malaysia,2025,12,Dec,2025-12-01,116067
Mauritius,2025,12,Dec,2025-12-01,1342
Myanmar,2025,12,Dec,2025-12-01,17510
Netherlands,2025,12,Dec,2025-12-01,7123
New Zealand,2025,12,Dec,2025-12-01,13644
North Asia,2025,12,Dec,2025-12-01,78605
Norway,2025,12,Dec,2025-12-01,2143
Oceania,2025,12,Dec,2025-12-01,144453
Other Markets In Africa,2025,12,Dec,2025-12-01,5805
Other Markets In Americas,2025,12,Dec,2025-12-01,8157
Other Markets In Europe,2025,12,Dec,2025-12-01,26708
Other Markets In Greater China,2025,12,Dec,2025-12-01,5162
Other Markets In North Asia,2025,12,Dec,2025-12-01,89
Other Markets In Oceania,2025,12,Dec,2025-12-01,3341
Other Markets In South Asia,2025,12,Dec,2025-12-01,2889
Other Markets In Southeast Asia,2025,12,Dec,2025-12-01,9603
Other Markets In West Asia,2025,12,Dec,2025-12-01,2750
Others,2025,12,Dec,2025-12-01,34
Pakistan,2025,12,Dec,2025-12-01,1859
Philippines,2025,12,Dec,2025-12-01,65491
Rep Of Ireland,2025,12,Dec,2025-12-01,2008
Russian Federation,2025,12,Dec,2025-12-01,6888
Saudi Arabia,2025,12,Dec,2025-12-01,1726
South Africa (Rep Of),2025,12,Dec,2025-12-01,6708
South Asia,2025,12,Dec,2025-12-01,121084
South Korea,2025,12,Dec,2025-12-01,35924
Southeast Asia,2025,12,Dec,2025-12-01,508775
Spain,2025,12,Dec,2025-12-01,4391
Sri Lanka,2025,12,Dec,2025-12-01,5693
Sweden,2025,12,Dec,2025-12-01,4301
Switzerland,2025,12,Dec,2025-12-01,8053
Taiwan,2025,12,Dec,2025-12-01,20670
Thailand,2025,12,Dec,2025-12-01,26805
Total International Visitor Arrivals By Place Of Residence,2025,12,Dec,2025-12-01,1363999
USA,2025,12,Dec,2025-12-01,71927
United Arab Emirates,2025,12,Dec,2025-12-01,8590
United Kingdom,2025,12,Dec,2025-12-01,45761
Vietnam,2025,12,Dec,2025-12-01,20692
West Asia,2025,12,Dec,2025-12-01,16073
Africa,2026,1,Jan,2026-01-01,7670
Americas,2026,1,Jan,2026-01-01,99750
Australia,2026,1,Jan,2026-01-01,140780
Bangladesh,2026,1,Jan,2026-01-01,12247
Belgium & Luxembourg,2026,1,Jan,2026-01-01,2686
Brunei Darussalam,2026,1,Jan,2026-01-01,4244
Canada,2026,1,Jan,2026-01-01,17774
China,2026,1,Jan,2026-01-01,271953
Denmark,2026,1,Jan,2026-01-01,3264
Egypt,2026,1,Jan,2026-01-01,260
Europe,2026,1,Jan,2026-01-01,208717
Finland,2026,1,Jan,2026-01-01,4320
France,2026,1,Jan,2026-01-01,13398
Germany,2026,1,Jan,2026-01-01,34718
Greater China,2026,1,Jan,2026-01-01,335259
Hong Kong SAR,2026,1,Jan,2026-01-01,19419
India,2026,1,Jan,2026-01-01,85995
Indonesia,2026,1,Jan,2026-01-01,218439
Iran,2026,1,Jan,2026-01-01,501
Israel,2026,1,Jan,2026-01-01,2476
Italy,2026,1,Jan,2026-01-01,7470
Japan,2026,1,Jan,2026-01-01,43090
Kuwait,2026,1,Jan,2026-01-01,585
Malaysia,2026,1,Jan,2026-01-01,116682
Mauritius,2026,1,Jan,2026-01-01,538
Myanmar,2026,1,Jan,2026-01-01,15177
Netherlands,2026,1,Jan,2026-01-01,8168
New Zealand,2026,1,Jan,2026-01-01,15405
North Asia,2026,1,Jan,2026-01-01,112462
Norway,2026,1,Jan,2026-01-01,2408
Oceania,2026,1,Jan,2026-01-01,159753
Other Markets In Africa,2026,1,Jan,2026-01-01,3317
Other Markets In Americas,2026,1,Jan,2026-01-01,10468
Other Markets In Europe,2026,1,Jan,2026-01-01,43434
Other Markets In Greater China,2026,1,Jan,2026-01-01,7814
Other Markets In North Asia,2026,1,Jan,2026-01-01,145
Other Markets In Oceania,2026,1,Jan,2026-01-01,3568
Other Markets In South Asia,2026,1,Jan,2026-01-01,4806
Other Markets In Southeast Asia,2026,1,Jan,2026-01-01,8071
Other Markets In West Asia,2026,1,Jan,2026-01-01,2304
Others,2026,1,Jan,2026-01-01,27
Pakistan,2026,1,Jan,2026-01-01,1974
Philippines,2026,1,Jan,2026-01-01,42526
Rep Of Ireland,2026,1,Jan,2026-01-01,2764
Russian Federation,2026,1,Jan,2026-01-01,12341
Saudi Arabia,2026,1,Jan,2026-01-01,2719
South Africa (Rep Of),2026,1,Jan,2026-01-01,3555
South Asia,2026,1,Jan,2026-01-01,109579
South Korea,2026,1,Jan,2026-01-01,69227
Southeast Asia,2026,1,Jan,2026-01-01,454152
Spain,2026,1,Jan,2026-01-01,4762
Sri Lanka,2026,1,Jan,2026-01-01,4557
Sweden,2026,1,Jan,2026-01-01,5245
Switzerland,2026,1,Jan,2026-01-01,8198
Taiwan,2026,1,Jan,2026-01-01,36073
Thailand,2026,1,Jan,2026-01-01,26311
Total International Visitor Arrivals By Place Of Residence,2026,1,Jan,2026-01-01,1501420
USA,2026,1,Jan,2026-01-01,71508
United Arab Emirates,2026,1,Jan,2026-01-01,5466
United Kingdom,2026,1,Jan,2026-01-01,55541
Vietnam,2026,1,Jan,2026-01-01,22702
West Asia,2026,1,Jan,2026-01-01,14051
