id,smoking
15000,0.7810900658537063
15001,0.5437373286262239
15002,0.4503757096812992
15003,0.6994216200883712
15004,0.7896934123648895
15005,0.6805235053777183
15006,0.4253139470273045
15007,0.6046720454595544
15008,0.7273189609654183
15009,0.028228695857461218
15010,0.039538713466739275
15011,0.7527131606517761
15012,0.2777473486393283
15013,0.014828412411240877
15014,0.011695429635792304
15015,0.12368379535715449
15016,0.02379331530927281
15017,0.008093537293110943
15018,0.009128064990632815
15019,0.004465456968977417
15020,0.4801796457946931
15021,0.03368484014615349
15022,0.34630482274646407
15023,0.5658605940410874
15024,0.336028409501648
15025,0.43123980470194817
15026,0.7274710600411252
15027,0.017311773961321428
15028,0.009696671037739222
15029,0.03995386961564049
15030,0.4721197201199098
15031,0.07769949876344116
15032,0.8407884149248166
15033,0.06992251530269901
15034,0.295616378659176
15035,0.6037381678879561
15036,0.019883739565014356
15037,0.25198471465142747
15038,0.482406240969508
15039,0.35332303789337555
15040,0.8354716821768736
15041,0.42260432544320214
15042,0.009874735384257965
15043,0.4006594663269244
15044,0.095988683597147
15045,0.10893878673187572
15046,0.7345591831103497
15047,0.26174638673558603
15048,0.018703083150305416
15049,0.34526982425835007
15050,0.6793720105698695
15051,0.5808282657706684
15052,0.04716865759127081
15053,0.009820781451399236
15054,0.008664876620794716
15055,0.7574951201878737
15056,0.029513077007519314
15057,0.017588069240092083
15058,0.3635586929087252
15059,0.7765772284328267
15060,0.15423963565835325
15061,0.035550243743668566
15062,0.45760216925561487
15063,0.01063719918479722
15064,0.33394545276759774
15065,0.7319558082211577
15066,0.8128330052721707
15067,0.5961573194130961
15068,0.35768699467335735
15069,0.017282376870520155
15070,0.06753644921330289
15071,0.09463511228815333
15072,0.8494397779278726
15073,0.6671170413040834
15074,0.8298088278077893
15075,0.7229944234162272
15076,0.1949534303379212
15077,0.019857119747732115
15078,0.7073237279766769
15079,0.3875165413081013
15080,0.0438795190987031
15081,0.5459838162747177
15082,0.48773867392819137
15083,0.7322721104314552
15084,0.1699592834726735
15085,0.36697476434270626
15086,0.36618832990527816
15087,0.8365798011904199
15088,0.0518899755223556
15089,0.8205241283903856
15090,0.015007247185170535
15091,0.022722510117243445
15092,0.011055892437760733
15093,0.6449255386317401
15094,0.6863411448459207
15095,0.012978783150116148
15096,0.35795604142723514
15097,0.5825863957287671
15098,0.480637396889002
15099,0.7342457992698306
15100,0.017024760294486373
15101,0.2101857810571139
15102,0.3519876424471705
15103,0.0068519574178337985
15104,0.6055087310100447
15105,0.37757966910596275
15106,0.7515582498827168
15107,0.020771600507712706
15108,0.021832635724678553
15109,0.38396048676113603
15110,0.06707176966612055
15111,0.01647168187956176
15112,0.7695169569493278
15113,0.5272773633261997
15114,0.24694879995098296
15115,0.553572016607768
15116,0.013563989075540699
15117,0.014704064724586642
15118,0.8108754445790712
15119,0.016421460563467032
15120,0.074012195191862
15121,0.01011344244021087
15122,0.4050790226951392
15123,0.012289380943929767
15124,0.760852527823698
15125,0.009647725847470472
15126,0.861525653360015
15127,0.8840268860915821
15128,0.3443498337283154
15129,0.0275120384963932
15130,0.06955439158773366
15131,0.3052333986641637
15132,0.23816271468413938
15133,0.06348274071221274
15134,0.06783052844221032
15135,0.23605374704568027
15136,0.7976971972331349
15137,0.11043373260202277
15138,0.7347847382142039
15139,0.15462612457780206
15140,0.6113830435653538
15141,0.62274051567197
15142,0.11194882324978418
15143,0.18858262259258993
15144,0.7789102735571024
15145,0.8296124768483097
15146,0.5140462064790638
15147,0.019230505607522607
15148,0.7424003213583417
15149,0.04292217654804646
15150,0.8265468341824745
15151,0.5173011315339462
15152,0.01904884057497076
15153,0.4406295030015888
15154,0.7392004742883963
15155,0.5940161961341514
15156,0.689868642430536
15157,0.5683454853554619
15158,0.5613552395408299
15159,0.7487942508740753
15160,0.835185752466231
15161,0.44574904992892234
15162,0.016553163814309782
15163,0.019718580260179617
15164,0.010893553842409557
15165,0.0763150179787238
15166,0.024341275115924522
15167,0.19359183153027312
15168,0.45481312146325314
15169,0.4521407767607556
15170,0.009187960454466512
15171,0.22829433359767762
15172,0.0155310422521433
15173,0.012452427833145367
15174,0.027693307398668154
15175,0.025546020875164353
15176,0.013903277701222436
15177,0.1890776150650753
15178,0.007378122933188885
15179,0.007115805757818235
15180,0.3343706012017876
15181,0.512313225889967
15182,0.4803594453082755
15183,0.6683843618442634
15184,0.667483190011698
15185,0.009143801787951227
15186,0.7537855435429995
15187,0.018439406865695743
15188,0.01082509530169892
15189,0.35365231916734174
15190,0.4102358820553234
15191,0.005670467966056084
15192,0.3995885467172301
15193,0.06888948996174446
15194,0.018799584055951224
15195,0.010494207744937173
15196,0.10093144900451768
15197,0.2062495797053388
15198,0.3934214883869708
15199,0.42805891358960385
15200,0.205925031119233
15201,0.5994340015700133
15202,0.47353449486782917
15203,0.7498208489295236
15204,0.6496230517730062
15205,0.011914254616299339
15206,0.7245864766204925
15207,0.20304616870890516
15208,0.010324754082294184
15209,0.02727819078486015
15210,0.7285096386354081
15211,0.017556425885462534
15212,0.04789988027206989
15213,0.8733873151769727
15214,0.5738360401347429
15215,0.3744071452842685
15216,0.040882521361834595
15217,0.6504470923780565
15218,0.3968871484489986
15219,0.6325049789752166
15220,0.8136534263648776
15221,0.028442707548376495
15222,0.016169190754343164
15223,0.48660710874051083
15224,0.5011924439259242
15225,0.6097598943757283
15226,0.011271969489377026
15227,0.4372803890595796
15228,0.4320164869334668
15229,0.03196962105900914
15230,0.018717752017790683
15231,0.0166011580702372
15232,0.7844379934382771
15233,0.6056147944365755
15234,0.04565287834232591
15235,0.03384779646229838
15236,0.6372998143263323
15237,0.02515616805435733
15238,0.10558958183929609
15239,0.05200143177263494
15240,0.7130428945044286
15241,0.007187324856998226
15242,0.013145643182096737
15243,0.01878513232123398
15244,0.6055171778588193
15245,0.02684159788717723
15246,0.4739722156244195
15247,0.4343280332768756
15248,0.013822080696663193
15249,0.861764011935321
15250,0.007942798740295357
15251,0.05606531587742649
15252,0.5869074787831107
15253,0.5762464997488419
15254,0.51574727942654
15255,0.01385357450221067
15256,0.018314128386378213
15257,0.026304279675667418
15258,0.018505493294980333
15259,0.7750544068648564
15260,0.10779226591226629
15261,0.635972561352393
15262,0.5923796445272057
15263,0.013112913153385667
15264,0.07486520074657607
15265,0.23035291464309005
15266,0.02064515050738311
15267,0.16254331648907783
15268,0.021798415359575985
15269,0.009579353977711124
15270,0.24825646633349158
15271,0.30831102493554463
15272,0.6992662434981094
15273,0.007079633059386232
15274,0.6058727498100109
15275,0.5377787730997525
15276,0.4496321498060277
15277,0.7793083659245907
15278,0.4269845407712835
15279,0.7903718333931691
15280,0.03817233316062638
15281,0.7391094104753522
15282,0.022965800154146378
15283,0.009458287963697054
15284,0.007500340835779912
15285,0.011476763391356058
15286,0.019255422738189816
15287,0.019176146225644387
15288,0.4009557481554422
15289,0.8697214718845482
15290,0.021418699580986036
15291,0.009225545478411262
15292,0.0448397024313298
15293,0.03686789409727449
15294,0.5553526911619269
15295,0.057398142631485405
15296,0.06152956696961811
15297,0.45258293586635545
15298,0.19579448993949522
15299,0.5137040454167212
15300,0.014404532274023602
15301,0.7596202511437959
15302,0.012033324132376576
15303,0.25641988616760036
15304,0.013002512115414014
15305,0.802043539124947
15306,0.3425188469805873
15307,0.6889780749335273
15308,0.7513379714036694
15309,0.6608298648134082
15310,0.5943225946265978
15311,0.017536365445209125
15312,0.6145096102639673
15313,0.6955035659349977
15314,0.4086966280488967
15315,0.04360978578577244
15316,0.6210763737326143
15317,0.008408630260049782
15318,0.052218864871622216
15319,0.021511233700747753
15320,0.5553812275034051
15321,0.009854988414237195
15322,0.035092022202814675
15323,0.7837373738850673
15324,0.15298886971963951
15325,0.2837424122771848
15326,0.881171962058034
15327,0.5661531726115613
15328,0.7061415063063613
15329,0.5906483334408051
15330,0.6931868383687735
15331,0.5040581175284836
15332,0.5030286411847344
15333,0.13803867658734933
15334,0.5681949734105997
15335,0.02864160591890233
15336,0.015598764729594886
15337,0.705773589814275
15338,0.5637240892494582
15339,0.037959033973415726
15340,0.3698177118013025
15341,0.07367265688033363
15342,0.10646231473198227
15343,0.5399081597444837
15344,0.02159500766227397
15345,0.017031425901870664
15346,0.3922169580484121
15347,0.4564602139063687
15348,0.11066105198465175
15349,0.6183556430119082
15350,0.31418946215516674
15351,0.6283637916112844
15352,0.49498151333556883
15353,0.725807552039095
15354,0.014641496608229382
15355,0.5946620546911786
15356,0.8230969012601373
15357,0.6327881895662733
15358,0.4805055232365816
15359,0.04660214925963642
15360,0.8310910355334347
15361,0.2084612284486696
15362,0.34106547775153984
15363,0.4109777842588255
15364,0.47369110533285735
15365,0.005934173689117584
15366,0.02385457294176141
15367,0.4420909321952271
15368,0.347663587685604
15369,0.34839234156231635
15370,0.19080174724293122
15371,0.3494310925660674
15372,0.2887791805488041
15373,0.013262100370386524
15374,0.01828185160683406
15375,0.6356261386761691
15376,0.05388256666797988
15377,0.0060007270678882835
15378,0.33061159690939523
15379,0.6171925136284437
15380,0.7277224947145445
15381,0.27941075236013757
15382,0.2452904626634665
15383,0.3084588613864413
15384,0.005908715840166718
15385,0.38296504217627686
15386,0.44897900021567944
15387,0.8600192072437972
15388,0.4111480982643007
15389,0.18941654796359889
15390,0.537513898282682
15391,0.6063957241775143
15392,0.027999591332729272
15393,0.879405140653696
15394,0.7217065695859123
15395,0.7599289146001221
15396,0.7629996009764337
15397,0.029039745564871426
15398,0.8218018423657344
15399,0.047431419033875606
15400,0.051677769913753474
15401,0.5337140733823844
15402,0.008497056953819313
15403,0.6550950671631224
15404,0.06534050606784994
15405,0.18654146833860416
15406,0.005003951696297763
15407,0.07814918189736855
15408,0.8002209869085635
15409,0.16642023092716302
15410,0.011750122383464527
15411,0.34806779108204616
15412,0.2322421994837291
15413,0.008796797273227106
15414,0.0353016384266393
15415,0.011123259217274912
15416,0.01633361793809835
15417,0.027322566255168663
15418,0.5105928893553191
15419,0.16038371314478628
15420,0.017229526423843757
15421,0.5549786608576763
15422,0.08677071282902776
15423,0.6646103496544218
15424,0.8433060542322515
15425,0.012040626820699193
15426,0.02014030099224227
15427,0.8110412339857069
15428,0.5889255486683243
15429,0.021247003461660502
15430,0.3238879985617292
15431,0.05515848029122507
15432,0.016639152866099613
15433,0.6347040889392177
15434,0.01952701174919035
15435,0.7309145467533218
15436,0.7802719090860477
15437,0.019273912178192777
15438,0.8010718013924061
15439,0.024593795753022164
15440,0.011089512067688207
15441,0.3143413641800018
15442,0.7262942716463733
15443,0.10071684036121775
15444,0.465082497200896
15445,0.04806852110466242
15446,0.18503725233245918
15447,0.011091029102197385
15448,0.8542180015203346
15449,0.4175225518791914
15450,0.01379699093443799
15451,0.015186729370555332
15452,0.44479404655747135
15453,0.17149909933389065
15454,0.02858940595367345
15455,0.08917733831216523
15456,0.3565517575290335
15457,0.5157111054974451
15458,0.7318634724236848
15459,0.5460610244005462
15460,0.7804310715967785
15461,0.02469445095497066
15462,0.3418379788375338
15463,0.624811064406339
15464,0.006913307790485534
15465,0.5112324109421144
15466,0.8887329667363363
15467,0.6224326370980017
15468,0.3364126075997088
15469,0.05124358455656745
15470,0.006304125512672303
15471,0.023725653394116353
15472,0.02741871388448603
15473,0.3891521233043164
15474,0.051501828637010916
15475,0.07477497221615756
15476,0.7055570197478549
15477,0.42641584699140583
15478,0.01074317686764624
15479,0.028002416037088022
15480,0.007501934295450145
15481,0.019709077473523434
15482,0.007672556365034402
15483,0.7885600125780335
15484,0.7851011968557348
15485,0.025136208797157524
15486,0.7915122390071023
15487,0.5434545742218715
15488,0.8660637476497692
15489,0.6484551917104004
15490,0.7347666215348556
15491,0.6455913101572012
15492,0.7880355956849769
15493,0.8176176524508865
15494,0.3645840555788208
15495,0.011824036843259939
15496,0.027486929013198862
15497,0.0956869339757615
15498,0.3012044266903916
15499,0.6502201258962504
15500,0.030353617201966686
15501,0.01122043157442061
15502,0.05026527181648164
15503,0.6471417210090799
15504,0.2713683453370748
15505,0.8298963329550131
15506,0.7020537685852414
15507,0.018826100680011632
15508,0.8577422796928769
15509,0.014349475041125999
15510,0.6389017602807822
15511,0.7922004558752831
15512,0.029825543682062458
15513,0.015044399649030359
15514,0.46164334908506205
15515,0.8753981039618132
15516,0.897567611273519
15517,0.4351881641717549
15518,0.7969692687746486
15519,0.007775513195581725
15520,0.009382025432763745
15521,0.19691349540491748
15522,0.013580732672074956
15523,0.07806995064073516
15524,0.48417984342342474
15525,0.023961530214123658
15526,0.04074705637220937
15527,0.7161700947231837
15528,0.007483112366114822
15529,0.015162986742249888
15530,0.022757278817403956
15531,0.016655503144596958
15532,0.4355636941847174
15533,0.8253921254888796
15534,0.018388709074899548
15535,0.6701868337113335
15536,0.6567379083094516
15537,0.008939749501108974
15538,0.7141556805591521
15539,0.40079684378015124
15540,0.17854792566740593
15541,0.7686102523045906
15542,0.015237349223273484
15543,0.4256002612820907
15544,0.01709184117016031
15545,0.8572006151762457
15546,0.403066737015456
15547,0.6806923328486909
15548,0.09510020538693614
15549,0.02554666719476216
15550,0.4392711910600357
15551,0.2935809224299999
15552,0.7282651757932684
15553,0.7533682872314481
15554,0.03431497671181802
15555,0.5954389486285175
15556,0.006169658041576867
15557,0.6287199398100787
15558,0.8340843208822958
15559,0.800322459898688
15560,0.3848414434974604
15561,0.9020214915716953
15562,0.02846023059289358
15563,0.03959091484700034
15564,0.537584269790528
15565,0.018277942352356347
15566,0.6681861704501
15567,0.011762344124422142
15568,0.055340341931914575
15569,0.3037552732559022
15570,0.017285573395309374
15571,0.03188117046661665
15572,0.014962032174207334
15573,0.12870047525050105
15574,0.015470421929745161
15575,0.6511962219677537
15576,0.48327803609617465
15577,0.37118918128386874
15578,0.3499556761923829
15579,0.7484625257237337
15580,0.7129225486627091
15581,0.5721058043050775
15582,0.22654140282824942
15583,0.010786905373062698
15584,0.8331161773387747
15585,0.39280921493674104
15586,0.3168270264360044
15587,0.5639643755762278
15588,0.22804516932393418
15589,0.8405101548356109
15590,0.7304746229055805
15591,0.020318378897152996
15592,0.5763678378199721
15593,0.383268523501189
15594,0.4951770873847917
15595,0.10096702966448973
15596,0.0077268497326469
15597,0.4179820933048286
15598,0.023036595881250857
15599,0.557581580481149
15600,0.14678961544278438
15601,0.42087130525280675
15602,0.07847696187215057
15603,0.017335913571484635
15604,0.02691704109036331
15605,0.3890274626439973
15606,0.6055888158558609
15607,0.00859477138664219
15608,0.38539147007447166
15609,0.10272525216186118
15610,0.586837864283571
15611,0.04210449845611602
15612,0.22746313948437863
15613,0.7848722909444711
15614,0.6583409316697583
15615,0.27963364379260547
15616,0.08118603800978455
15617,0.6204321715322406
15618,0.6123707975457846
15619,0.015235936983843484
15620,0.4066309917379499
15621,0.025887766718403225
15622,0.669229560943826
15623,0.050854686280363076
15624,0.7490177600095438
15625,0.1797801359261756
15626,0.553199942526944
15627,0.12080459612994401
15628,0.25945882387219593
15629,0.013960500312255597
15630,0.2378265624793403
15631,0.35004461764827505
15632,0.601957094030245
15633,0.6360313494267995
15634,0.5703402219206011
15635,0.6124696702033965
15636,0.015595605513079942
15637,0.02160226409158864
15638,0.1910146378970095
15639,0.020946451486305244
15640,0.00842650994577041
15641,0.5994692723172943
15642,0.012797321707118454
15643,0.8311237748681817
15644,0.16947707012341762
15645,0.036013021681791775
15646,0.010761183585365984
15647,0.3656512501691528
15648,0.023880633221553427
15649,0.11729901223070809
15650,0.010804324416187236
15651,0.29869232426907694
15652,0.2513187065606724
15653,0.012183728132087887
15654,0.014124211800869289
15655,0.009661896635298617
15656,0.010576849855827932
15657,0.29125242462977463
15658,0.012816476762124534
15659,0.577959678241123
15660,0.28713801820190016
15661,0.8148085344885935
15662,0.027151617998635236
15663,0.2793472604966701
15664,0.4353676068363916
15665,0.5058093504284904
15666,0.7005538901627028
15667,0.08397973076395579
15668,0.10706728879203599
15669,0.7776396370438527
15670,0.6619070923827187
15671,0.7114128247493934
15672,0.8014880307449718
15673,0.6528614740879475
15674,0.20958840599965423
15675,0.3879671616368736
15676,0.2909793260097347
15677,0.7841326984299537
15678,0.6927293110516538
15679,0.154113857356588
15680,0.12213686084426886
15681,0.049487277711738845
15682,0.02009086120553867
15683,0.4467800900032091
15684,0.5552236339118346
15685,0.00725387321943619
15686,0.2302647319890293
15687,0.14550361142017298
15688,0.0194795470579064
15689,0.750489058197125
15690,0.5291375742992466
15691,0.0075811719038342325
15692,0.5754997921803879
15693,0.7062430999046727
15694,0.015750924892531066
15695,0.6883680659383995
15696,0.02768459892421094
15697,0.2004251070863749
15698,0.3029084755084376
15699,0.04690451620539776
15700,0.6984982948303778
15701,0.007013056837397684
15702,0.03766120371879197
15703,0.012184019901799502
15704,0.026688034330824114
15705,0.03344560722950759
15706,0.5796304125257887
15707,0.007411609830831561
15708,0.08074884050850861
15709,0.6596654706597399
15710,0.049545682821254856
15711,0.28373242375231067
15712,0.5120402885957638
15713,0.017719955676287664
15714,0.2821717551311377
15715,0.008577607864727669
15716,0.739872278349288
15717,0.5301126647008771
15718,0.559388513923286
15719,0.028578453185499834
15720,0.7040973252749272
15721,0.016882889642891256
15722,0.15145124298852897
15723,0.4579464703061953
15724,0.6775624180778195
15725,0.7161357001434296
15726,0.021095624646622235
15727,0.03085593207231768
15728,0.8307351830446548
15729,0.012905393471373202
15730,0.011962511255111002
15731,0.4969041354213297
15732,0.036141267865994864
15733,0.6230323560936823
15734,0.5739253178625862
15735,0.0825783758385925
15736,0.06071146281205291
15737,0.5108442105246309
15738,0.015659371610174756
15739,0.00647719583298592
15740,0.046356061203864395
15741,0.30618015852398817
15742,0.8185526046361162
15743,0.017116478788966782
15744,0.015860087890828562
15745,0.007284197536662001
15746,0.014001784130539041
15747,0.521151003123845
15748,0.009484489922186081
15749,0.697944781110869
15750,0.03152128392021613
15751,0.01643159107437265
15752,0.8388432046345842
15753,0.4983597403289767
15754,0.5343883108778436
15755,0.6774280619044443
15756,0.5892685285762512
15757,0.020649051183275816
15758,0.01905713792084404
15759,0.03912286454357111
15760,0.13458122611174522
15761,0.01505440308477596
15762,0.813023943005624
15763,0.8634662269257356
15764,0.01635117274617868
15765,0.7850662939929662
15766,0.42141385208031634
15767,0.8451928420322213
15768,0.7098067918791224
15769,0.04573965093766947
15770,0.0076342289659547076
15771,0.011722042289510782
15772,0.007095042631437272
15773,0.3414113047079128
15774,0.3327594690928168
15775,0.007167784605185521
15776,0.4944625237117128
15777,0.5190644823617918
15778,0.7706504028243824
15779,0.06275966163885899
15780,0.018025673999510477
15781,0.34931239967215133
15782,0.02392329548613955
15783,0.47161794928298084
15784,0.8233619461883148
15785,0.5391378414155906
15786,0.04868876834083856
15787,0.16938992753702065
15788,0.6830724059686395
15789,0.44056142451325864
15790,0.08862353178502377
15791,0.3529494141255737
15792,0.1332267517935594
15793,0.005672268675031754
15794,0.7287412447902305
15795,0.17796633358285344
15796,0.02330865431538621
15797,0.20069210506679094
15798,0.7866830761208319
15799,0.027053483002875196
15800,0.22210254642046326
15801,0.5220630104434993
15802,0.6476473708180528
15803,0.05308098382196351
15804,0.3451670497097785
15805,0.4917188000975937
15806,0.02132187140913496
15807,0.2996360858374771
15808,0.036671517181706366
15809,0.8748769571489462
15810,0.3368367228122612
15811,0.06331994240823535
15812,0.7255766179966604
15813,0.3468292172178128
15814,0.799272830773635
15815,0.007478268014888982
15816,0.844987946514556
15817,0.6202725178116192
15818,0.5379683000789004
15819,0.530210258507245
15820,0.08492875078999017
15821,0.20765313665430493
15822,0.05296776003619723
15823,0.8858212184581568
15824,0.39021660009468595
15825,0.05120204818908725
15826,0.010419394043005358
15827,0.1048195931612348
15828,0.7480310102451643
15829,0.007914466747942571
15830,0.005174561731986594
15831,0.022741292413294284
15832,0.6722257190640787
15833,0.011966964308501225
15834,0.5988633180530742
15835,0.026064254758694474
15836,0.49013749101619886
15837,0.02178036814362605
15838,0.4232329726399378
15839,0.02017510453112827
15840,0.007010110821102261
15841,0.4652360332652793
15842,0.30124448558488426
15843,0.734866070746895
15844,0.6548270619603687
15845,0.005600282649286656
15846,0.010181552137805208
15847,0.5608788582309621
15848,0.6438839846286732
15849,0.009371518669653838
15850,0.6618462538125907
15851,0.03790273198103007
15852,0.8417564650634212
15853,0.07974425527750928
15854,0.5358561892107151
15855,0.565785764769263
15856,0.012728583180089837
15857,0.022406484224386333
15858,0.011458171140453456
15859,0.008432999569771976
15860,0.26927639930586966
15861,0.08586549297458705
15862,0.21206402852864947
15863,0.867138077612883
15864,0.04290239848404863
15865,0.31467124319811257
15866,0.5318777772720489
15867,0.6624045829102406
15868,0.4747190033083874
15869,0.00583559204155413
15870,0.03901373105698426
15871,0.00818012950205142
15872,0.8047543801903297
15873,0.7117401487438104
15874,0.08694451075169665
15875,0.1208366024105253
15876,0.00905022227456138
15877,0.013428354823926457
15878,0.6807079402767572
15879,0.3390875390040218
15880,0.6473785285619148
15881,0.8411749922270522
15882,0.009658142744032604
15883,0.09896583812389892
15884,0.17554551971025142
15885,0.5363365040326608
15886,0.011324767676028153
15887,0.2868139559360396
15888,0.3537891619935086
15889,0.8699287280828125
15890,0.29110413362586524
15891,0.6662124749841847
15892,0.01972257893171931
15893,0.5959301450274398
15894,0.4362289756566408
15895,0.010198480760634161
15896,0.6353299772396053
15897,0.03175807921174704
15898,0.018874514966476044
15899,0.014926942560011692
15900,0.7943599031917067
15901,0.7569198361804323
15902,0.7344690434109575
15903,0.700983019921274
15904,0.7798603907428302
15905,0.03620463594533509
15906,0.4209498968468946
15907,0.599265792865659
15908,0.010166185188408564
15909,0.7164231280830389
15910,0.6626108426433247
15911,0.07305170508196616
15912,0.007117982405662613
15913,0.008845660093388556
15914,0.014814561123810594
15915,0.920240242758865
15916,0.03508133188632433
15917,0.021021612986851134
15918,0.02242509246738652
15919,0.025323105826481826
15920,0.011220093715060424
15921,0.4339815184465176
15922,0.02216806345764564
15923,0.043566575791015055
15924,0.10995408203538881
15925,0.37889195623076877
15926,0.04010212372423762
15927,0.014432710102295179
15928,0.7013620418868156
15929,0.4584703484378096
15930,0.011238527790777364
15931,0.05159877329387219
15932,0.8530951850248873
15933,0.428684015024271
15934,0.4675938027980433
15935,0.474841061323131
15936,0.5324315871676577
15937,0.4101982817442361
15938,0.008277555604592762
15939,0.7568211984527017
15940,0.021021925835943242
15941,0.01746769515270044
15942,0.4833474770019739
15943,0.48072820619831347
15944,0.5611751908970675
15945,0.03851186702566101
15946,0.6394285028971861
15947,0.09831593657046236
15948,0.7539052709752212
15949,0.1443238654284097
15950,0.0487056093408498
15951,0.7313074424328019
15952,0.4418992109514387
15953,0.3947556060030962
15954,0.681264023530851
15955,0.7160884897869089
15956,0.5822891307248087
15957,0.49860790350937745
15958,0.2594383801842053
15959,0.5655341923437534
15960,0.07960606544359054
15961,0.015866849325191727
15962,0.6051690503956851
15963,0.7978885489950258
15964,0.03322047972363015
15965,0.12730976937464392
15966,0.02519202705019205
15967,0.2909694104887372
15968,0.4111402989453943
15969,0.024383937497286293
15970,0.011582449261641366
15971,0.7135490388994538
15972,0.01829726650548118
15973,0.7277903199738591
15974,0.7798439784324884
15975,0.09794116264848927
15976,0.11493769055482725
15977,0.39466126580022776
15978,0.12108849137988115
15979,0.41876658268753403
15980,0.7878072087441966
15981,0.8305746615186032
15982,0.03506612834904973
15983,0.027616061565329912
15984,0.7132277730645875
15985,0.8655717555437268
15986,0.6387531871948684
15987,0.7403115616844277
15988,0.010692609150162544
15989,0.3008161056227536
15990,0.7058750666729929
15991,0.008086573180521875
15992,0.007930121727882811
15993,0.6014854189144945
15994,0.2097743632711909
15995,0.7053497761308842
15996,0.4426361741382553
15997,0.04855700612186494
15998,0.04352824411612345
15999,0.019802577171386938
16000,0.0630199936773726
16001,0.6893857868936171
16002,0.666555076833838
16003,0.4409185020728982
16004,0.5702770174614191
16005,0.8104682500506466
16006,0.3159764583918234
16007,0.17998285139443254
16008,0.5228889739042074
16009,0.014767984741837943
16010,0.6012428761142439
16011,0.9177524301074265
16012,0.6804321293545134
16013,0.8509257953970942
16014,0.3743651718190691
16015,0.5135890785475008
16016,0.017684527279063132
16017,0.39980187841706216
16018,0.03065371240689014
16019,0.5782561302871674
16020,0.5653129866566151
16021,0.019579235937192692
16022,0.30001642409343976
16023,0.3166417972630267
16024,0.032305953391015746
16025,0.018658037577849448
16026,0.4331980283661858
16027,0.0451026602933117
16028,0.01708674579385802
16029,0.5300028254269691
16030,0.010970230620858291
16031,0.19065634165378106
16032,0.7806192521288833
16033,0.8536269430818156
16034,0.5254776434475
16035,0.8667967825659202
16036,0.8605540793794718
16037,0.01196189311548677
16038,0.056299427774995116
16039,0.6426481893816555
16040,0.014230414665451753
16041,0.2258852061741866
16042,0.09803357030364454
16043,0.023204476331903475
16044,0.571164701198949
16045,0.7505604181831929
16046,0.016147214976264136
16047,0.44594166678725194
16048,0.6370800314866918
16049,0.6898517312112306
16050,0.03869006771707229
16051,0.0505509174132292
16052,0.758367491247165
16053,0.8249271556488097
16054,0.4802061729984348
16055,0.7377474368778361
16056,0.01028377013108801
16057,0.6451069040052076
16058,0.016933742757820024
16059,0.04281248366265068
16060,0.61740563738514
16061,0.5732323245865709
16062,0.7253552699806576
16063,0.009326118805966111
16064,0.6969220386289331
16065,0.7624671761190369
16066,0.038758385301108846
16067,0.7179297227056576
16068,0.023583454542197617
16069,0.5298437069867677
16070,0.5500026065025283
16071,0.49151959880415946
16072,0.4003917732471568
16073,0.5357863534123966
16074,0.5905379841092443
16075,0.81007635662801
16076,0.73103147714085
16077,0.04014661045231055
16078,0.33779251492547635
16079,0.6682745665165364
16080,0.6109904749009681
16081,0.09793617751528748
16082,0.016433365250792475
16083,0.05649975981183413
16084,0.4721320337189711
16085,0.307556579756351
16086,0.07811043508556198
16087,0.24280641818819906
16088,0.016323996398551317
16089,0.8970133439024536
16090,0.6648815824565304
16091,0.061939139933728043
16092,0.018509122810828907
16093,0.45893845476232675
16094,0.014493049488425613
16095,0.8870300714974063
16096,0.2609092426435182
16097,0.6467417671702311
16098,0.11689849632277731
16099,0.8225071980127401
16100,0.017302688627558297
16101,0.6072577078730362
16102,0.4341957365235748
16103,0.6042826388264046
16104,0.027555502356529017
16105,0.024202700818917112
16106,0.3134889971707887
16107,0.11293538691649078
16108,0.05443225515978152
16109,0.4161503862072684
16110,0.02046226217162792
16111,0.3367438047890256
16112,0.1360436390918061
16113,0.665517451451934
16114,0.8108706136310708
16115,0.03973818269200145
16116,0.02340491207396325
16117,0.6503959476990893
16118,0.013283042687801349
16119,0.01656355886531117
16120,0.020694436624783392
16121,0.014143288835362117
16122,0.5780449152858862
16123,0.72376900972827
16124,0.02826892636601107
16125,0.03608641197087923
16126,0.017727211536350117
16127,0.4132556104377166
16128,0.7766769555829515
16129,0.051930800810208066
16130,0.7122771307639743
16131,0.7526805257936502
16132,0.4911195309227276
16133,0.0218880218907462
16134,0.013403781107006265
16135,0.676191441861505
16136,0.4622773100687893
16137,0.6838134533261425
16138,0.02403815097420943
16139,0.6909579608680158
16140,0.6201141760639364
16141,0.1477337695099287
16142,0.7671309986095802
16143,0.006451450537016463
16144,0.6965761534022789
16145,0.011815570555964067
16146,0.7957993959787116
16147,0.010337306276512763
16148,0.5893302977819311
16149,0.6986429426866516
16150,0.3458941534263163
16151,0.6119112660159671
16152,0.3057411918274412
16153,0.30715935213338685
16154,0.03471450160271763
16155,0.5454818907955259
16156,0.7162617648897276
16157,0.06329184187890702
16158,0.5856886083032746
16159,0.013449378440515697
16160,0.009357519351783656
16161,0.29302982399075345
16162,0.010664314687765106
16163,0.020965154885664083
16164,0.7433566264663759
16165,0.6256245768649964
16166,0.010989826012846649
16167,0.4792517396201759
16168,0.020782625133948657
16169,0.8149068647846475
16170,0.36387419758905987
16171,0.2926441019866839
16172,0.06034670714775819
16173,0.009656838067394985
16174,0.5029669150319755
16175,0.7353430803866765
16176,0.484136329911818
16177,0.30474056783738196
16178,0.6365870650131644
16179,0.5532069731656809
16180,0.19397522024841954
16181,0.014101972709458455
16182,0.6563816374733582
16183,0.7378471946443521
16184,0.6334866530905279
16185,0.015623822266736243
16186,0.813100251343854
16187,0.6652389780199487
16188,0.011274964999709243
16189,0.4862184520051277
16190,0.7463603492088576
16191,0.004863700782477441
16192,0.2514011970222774
16193,0.7696497176061776
16194,0.02103012761953595
16195,0.029349807638285277
16196,0.009237656867689212
16197,0.009221778660983362
16198,0.01759521324076935
16199,0.7456721025174664
16200,0.5947091608799213
16201,0.6571684222100161
16202,0.7176164834827796
16203,0.02727353204359445
16204,0.016416235583207546
16205,0.6870173970465172
16206,0.6900387106017025
16207,0.011490646839025485
16208,0.7094729962345837
16209,0.016154992742854653
16210,0.7206454951166059
16211,0.4259397810173993
16212,0.6732834913578353
16213,0.04285636389437157
16214,0.37035661120096075
16215,0.012670379502230388
16216,0.017403037217455626
16217,0.2673198841601736
16218,0.3817675930337176
16219,0.02449363333795068
16220,0.7462340674104295
16221,0.730617982697016
16222,0.22941972214529405
16223,0.46354243452707217
16224,0.009086651449003589
16225,0.02752825811467469
16226,0.5276474247451907
16227,0.7689694462532486
16228,0.02033456519627367
16229,0.017490594684582604
16230,0.008210638682874055
16231,0.6367298415101257
16232,0.5402920123050488
16233,0.36232814277488534
16234,0.21481296604824904
16235,0.301717386671193
16236,0.7065806277719151
16237,0.8502395837077227
16238,0.3665119831330192
16239,0.3383701155649826
16240,0.006139432666137333
16241,0.016019541567446782
16242,0.08416955033237425
16243,0.03414432050320729
16244,0.7048328710950875
16245,0.7878030526088691
16246,0.5284935334801317
16247,0.35006096751955396
16248,0.7068855199606627
16249,0.4799110124977022
16250,0.008402783233304517
16251,0.11487585547903126
16252,0.29550401046983826
16253,0.025786704630145388
16254,0.03496019330576114
16255,0.6183686956308677
16256,0.36404462212204414
16257,0.5961242713063934
16258,0.47700220622487444
16259,0.3051105812533851
16260,0.016067220542699264
16261,0.7411838224240804
16262,0.5689549348272483
16263,0.07948676704098336
16264,0.813197167221611
16265,0.03702222666191515
16266,0.9048902894230928
16267,0.012485606602880235
16268,0.01540410056545815
16269,0.6546570972591446
16270,0.02451511760554202
16271,0.26398355273759383
16272,0.7369582397754082
16273,0.27814112711634
16274,0.010648606044729789
16275,0.527632195564604
16276,0.01829798687738722
16277,0.5495117026038069
16278,0.605160433482583
16279,0.04956086973347238
16280,0.577952886087737
16281,0.9344826416738173
16282,0.6347248802540757
16283,0.44071744489718956
16284,0.503059637362061
16285,0.7830469895161194
16286,0.08479320236292452
16287,0.04345928577106191
16288,0.6559919156739699
16289,0.25625604221623594
16290,0.4620481297989558
16291,0.045490219440501786
16292,0.00998212525064264
16293,0.012406789873909838
16294,0.6325477042053411
16295,0.4962148419319887
16296,0.014376561129694578
16297,0.8128915384742079
16298,0.6983367304870483
16299,0.013950433018279931
16300,0.10147114895898644
16301,0.6680971635165398
16302,0.017670940698176867
16303,0.04852114342096803
16304,0.02617257186622614
16305,0.31205977520477896
16306,0.26688178535294266
16307,0.765185888654308
16308,0.5521603679283376
16309,0.027676973097355218
16310,0.49733516536186784
16311,0.07190986512606462
16312,0.7536256961271698
16313,0.5148645079005604
16314,0.8038026555016068
16315,0.4252409698578046
16316,0.287130527272304
16317,0.5334655675140977
16318,0.09590073614988932
16319,0.3288034269465578
16320,0.010343654925338171
16321,0.01902860095746755
16322,0.6318849818090531
16323,0.5762587674987364
16324,0.2681656064843147
16325,0.26625536519479237
16326,0.0189838743783924
16327,0.8783240836460138
16328,0.016029975579336095
16329,0.3691744180626577
16330,0.09979209692904757
16331,0.586007195992696
16332,0.016066012740953362
16333,0.1955182000197534
16334,0.579557130505759
16335,0.5878201117741767
16336,0.30085671766903455
16337,0.516727935122989
16338,0.03718276224573787
16339,0.05517903992312856
16340,0.45611568620123166
16341,0.4877392071330236
16342,0.752160293328186
16343,0.15508862831692377
16344,0.8835013753937997
16345,0.5435005408737529
16346,0.018489512189290604
16347,0.5465691657622784
16348,0.0687515954674637
16349,0.37505684393922334
16350,0.540584704692516
16351,0.8675187444252819
16352,0.576678079983634
16353,0.44256491139471044
16354,0.765277256634997
16355,0.6267440832810904
16356,0.4749784022492011
16357,0.1466773698833841
16358,0.8950552392680942
16359,0.258414971957491
16360,0.8346824941487525
16361,0.023663909843465388
16362,0.5830218275742197
16363,0.6828226533428314
16364,0.8300709609548045
16365,0.010760429274425201
16366,0.01581864633596294
16367,0.47365190080463876
16368,0.5397710597078782
16369,0.3392427038921613
16370,0.27602542351187
16371,0.2814182518211126
16372,0.48446665915428144
16373,0.6569235966874671
16374,0.024862614315124414
16375,0.8161193963863331
16376,0.744117222400419
16377,0.48635723411989706
16378,0.018762726346959066
16379,0.008956911792307717
16380,0.8173636688905945
16381,0.03387883344408729
16382,0.009157648972174214
16383,0.23205466211314094
16384,0.6112892577812177
16385,0.18570515036907545
16386,0.013938612454157348
16387,0.6869892204899424
16388,0.08680433124635004
16389,0.38316165489150356
16390,0.28168550741175896
16391,0.3701017867344008
16392,0.5350380515993296
16393,0.022516270583898455
16394,0.36782748613890826
16395,0.6655174728311598
16396,0.023176967269761706
16397,0.19051831011728035
16398,0.21068486621691232
16399,0.012128039233358739
16400,0.3597736477370153
16401,0.3337467604861979
16402,0.8661536564575368
16403,0.7363940588149221
16404,0.013026943034229969
16405,0.009907428837827843
16406,0.8541432808413241
16407,0.1946888837634244
16408,0.0225335313380847
16409,0.8386479527617073
16410,0.025919252397787196
16411,0.035285667339700164
16412,0.19052982269177138
16413,0.3123024773892298
16414,0.7043591999096133
16415,0.05337373370912034
16416,0.009142660801631515
16417,0.7075812475347962
16418,0.17229664729033367
16419,0.3319571624439061
16420,0.026900206160520006
16421,0.4278185766107889
16422,0.029781201644665568
16423,0.6581131542619499
16424,0.014617105038239056
16425,0.007055983743947685
16426,0.8564121786610484
16427,0.1121076284860838
16428,0.7400339288611391
16429,0.012725975613621206
16430,0.03707924221536196
16431,0.6958771079967059
16432,0.022161530641565147
16433,0.15795301473626966
16434,0.39553906776379927
16435,0.11747373223785948
16436,0.07130815928557235
16437,0.24065284084721583
16438,0.013601816772755421
16439,0.015344798277220663
16440,0.007193958487113753
16441,0.3137450234710959
16442,0.036331206999272204
16443,0.38776156376530196
16444,0.38007016204881855
16445,0.5754574457923846
16446,0.01062319707049848
16447,0.011466385202395908
16448,0.004754169327387298
16449,0.8599791141010216
16450,0.4863565409142788
16451,0.3362301218542972
16452,0.8139885758142409
16453,0.6336867124076906
16454,0.06626692733945459
16455,0.07081953309628183
16456,0.5800414447525204
16457,0.059463867096336095
16458,0.4798936190643126
16459,0.024763925892706862
16460,0.062380583267197046
16461,0.43265465306261425
16462,0.08398697595561096
16463,0.2489381111337637
16464,0.4318345354538015
16465,0.8408132673116213
16466,0.03600581900784293
16467,0.6517489115967313
16468,0.023885834535145884
16469,0.015564943938924216
16470,0.04054931439943929
16471,0.006873794267735745
16472,0.4500595299907291
16473,0.5967695227496332
16474,0.1837313350480983
16475,0.021519703418192267
16476,0.035610984013812685
16477,0.4509705904712635
16478,0.015697059475458762
16479,0.28158844741223465
16480,0.014460196527016255
16481,0.34094402403606316
16482,0.5672484762805282
16483,0.33327830513852846
16484,0.01654095049184009
16485,0.6503472348198914
16486,0.5711351735908833
16487,0.3450900041807615
16488,0.7124982917044291
16489,0.11763554547757929
16490,0.02377692926868534
16491,0.7113886556279965
16492,0.857491092648699
16493,0.31735612673501046
16494,0.032620975837981556
16495,0.02983206957372512
16496,0.15117883333834092
16497,0.1934032867272448
16498,0.7763111430834153
16499,0.5761542222303195
16500,0.7138853472555913
16501,0.029146258198584123
16502,0.7864622441675158
16503,0.10758879270431841
16504,0.6594431422577176
16505,0.012163296173728279
16506,0.5987671642452919
16507,0.08733326825647661
16508,0.8381396455462184
16509,0.8407541174125835
16510,0.007822931805731811
16511,0.6229955156151924
16512,0.01689189332790863
16513,0.023714669036949576
16514,0.5637576578418643
16515,0.018595927972552214
16516,0.011577824556614817
16517,0.5914453173130119
16518,0.7047219064843826
16519,0.8759350334344516
16520,0.012851401197352222
16521,0.605385266005133
16522,0.8543171632275616
16523,0.25902514059599646
16524,0.6900266988920712
16525,0.45446559094501127
16526,0.6313034726402442
16527,0.013236674808762637
16528,0.028466648547225127
16529,0.0071559720658608906
16530,0.8030557366386939
16531,0.4309189572205489
16532,0.32300484609015906
16533,0.01751296537121111
16534,0.39665945415848525
16535,0.6187973058186567
16536,0.01985279207451908
16537,0.6724748176793947
16538,0.3412756272685712
16539,0.006509955291829418
16540,0.006830908312175635
16541,0.767583705136846
16542,0.014005649014948083
16543,0.6866231856144969
16544,0.011291638207098853
16545,0.007580628433741902
16546,0.0575996804035746
16547,0.6004004249736872
16548,0.6248447255066982
16549,0.012182934290058942
16550,0.44610586923235307
16551,0.6916547659432362
16552,0.4771182592097899
16553,0.5004311101459339
16554,0.582924148005454
16555,0.00916908102585822
16556,0.056636529615860555
16557,0.02301915260627327
16558,0.7638802822548587
16559,0.6271905468652976
16560,0.042849028550393936
16561,0.4422917290402102
16562,0.2272102752467627
16563,0.4426995712599174
16564,0.014623528349844494
16565,0.8522149183287818
16566,0.472471400575762
16567,0.4998607913262706
16568,0.7361455887916337
16569,0.40707000252359726
16570,0.025633941323900785
16571,0.765627815420216
16572,0.025700763709516766
16573,0.014872179701947798
16574,0.009818345780294507
16575,0.45357386331979893
16576,0.7736555874995542
16577,0.012235786126628201
16578,0.29208476602770383
16579,0.010353667355294437
16580,0.9086889893199248
16581,0.015638665225043424
16582,0.5773206387937628
16583,0.6940330778400079
16584,0.011957746358136775
16585,0.017731582534555344
16586,0.5817668238068435
16587,0.016823728973235093
16588,0.021300961259935913
16589,0.647225857146876
16590,0.20817772211083033
16591,0.005533998275935731
16592,0.4762666417130326
16593,0.007876631279895924
16594,0.4135567444680996
16595,0.6151835474351408
16596,0.5613855569804711
16597,0.013304035554095359
16598,0.011841417613207872
16599,0.5832272233777929
16600,0.7541004271743739
16601,0.7911662096392028
16602,0.39650443792134876
16603,0.7829234402169263
16604,0.018264502391890744
16605,0.01640652866699569
16606,0.6882055248367338
16607,0.37471608819264374
16608,0.6719329747743799
16609,0.20011565059636058
16610,0.008869696965816545
16611,0.5681791263653888
16612,0.4978057922120171
16613,0.0056698453559207536
16614,0.786146125553802
16615,0.061487843591277444
16616,0.011099015604300497
16617,0.6628301990045142
16618,0.06332589325535004
16619,0.8298589287495102
16620,0.2173099872781878
16621,0.48347863972734106
16622,0.09979905601379842
16623,0.13692769877195035
16624,0.376839181036563
16625,0.7205350756940735
16626,0.011888335161837169
16627,0.007666499964250577
16628,0.019214532653668702
16629,0.6348921434108588
16630,0.04710859614930802
16631,0.14305222987646604
16632,0.1860847256690063
16633,0.7282404214081203
16634,0.6319350676448645
16635,0.8591616323159375
16636,0.5927225345116448
16637,0.27021930252191173
16638,0.06812841397596399
16639,0.14818903757398047
16640,0.8135161366607109
16641,0.008758067590668703
16642,0.42073734001687535
16643,0.00638723237532701
16644,0.3354782643090745
16645,0.6908498635756706
16646,0.021161792068964663
16647,0.878983787529193
16648,0.6739357729973958
16649,0.5499926783655273
16650,0.018642182494356632
16651,0.4307926737584661
16652,0.6732126715393277
16653,0.06991121297701869
16654,0.07667563742894026
16655,0.044904764582320685
16656,0.027699516408530227
16657,0.3789921589119629
16658,0.8342043942323182
16659,0.7334986758415267
16660,0.5515079328304342
16661,0.6319857751234319
16662,0.3727022853941021
16663,0.590082590474067
16664,0.13918832118522553
16665,0.6971353280770459
16666,0.14248652308761733
16667,0.8503629640763464
16668,0.7140857921564201
16669,0.0241066447105829
16670,0.7610701625756918
16671,0.024561068868775012
16672,0.7096543649545983
16673,0.05262850372995557
16674,0.3360751662462091
16675,0.03872705094254648
16676,0.30268685707314347
16677,0.8076518161228227
16678,0.7448439061830325
16679,0.5704711252756393
16680,0.5107256636011266
16681,0.32423554222801476
16682,0.42036455962879304
16683,0.020347126841752487
16684,0.6997175982067665
16685,0.449805608952451
16686,0.6210071757177315
16687,0.011413354620273384
16688,0.08028634180998431
16689,0.3492701653584521
16690,0.8728078644168492
16691,0.7530330444157007
16692,0.2893903574663762
16693,0.5851192923865091
16694,0.5863624092741335
16695,0.030614261840436374
16696,0.008097621113870383
16697,0.685518995529963
16698,0.030100544118998346
16699,0.005235154408692409
16700,0.03670233735745023
16701,0.44744767908371486
16702,0.012517656727437957
16703,0.024205865359077015
16704,0.06888875516957446
16705,0.26826147569353964
16706,0.7795022698423002
16707,0.006970482875035198
16708,0.009112501087515356
16709,0.5449060179576363
16710,0.5744620701893461
16711,0.32299737769774195
16712,0.30992478860267636
16713,0.08187189824124598
16714,0.02444844103940856
16715,0.7614403062064357
16716,0.6746193340794091
16717,0.37675420308255514
16718,0.41621239349384875
16719,0.00716625889995226
16720,0.5623551749065208
16721,0.6099028795480704
16722,0.7565548772754044
16723,0.014835442274627585
16724,0.6495996367145632
16725,0.48363436590238
16726,0.049958980693250346
16727,0.7004369393539203
16728,0.4387301221255924
16729,0.031248781172763876
16730,0.3610993818998189
16731,0.011960269632962463
16732,0.026792146522181932
16733,0.02274291486398767
16734,0.49752033228193177
16735,0.17573277257758008
16736,0.30561965269383146
16737,0.2043692082901469
16738,0.710489950242683
16739,0.7514522187909819
16740,0.7799568139494599
16741,0.01405975636190228
16742,0.013942264638469351
16743,0.6761667169374265
16744,0.37885532296553676
16745,0.7892989823445385
16746,0.1702301070113323
16747,0.05338708938784779
16748,0.5418572507700103
16749,0.41720580894079373
16750,0.4743148944015645
16751,0.5840424912242463
16752,0.6127153627330046
16753,0.16014226912286111
16754,0.011619868187252216
16755,0.05022540100501986
16756,0.04479562446965191
16757,0.8036060339854156
16758,0.42274187291593873
16759,0.2418253327957325
16760,0.2281276713757664
16761,0.023962481495262707
16762,0.0137440306880187
16763,0.8338544515742148
16764,0.027249674676210145
16765,0.7005399218539426
16766,0.32944271441178835
16767,0.018459507861280318
16768,0.582787395175933
16769,0.789322268145495
16770,0.6971023753696668
16771,0.701872731546002
16772,0.29045508006402426
16773,0.05364183729530283
16774,0.36885405738086835
16775,0.24737118129305688
16776,0.7432030039989777
16777,0.01605044092426927
16778,0.41976066543605717
16779,0.6586421784606623
16780,0.7610569657958527
16781,0.05624166389791739
16782,0.6759749229784153
16783,0.8595201979844265
16784,0.4320917830392677
16785,0.46071986353425587
16786,0.7553453810015242
16787,0.4403961886616279
16788,0.017086396189114565
16789,0.023063809037287
16790,0.3751137197175342
16791,0.4630743840970678
16792,0.00614559222459702
16793,0.09030846803819598
16794,0.0563979434463404
16795,0.7035645805297999
16796,0.07831116764311595
16797,0.528841429813294
16798,0.017403878666592633
16799,0.6249656730161625
16800,0.8232802913785374
16801,0.01756490613916664
16802,0.3064323880892054
16803,0.5637054158071764
16804,0.02779873791216582
16805,0.013771138629589046
16806,0.8604375682050351
16807,0.8582733484298827
16808,0.21165517873666487
16809,0.6906730450738798
16810,0.5699854558888786
16811,0.6599881994957018
16812,0.05059550731512716
16813,0.2649425364148661
16814,0.034086460653802025
16815,0.28576181021244607
16816,0.80672067396605
16817,0.35084049751717716
16818,0.007301633716951687
16819,0.6169794958945283
16820,0.358502837818474
16821,0.7578812234534746
16822,0.7597824039890035
16823,0.31994242563622055
16824,0.027421051449782605
16825,0.16690852322764624
16826,0.35043155795589603
16827,0.0333437692363155
16828,0.6953330428014652
16829,0.016667529467888183
16830,0.010572856204120861
16831,0.11504825579709865
16832,0.8369339164319776
16833,0.5292795357284403
16834,0.6224850255899371
16835,0.4506259743657271
16836,0.020431837612952593
16837,0.5780500506484392
16838,0.7842957528104237
16839,0.8717895034618223
16840,0.4538407900738714
16841,0.674796799016292
16842,0.006654756160520194
16843,0.6384162278826638
16844,0.13805888599319122
16845,0.019363307663499096
16846,0.02919547135341601
16847,0.01368455618995036
16848,0.07714944290135803
16849,0.30469187029333533
16850,0.5517531912610578
16851,0.021159650460886248
16852,0.5797587363513351
16853,0.7334747044138898
16854,0.4576256980602528
16855,0.4769721000730825
16856,0.34576818495910244
16857,0.006601561002829869
16858,0.7081931566928894
16859,0.6192290766553634
16860,0.5430681139304674
16861,0.014760301061628386
16862,0.038448133908665805
16863,0.02679340578097568
16864,0.32410973958386924
16865,0.801822138147979
16866,0.4735357549284278
16867,0.00801135097226717
16868,0.07690090384978572
16869,0.012429951532117543
16870,0.6370946519697739
16871,0.04071696733570695
16872,0.028449478296827837
16873,0.008581530722361503
16874,0.011268021048621589
16875,0.559872174533209
16876,0.026416527619133035
16877,0.3778604643248465
16878,0.011023471423579751
16879,0.07325294666387479
16880,0.8183526483321893
16881,0.45776994784223984
16882,0.009567707045357709
16883,0.6270370437618846
16884,0.5258096239648938
16885,0.4005768344781039
16886,0.6149044662522857
16887,0.4123507945272153
16888,0.8300416307865979
16889,0.7730371336323307
16890,0.5679753795354254
16891,0.6521248614994694
16892,0.7924004329061163
16893,0.036631742212333146
16894,0.8494353464826323
16895,0.28005623739564917
16896,0.012820064517709428
16897,0.2738334593619117
16898,0.5399665649271295
16899,0.012198532898954992
16900,0.471659368729391
16901,0.4622550297813801
16902,0.7756403280652793
16903,0.012213186078680924
16904,0.522891297287884
16905,0.3156476319147949
16906,0.8477465629459375
16907,0.39287965263854585
16908,0.7725815746629138
16909,0.5430096863033449
16910,0.017033673019786
16911,0.8552740765012957
16912,0.6777408116917614
16913,0.7334481912314608
16914,0.0656501195513522
16915,0.03448350298284466
16916,0.038233264983228356
16917,0.7689156486865308
16918,0.4032326230752907
16919,0.08222156310189492
16920,0.7999813124998832
16921,0.04992381582501074
16922,0.04091230008439795
16923,0.008602864059447803
16924,0.4374375528309035
16925,0.02334340065350688
16926,0.7001686894617453
16927,0.08988258486617301
16928,0.2441079317838942
16929,0.12118713733593657
16930,0.7175767135835042
16931,0.3184995804756365
16932,0.3823011762627732
16933,0.026719432303499144
16934,0.2499027032012625
16935,0.014462712241409497
16936,0.6379384372788428
16937,0.3807188910025646
16938,0.015756744521304426
16939,0.008861030581817166
16940,0.8680264562642013
16941,0.02156741264338342
16942,0.525088851290403
16943,0.3480637130968502
16944,0.8538342358920009
16945,0.7926809627259631
16946,0.6550432609299564
16947,0.6109743420275201
16948,0.8787084439333505
16949,0.3089262487411204
16950,0.6308375362728681
16951,0.7960465725253936
16952,0.013624180904386548
16953,0.27358287979044216
16954,0.030471313587868757
16955,0.6329465690430198
16956,0.04074748063096874
16957,0.10182776239559974
16958,0.30111187223399516
16959,0.281886779376357
16960,0.008285444225590454
16961,0.02053038153929182
16962,0.006969147084730451
16963,0.5267695316488344
16964,0.6567057053883021
16965,0.4922186286701553
16966,0.8551435518316834
16967,0.2636640646498878
16968,0.6095740037705231
16969,0.02829304788456732
16970,0.3396509460682146
16971,0.019446605600138528
16972,0.6116824362132661
16973,0.7651562573262431
16974,0.013376140609087397
16975,0.4482868790763621
16976,0.04122460174239209
16977,0.8049830697108378
16978,0.7872926566563246
16979,0.3525676915758416
16980,0.8773034611773145
16981,0.010611353297294162
16982,0.038181025606454276
16983,0.3553032781207978
16984,0.11034313775311798
16985,0.2019561402460919
16986,0.005302509239767027
16987,0.3165963953315536
16988,0.5100903818476338
16989,0.019613720865533434
16990,0.6717739476378535
16991,0.18373157864640682
16992,0.7153669208772728
16993,0.49284706809694767
16994,0.5917251529665639
16995,0.00794106914558125
16996,0.024818268998995113
16997,0.01553988509240998
16998,0.2877182820915804
16999,0.01851374738916065
17000,0.5604872094548631
17001,0.7673279555122985
17002,0.6189635144788211
17003,0.4099079914765257
17004,0.046220275304518804
17005,0.31399346662388317
17006,0.021797366673586
17007,0.7381710278048763
17008,0.020034716744310344
17009,0.018382140475984146
17010,0.9080531424742759
17011,0.3549073415790178
17012,0.5725180994459678
17013,0.7386378169017639
17014,0.019003946691136885
17015,0.02232412249170757
17016,0.7962908909365051
17017,0.47210078465668764
17018,0.009536669961225853
17019,0.05924083860206878
17020,0.018927456480151324
17021,0.0682536660752221
17022,0.40949215205209655
17023,0.6205316398253093
17024,0.017270398363024117
17025,0.011111094510148366
17026,0.010506169648412632
17027,0.36348302352697137
17028,0.008315623450707507
17029,0.09936273319903222
17030,0.017016101667852744
17031,0.7584234109151011
17032,0.3279673006231252
17033,0.9563815107135698
17034,0.7653503567539659
17035,0.7869539285360311
17036,0.03265555846207926
17037,0.02571651324289573
17038,0.33491262265631605
17039,0.7163876383923953
17040,0.021292021851309035
17041,0.005243396286716327
17042,0.017492537835236723
17043,0.025116976308836796
17044,0.0071085024630737756
17045,0.040390560818648225
17046,0.007137103779283372
17047,0.474005734541438
17048,0.819330200439909
17049,0.30487131564126396
17050,0.034138929428166924
17051,0.04117501852248521
17052,0.8407634961930698
17053,0.5839557040686517
17054,0.09370980913081405
17055,0.013557259432830373
17056,0.591516483790244
17057,0.540317607904279
17058,0.02022433428657124
17059,0.018373496564669734
17060,0.3503052736794282
17061,0.5303172968863048
17062,0.07560614716779541
17063,0.009451330809290689
17064,0.8408714296625803
17065,0.7282351164290161
17066,0.014735062892492823
17067,0.026778132358651667
17068,0.5968691581274468
17069,0.007406716103788944
17070,0.7510679389908589
17071,0.6430732926329155
17072,0.023549449734781513
17073,0.012172195224769712
17074,0.40014811158262953
17075,0.011727300647424423
17076,0.5736283366048527
17077,0.7473406088724189
17078,0.01145964375238486
17079,0.003912767108375412
17080,0.02855572142504479
17081,0.5143767343664775
17082,0.2718484883483001
17083,0.7627086707003884
17084,0.7069982044548065
17085,0.012123417272575694
17086,0.01515677583078632
17087,0.005965486372415179
17088,0.008865181374385793
17089,0.6538121492717508
17090,0.16053996957514843
17091,0.036509583475530474
17092,0.0779077480589101
17093,0.009298326221942885
17094,0.815342117894651
17095,0.012722554118778342
17096,0.27864781694847673
17097,0.4942106256106538
17098,0.1946494018913369
17099,0.36349799754242884
17100,0.501112961070832
17101,0.4655054057582501
17102,0.028606113638574657
17103,0.029485506152098107
17104,0.07212453328431351
17105,0.014167141604601452
17106,0.4411269129441201
17107,0.6560719133902818
17108,0.7643801657105136
17109,0.8209612137612337
17110,0.6951056582142375
17111,0.07885533164510507
17112,0.009063260288510889
17113,0.09223028295887961
17114,0.7597525155971109
17115,0.017337754702713686
17116,0.010125790101274488
17117,0.05452674406976695
17118,0.3715329947209983
17119,0.31780599593204395
17120,0.3145516013260546
17121,0.04028908743684505
17122,0.2244732931949069
17123,0.36177527787264135
17124,0.6018419954048954
17125,0.28210656691343305
17126,0.031223116532913785
17127,0.024035681285437975
17128,0.7812756598396497
17129,0.2078532972659379
17130,0.5396083021904754
17131,0.49274747042875744
17132,0.7265468674886085
17133,0.4541358196826352
17134,0.5240118364664084
17135,0.3311191266999355
17136,0.09100972385439027
17137,0.3594308779839557
17138,0.029034313125433094
17139,0.3519480081476498
17140,0.024248290789150636
17141,0.7145846056292346
17142,0.5199917642521492
17143,0.49553604208835
17144,0.7146455470813966
17145,0.014396612771656157
17146,0.7021373395279321
17147,0.6443576606980222
17148,0.6633460754619649
17149,0.3818538002464093
17150,0.8322209164387614
17151,0.7490243334774146
17152,0.2421946652898203
17153,0.22545049488434488
17154,0.5708463532838731
17155,0.6167795764458596
17156,0.009994360140970295
17157,0.15435210121205362
17158,0.04508147349342192
17159,0.6715749312699102
17160,0.007502854746616466
17161,0.11889521969839799
17162,0.03019728786893953
17163,0.3618090862481894
17164,0.07180387760365338
17165,0.011701802980903443
17166,0.5507226071493849
17167,0.5912848210380837
17168,0.6291209600036012
17169,0.45076929031057317
17170,0.025756204390785867
17171,0.40533757970730455
17172,0.34787918125002193
17173,0.02128517810868455
17174,0.3138054245099816
17175,0.7167147724340237
17176,0.5551278463095198
17177,0.510610635025842
17178,0.028830896149586643
17179,0.17715985070053575
17180,0.8252235466777234
17181,0.007947611332151132
17182,0.25406702599376174
17183,0.4464908901234758
17184,0.6275046424492711
17185,0.5000018223461087
17186,0.4072186383794135
17187,0.24159423761954305
17188,0.2073169456497792
17189,0.3759199299697539
17190,0.5412485974071551
17191,0.009151766739868583
17192,0.7220729533513941
17193,0.03442536695105135
17194,0.02677734994703803
17195,0.008280124261464851
17196,0.01585297131952077
17197,0.6466868648006199
17198,0.8031345353617331
17199,0.0045038503392840715
17200,0.842725660401487
17201,0.48681523268395466
17202,0.012905173171745667
17203,0.42333446742198927
17204,0.32497288838886407
17205,0.6160113297197848
17206,0.023239793196276715
17207,0.532719598954507
17208,0.024839822034669036
17209,0.010115532171875156
17210,0.011631786180724881
17211,0.680416615368642
17212,0.7830134830125445
17213,0.3498984159148537
17214,0.48982335482263073
17215,0.2575286254062239
17216,0.5505827807060373
17217,0.5464901990691945
17218,0.009126100452558485
17219,0.7667041729179151
17220,0.7887506132511605
17221,0.7827111924292964
17222,0.8036071665416455
17223,0.8056951237991963
17224,0.8168123108151065
17225,0.015248600164225239
17226,0.05651041446752801
17227,0.257568628903345
17228,0.6238190234683113
17229,0.029481039922386893
17230,0.8433153654340108
17231,0.06497735799956107
17232,0.7893253673764262
17233,0.01378431776447172
17234,0.8045705151788258
17235,0.7922048301628015
17236,0.5961979849003131
17237,0.46697098278220417
17238,0.03825216598033096
17239,0.7019999736058382
17240,0.4892997478057462
17241,0.813655066231934
17242,0.9367046892342805
17243,0.7741763244940848
17244,0.7538524635559588
17245,0.7531865423489492
17246,0.4095891291229663
17247,0.6423162720645281
17248,0.3936543714899011
17249,0.7767792249771517
17250,0.01665218699109606
17251,0.4266142764281747
17252,0.5262801219951403
17253,0.6250219636989084
17254,0.2934083529265363
17255,0.46117606447491805
17256,0.058123491413812844
17257,0.004751867752901022
17258,0.5423930109367125
17259,0.9143157071928205
17260,0.1775072956187908
17261,0.024086213901522324
17262,0.49952326586246487
17263,0.6584016069596732
17264,0.555264310841965
17265,0.2628581784965449
17266,0.034946723483722596
17267,0.17519228739877077
17268,0.015624511825987217
17269,0.01818843833509095
17270,0.46648528690683266
17271,0.2929890187519212
17272,0.18322223992289383
17273,0.825861516424018
17274,0.40372350544298286
17275,0.012779362950246103
17276,0.1959152726294142
17277,0.44339646152520307
17278,0.047831352019925784
17279,0.6755762704488725
17280,0.013637535960046831
17281,0.1085189979114708
17282,0.008219632685877276
17283,0.19280768936020198
17284,0.03558019487884673
17285,0.013199794042302237
17286,0.8313043713786131
17287,0.605402585572397
17288,0.5224598613620419
17289,0.674361063139525
17290,0.6117595857005419
17291,0.5640737792739845
17292,0.42161019837714886
17293,0.125845822925495
17294,0.5651795881194455
17295,0.025609334547723153
17296,0.01979324553076202
17297,0.677761291810661
17298,0.557631801295328
17299,0.5243238753433337
17300,0.01625009695993105
17301,0.6140885561985336
17302,0.5655112968362899
17303,0.0074663780556047405
17304,0.5598671107799454
17305,0.593077836547661
17306,0.3717622506116208
17307,0.00822843406855439
17308,0.040234057257711425
17309,0.030879503484705445
17310,0.006634479967110202
17311,0.010787197323900283
17312,0.00974152134739901
17313,0.5623206860949489
17314,0.8668009437841782
17315,0.010014556081539628
17316,0.7345839381877126
17317,0.00942559205664566
17318,0.4749817437376244
17319,0.025922197573449584
17320,0.35835067785170127
17321,0.26709270213348146
17322,0.5806578805612559
17323,0.781448455143399
17324,0.854699948318256
17325,0.018946659023622935
17326,0.018154611383372585
17327,0.2321985434968974
17328,0.6232032955000103
17329,0.020478467682645066
17330,0.11296125176019195
17331,0.6180943875955336
17332,0.007239317232320913
17333,0.01686774884637434
17334,0.01423656517232681
17335,0.07212836421754239
17336,0.7860268351419224
17337,0.8626362706967292
17338,0.036655919043998696
17339,0.46378006364486685
17340,0.8245906173212747
17341,0.7950691913157893
17342,0.5467543881825802
17343,0.8421293829323522
17344,0.00502689834862674
17345,0.6208745278315144
17346,0.8743591760832653
17347,0.7846343735893119
17348,0.8002696617731189
17349,0.04278031369838375
17350,0.026171125050371617
17351,0.006872178435887709
17352,0.614092975258469
17353,0.6370391886832514
17354,0.0778792169389782
17355,0.6491901860881983
17356,0.7861403229288048
17357,0.8881128605070592
17358,0.3358378229441139
17359,0.012822909876359978
17360,0.17515474702922604
17361,0.017787884697640303
17362,0.23709803733644422
17363,0.6670101873702111
17364,0.38006132051090746
17365,0.06448596173300794
17366,0.3704112499497123
17367,0.013789723328870697
17368,0.2762306542972685
17369,0.3931164237999025
17370,0.7148336479442181
17371,0.48298260244404373
17372,0.612956898111597
17373,0.7943391723139732
17374,0.2590503867095152
17375,0.6779427994763475
17376,0.6220265971676343
17377,0.765270278028505
17378,0.011832287345448202
17379,0.8586666633129131
17380,0.020611532798784124
17381,0.10819449153667568
17382,0.06076203710797933
17383,0.64174217491351
17384,0.6061183099239513
17385,0.6876276027122805
17386,0.30842841645396485
17387,0.015430979666292212
17388,0.5784977960038151
17389,0.6111318054118257
17390,0.2993528941536686
17391,0.011463703746459039
17392,0.00970407260696903
17393,0.010831166767656093
17394,0.4019099200921791
17395,0.020578014909448408
17396,0.020123808481172907
17397,0.009161897986544631
17398,0.6911750071065451
17399,0.43217754382277385
17400,0.013389277671460897
17401,0.05038375927816221
17402,0.0053374194055391165
17403,0.6813536546039358
17404,0.7874729365475863
17405,0.4385684018657401
17406,0.16661931906009292
17407,0.7043403636287754
17408,0.01935641790055825
17409,0.392335414239568
17410,0.021787597672728223
17411,0.840403106328619
17412,0.7257315944513218
17413,0.8219286631306977
17414,0.058753161621585046
17415,0.6357629871690513
17416,0.3574465277052108
17417,0.023078165443104738
17418,0.38965745576205574
17419,0.32670043051510733
17420,0.699763530891178
17421,0.12748145954482537
17422,0.014054774489727924
17423,0.2755375453586175
17424,0.4579413001102596
17425,0.6288144901576022
17426,0.0718016671325483
17427,0.6055351460657166
17428,0.5901690379869222
17429,0.8025026291983877
17430,0.5647714997632779
17431,0.11955005237173605
17432,0.8935370700621665
17433,0.13889171878398415
17434,0.4634428584858604
17435,0.011895872988564815
17436,0.05612558007288862
17437,0.3801911957540524
17438,0.4792079128476908
17439,0.00815002368541364
17440,0.0734999085643941
17441,0.04293816320239876
17442,0.057163706009681896
17443,0.3627418002938261
17444,0.11154362068126895
17445,0.2826492504714099
17446,0.6329635409372403
17447,0.042750133257285855
17448,0.1665763072116001
17449,0.6925058425362631
17450,0.5264373747379257
17451,0.02035866294091271
17452,0.2802650657074592
17453,0.5015279337889972
17454,0.015883607018868644
17455,0.6965229190075108
17456,0.8459398276096829
17457,0.7717406234707265
17458,0.6377573758853872
17459,0.05358998357789553
17460,0.6249288684620079
17461,0.01594894256799518
17462,0.6942481051193179
17463,0.0062290111794032245
17464,0.009845981199091431
17465,0.6504041714134903
17466,0.04596231085567679
17467,0.6432605208507963
17468,0.0058557939627587804
17469,0.5675394274675631
17470,0.2644472467614377
17471,0.2393531201105141
17472,0.011333553242329509
17473,0.6647752008765324
17474,0.44489102956084403
17475,0.012356894936772835
17476,0.6538285772086154
17477,0.012593012240283374
17478,0.42839463361671765
17479,0.007235121888545892
17480,0.010984279396312448
17481,0.051236797015346947
17482,0.7461487484841417
17483,0.021719045448485984
17484,0.011048164132955715
17485,0.6413620929744409
17486,0.031520273981815866
17487,0.8726075357515658
17488,0.6074864265778147
17489,0.7932071543036752
17490,0.023586000159443874
17491,0.602290247618802
17492,0.4699413526464602
17493,0.18097718875803206
17494,0.8071005293705497
17495,0.5336697824290467
17496,0.8493083417494863
17497,0.7431291904902073
17498,0.022847138842923182
17499,0.017689730835154623
17500,0.8375809764426684
17501,0.5937495995028632
17502,0.010297319047520981
17503,0.008134967454856158
17504,0.08203703855206243
17505,0.13359131978826455
17506,0.022535426768735836
17507,0.3058886197185456
17508,0.4784977093744027
17509,0.012747161776496317
17510,0.008895166790394864
17511,0.031645098332747444
17512,0.5824730279495829
17513,0.7761490745062519
17514,0.5449470705610449
17515,0.08427759797584505
17516,0.6778938363821824
17517,0.3982703470941086
17518,0.6858378729379417
17519,0.014107304729606236
17520,0.05256737334569965
17521,0.009195561711997296
17522,0.22559357824134266
17523,0.05406829307816914
17524,0.4808899002303192
17525,0.04493086092332649
17526,0.5211578584869845
17527,0.34472119831676296
17528,0.07091503520870268
17529,0.6415935968029777
17530,0.03815797241542204
17531,0.013179730630199681
17532,0.5372289866724705
17533,0.02629417708030587
17534,0.33714623665440635
17535,0.7798342694669109
17536,0.6428975983013816
17537,0.02328926390643066
17538,0.010865002099219031
17539,0.009809203715976504
17540,0.4774593055657297
17541,0.0072145426619603294
17542,0.7690937680663322
17543,0.7109772913760792
17544,0.48203703173449614
17545,0.005268950123615519
17546,0.64802819147694
17547,0.6551618792213252
17548,0.6716753282894081
17549,0.2259750612898866
17550,0.012737154319454484
17551,0.7846161194636878
17552,0.014799083536216857
17553,0.8200141292912094
17554,0.6154073579472419
17555,0.7538754177355251
17556,0.1675290280135681
17557,0.3854770838059146
17558,0.020106486420945324
17559,0.3171345954163647
17560,0.8015986777676959
17561,0.2556482656277828
17562,0.1975735586117928
17563,0.7887797326680024
17564,0.28617190386179064
17565,0.4174772399009765
17566,0.006134431142581748
17567,0.010175552163030727
17568,0.605792274461759
17569,0.01651335485035555
17570,0.9118328790102319
17571,0.7707179534172057
17572,0.5550318243818824
17573,0.6206152085695016
17574,0.7417160343805911
17575,0.2941511884283924
17576,0.5748283996506278
17577,0.8159138815103294
17578,0.49782534403562034
17579,0.49421672665239774
17580,0.081352793264887
17581,0.42930094020865733
17582,0.008422242761430708
17583,0.43166505519235765
17584,0.0706770341669333
17585,0.6257967471393056
17586,0.3176598262612907
17587,0.008738362126236226
17588,0.43674232170426847
17589,0.19619232890440746
17590,0.007035532663094353
17591,0.629045065016435
17592,0.6354890917740972
17593,0.7984373656669614
17594,0.012506515454951593
17595,0.014936882080306935
17596,0.0463397106718751
17597,0.3797628845817375
17598,0.8981027407827414
17599,0.6999382033126281
17600,0.018176551619664406
17601,0.033751149010492476
17602,0.3610435856264335
17603,0.4913031723273592
17604,0.1488933808725498
17605,0.2739111340783005
17606,0.40387668601239773
17607,0.890095235857422
17608,0.024407226345632332
17609,0.0190081416662488
17610,0.01084827011002338
17611,0.04650714452250367
17612,0.35134236275899616
17613,0.5127446988875617
17614,0.17638860482264482
17615,0.19607983463002956
17616,0.014993876603778232
17617,0.5962361728132132
17618,0.2834422731816193
17619,0.0245964265466974
17620,0.5419379638316318
17621,0.06769947487887425
17622,0.6042176579360778
17623,0.9113624388589957
17624,0.46067533635711216
17625,0.04131427292357279
17626,0.06028195033508171
17627,0.015949475770144227
17628,0.4839716433071103
17629,0.0792989882547849
17630,0.44998112718697697
17631,0.43776877645755996
17632,0.006950671268432665
17633,0.32972864915985456
17634,0.4884745463839014
17635,0.3853603247816092
17636,0.45091600350280814
17637,0.41813291058787605
17638,0.019684831487083627
17639,0.6661169213115514
17640,0.018666149556551284
17641,0.7113754143769446
17642,0.2944797607578823
17643,0.02765538823685322
17644,0.6637023817451752
17645,0.007799357060966521
17646,0.8386381211535903
17647,0.007463094357032594
17648,0.15984182879078077
17649,0.7163004024937186
17650,0.6161036663044225
17651,0.008886354586192942
17652,0.05632511370292726
17653,0.6108046213451803
17654,0.011811982715912373
17655,0.4604938591245287
17656,0.007301961255256444
17657,0.8877587043497226
17658,0.5963105952459616
17659,0.01293574471879997
17660,0.02033115859496455
17661,0.3788137488718374
17662,0.006358406445535161
17663,0.029532805990021754
17664,0.16515681552666017
17665,0.37262295742369117
17666,0.006034663044241911
17667,0.015685527890748407
17668,0.013247497514368314
17669,0.01423173271984931
17670,0.01664155263522604
17671,0.8609055642662363
17672,0.4586765557558517
17673,0.6040963260953647
17674,0.42095470587003947
17675,0.012925042641760188
17676,0.008111036138374397
17677,0.11640900450849967
17678,0.014125339551025264
17679,0.006576934057597699
17680,0.007661948823718505
17681,0.008231774915727118
17682,0.01301187720927174
17683,0.019564640241770143
17684,0.7104071616235638
17685,0.008617583151329423
17686,0.03356467717541002
17687,0.09719559524370171
17688,0.05717473205442202
17689,0.606423630834419
17690,0.48817699493688627
17691,0.7147133994715003
17692,0.8479311977104037
17693,0.1051115716740487
17694,0.01901438183750042
17695,0.010610275872165207
17696,0.6134772955470829
17697,0.6890277974678115
17698,0.010283420397002323
17699,0.0077596550341629275
17700,0.4994128321751164
17701,0.7850359784722751
17702,0.49333656469296666
17703,0.07727483900298869
17704,0.4942175402811533
17705,0.050825770043974455
17706,0.017717757456336816
17707,0.7772820501168285
17708,0.056159872657447873
17709,0.04616631207908792
17710,0.5978257078239528
17711,0.01519207707605912
17712,0.022475930780217097
17713,0.7356642794867422
17714,0.015925672686060176
17715,0.028607551638262767
17716,0.5450758022031302
17717,0.35819405322021075
17718,0.017414661117557788
17719,0.23558984832837418
17720,0.8753370589818459
17721,0.4158718011252429
17722,0.2724686100910137
17723,0.00884187862916487
17724,0.5474598750413635
17725,0.23775952608908033
17726,0.24727512781546457
17727,0.31045700930906633
17728,0.028138947178549208
17729,0.005589285524552031
17730,0.8212005675711022
17731,0.6288296442849869
17732,0.6502007334786555
17733,0.025993509948417908
17734,0.42943881243165616
17735,0.820540337249021
17736,0.7094555375479041
17737,0.016738566085198112
17738,0.022229430649925486
17739,0.013207623407333623
17740,0.40894460026754076
17741,0.6997658175960704
17742,0.609745482114
17743,0.004923095586290398
17744,0.7980320825034077
17745,0.16048308477401782
17746,0.01777020303594976
17747,0.37114068461436583
17748,0.8090206981330956
17749,0.016060148080183637
17750,0.032998274359858706
17751,0.025262063123836744
17752,0.4210628048263483
17753,0.4116141760755085
17754,0.5547848108513138
17755,0.6657244789771697
17756,0.06362173423742154
17757,0.1433862444285629
17758,0.5174999729078924
17759,0.02664814187346081
17760,0.7854159613527815
17761,0.019263921865084174
17762,0.03539634683392841
17763,0.8097486479976084
17764,0.3880843076905107
17765,0.7111498508954339
17766,0.6603014874074202
17767,0.024573545474600576
17768,0.6884582333110356
17769,0.7122184629018881
17770,0.05480731382576317
17771,0.017697122108316657
17772,0.6904123833220734
17773,0.5254740107792628
17774,0.5562641732583667
17775,0.2703097606698582
17776,0.735590614418365
17777,0.8510085518338464
17778,0.48478796979658073
17779,0.7976271913141357
17780,0.5251523378363083
17781,0.010186692715685553
17782,0.1837824614611822
17783,0.26428504565993766
17784,0.8338606078333917
17785,0.30664215839014564
17786,0.6685366200588216
17787,0.29915124403115545
17788,0.3139087698978822
17789,0.7226654691381501
17790,0.795015672196614
17791,0.028107101670904452
17792,0.66222333833052
17793,0.008288750132222009
17794,0.1892017308975546
17795,0.5580250352772556
17796,0.7727514610686438
17797,0.6541668382303139
17798,0.005926581314125205
17799,0.6897199843540728
17800,0.08335385197951116
17801,0.781024274520191
17802,0.3586347850563585
17803,0.7997153924843914
17804,0.5125440643057052
17805,0.49926534525584065
17806,0.6034964083117488
17807,0.5098600499130813
17808,0.8736449608572187
17809,0.7831967854571411
17810,0.23652010079486405
17811,0.8615559149219061
17812,0.7838034343064568
17813,0.3887569989542703
17814,0.2969235767832512
17815,0.748433232995745
17816,0.025191351138836877
17817,0.6476270304324976
17818,0.30985713558230693
17819,0.04538802687975422
17820,0.7104679768330411
17821,0.642576838449462
17822,0.721964459771791
17823,0.4234357548385788
17824,0.025550646091499356
17825,0.016538579072566194
17826,0.5693325493517392
17827,0.5237475467476091
17828,0.7368439132679372
17829,0.014363571944707916
17830,0.0318791248498333
17831,0.04338336994249032
17832,0.006089278031967822
17833,0.7020070964027101
17834,0.03219894292669857
17835,0.6269865182069889
17836,0.885403510629126
17837,0.017980204076341752
17838,0.6226613256436906
17839,0.6877065913658904
17840,0.7033971234277541
17841,0.005971697901556363
17842,0.017801696093204818
17843,0.010534227220028954
17844,0.7851734953913072
17845,0.04856829900182626
17846,0.009316690466351389
17847,0.06460615030386918
17848,0.393242056443665
17849,0.7501550077514573
17850,0.35219031945363516
17851,0.31014159409075054
17852,0.011575952567351779
17853,0.5215244288408805
17854,0.09677326243033282
17855,0.007153865743933321
17856,0.006599633519606935
17857,0.8441394068534305
17858,0.005886060282503077
17859,0.6266443963324186
17860,0.019539005751430125
17861,0.19686590927330733
17862,0.03159507699350129
17863,0.28640639830616976
17864,0.5108892880041778
17865,0.016099362304552976
17866,0.3167771750931335
17867,0.7631509825581854
17868,0.5829231082267343
17869,0.22253212478775847
17870,0.00877497530095897
17871,0.33252237597762135
17872,0.8369630032372489
17873,0.6762254879892732
17874,0.6323759652304937
17875,0.43942199879724064
17876,0.05378854763791725
17877,0.020255189663367815
17878,0.007105968788885749
17879,0.7234049416321849
17880,0.6521180906313826
17881,0.7544146062695872
17882,0.01591363902543233
17883,0.039260154473448494
17884,0.7849957124963154
17885,0.4693594006947265
17886,0.13896449214751502
17887,0.02704165273643938
17888,0.6854327424842811
17889,0.5123812720828164
17890,0.007699080505966822
17891,0.010481687169414257
17892,0.7316971717407421
17893,0.7682885851243864
17894,0.007304247800601384
17895,0.6165984120086395
17896,0.37360486494652917
17897,0.0964642357448588
17898,0.5879892966497338
17899,0.7038676125278884
17900,0.6666690528165763
17901,0.7195687787518873
17902,0.832684319068727
17903,0.44092837700276266
17904,0.24218849337437945
17905,0.13340944620585907
17906,0.013968322934744783
17907,0.01506384943331166
17908,0.0398626173781837
17909,0.64875776063812
17910,0.3870726600835739
17911,0.01360836591066404
17912,0.36791566037869033
17913,0.014419880538199802
17914,0.554010741309232
17915,0.015392225884978274
17916,0.010529777425590154
17917,0.6362740626023149
17918,0.05139099316648086
17919,0.31316212190163006
17920,0.5849106870665568
17921,0.059060123621794546
17922,0.030605402752336242
17923,0.008598520899406218
17924,0.025558556766528018
17925,0.6163341382285783
17926,0.016161467570535604
17927,0.8521133731660679
17928,0.0034941207018673037
17929,0.653380491236682
17930,0.009418625165109558
17931,0.29773612122483273
17932,0.5161716940317876
17933,0.36861096479625066
17934,0.8064423517078292
17935,0.01627032106369384
17936,0.5428733242435719
17937,0.014377829189962103
17938,0.614502260750073
17939,0.8136103330784406
17940,0.007822280728312208
17941,0.615335666537362
17942,0.749360399973799
17943,0.02056224659864822
17944,0.17351176330313023
17945,0.7463270918632403
17946,0.03942441797762533
17947,0.8462514940516304
17948,0.7129276113086302
17949,0.79548144582793
17950,0.4967501917858699
17951,0.05149602525258111
17952,0.15425350300239216
17953,0.8700806534619691
17954,0.03734165511731752
17955,0.4764913722520915
17956,0.010403174235208803
17957,0.0070471609996529214
17958,0.008344916900053923
17959,0.5545471479727915
17960,0.010406782106431537
17961,0.24751980794737302
17962,0.04118664581850606
17963,0.6633312143622216
17964,0.4640980804326535
17965,0.4124012625294561
17966,0.03487285535779651
17967,0.017711227887716802
17968,0.3669546854649002
17969,0.8387198656789757
17970,0.730583490590384
17971,0.8484568955404347
17972,0.6301708647817277
17973,0.016641695107151033
17974,0.021869140975215046
17975,0.41501489525290497
17976,0.45137544173193184
17977,0.6927946691287145
17978,0.019635955718494698
17979,0.7063030157678352
17980,0.024911868875197717
17981,0.7682255275093953
17982,0.009372604840094242
17983,0.018368826986718288
17984,0.6408306327637661
17985,0.005688680010925513
17986,0.3009091665833558
17987,0.5752025171118607
17988,0.024179175015819118
17989,0.01606018680184648
17990,0.3986754653059437
17991,0.6900605763336427
17992,0.3612507887160198
17993,0.31900998494421967
17994,0.7447135556380196
17995,0.014548923985703954
17996,0.007478772000241213
17997,0.8086283320547449
17998,0.5787869047896012
17999,0.513145988063388
18000,0.015275216237916098
18001,0.014186994934029772
18002,0.01993816606434226
18003,0.728874977468167
18004,0.015713495285449745
18005,0.8487876754056053
18006,0.09567865952535454
18007,0.007959554768203436
18008,0.09422194836157843
18009,0.3518596310438288
18010,0.671447689369671
18011,0.5512612459668539
18012,0.5487815181182643
18013,0.6450665221169887
18014,0.011275499845191017
18015,0.021600863056081086
18016,0.6024867307367203
18017,0.5072490641290164
18018,0.8994857528542934
18019,0.011897701198551006
18020,0.7964608725208973
18021,0.0246341912542093
18022,0.714078036204066
18023,0.36288249954843704
18024,0.8634019088510694
18025,0.1840707943437206
18026,0.051705967707823416
18027,0.00711740056423326
18028,0.7671867655159255
18029,0.29790407977574757
18030,0.013120775615611417
18031,0.22893736898489098
18032,0.024080733248879136
18033,0.5692309619379903
18034,0.3236996945255755
18035,0.8232422493044392
18036,0.012950500940656568
18037,0.7954839078850053
18038,0.48413504833125764
18039,0.03530033776314495
18040,0.035461331178163816
18041,0.3464874812857495
18042,0.8482340818678658
18043,0.832108570894784
18044,0.45069427778569876
18045,0.7543072097765798
18046,0.5652564474189141
18047,0.7359337657514085
18048,0.8670621806327916
18049,0.6284106700133257
18050,0.6464338051951907
18051,0.0667106136926165
18052,0.39366802083598895
18053,0.4500246340061764
18054,0.057304051964634575
18055,0.337587346344886
18056,0.7622239237684028
18057,0.6574214145249071
18058,0.033398088216546044
18059,0.031005574201580535
18060,0.022086305173252732
18061,0.012240150612181732
18062,0.7520220990263602
18063,0.026451565360000436
18064,0.5973908348991142
18065,0.008202192251025139
18066,0.7655834159813042
18067,0.04239437591795737
18068,0.0293348985608678
18069,0.13386516837209467
18070,0.32679370584376843
18071,0.6579016240607952
18072,0.6524919407302128
18073,0.19681843560235487
18074,0.006118129776480911
18075,0.6604143864782676
18076,0.405071492388408
18077,0.8549433250322489
18078,0.0422136976040515
18079,0.6181341751822622
18080,0.6413480932279164
18081,0.012270611313435542
18082,0.0336808420024799
18083,0.03232728283972525
18084,0.05927808834890676
18085,0.14910775695881737
18086,0.028254312757997845
18087,0.010527288356918173
18088,0.613269243383274
18089,0.026823696285214617
18090,0.022456144003703462
18091,0.43531566931920535
18092,0.034973799116114784
18093,0.30846835771681325
18094,0.3790834024850801
18095,0.015433417423781912
18096,0.021405414321282228
18097,0.47924588170217347
18098,0.0310780815634249
18099,0.5077321681697917
18100,0.758790137166139
18101,0.5465192736129156
18102,0.02818933694820835
18103,0.6970835149515928
18104,0.022261018625034316
18105,0.6573768059390317
18106,0.6680031226567882
18107,0.3172348275192629
18108,0.763497574904316
18109,0.012356225344600832
18110,0.6669032496603116
18111,0.7698445907810056
18112,0.5482098412971995
18113,0.0656057202456397
18114,0.11346756736554428
18115,0.02004635510737683
18116,0.01780390314345614
18117,0.48403930007378687
18118,0.6542589482604667
18119,0.010570516914796463
18120,0.02606878418062733
18121,0.009889159597031532
18122,0.6258661955438193
18123,0.07146107496025522
18124,0.02108581512716263
18125,0.5300116684966696
18126,0.16716394733417972
18127,0.651016981309877
18128,0.5503851481615822
18129,0.7706018169816231
18130,0.014988254170939143
18131,0.013610690002016167
18132,0.01554200257607186
18133,0.2582706172158512
18134,0.8682336364169745
18135,0.6618075289042801
18136,0.6558038653474618
18137,0.713322877855697
18138,0.358943871998698
18139,0.6910738963960609
18140,0.6519803535757313
18141,0.8767799151278126
18142,0.7835321464212937
18143,0.4188578227646639
18144,0.577284499690319
18145,0.6901679386311251
18146,0.03020770631570304
18147,0.5264825489272213
18148,0.3730840017196406
18149,0.16750766286246865
18150,0.010771272336441474
18151,0.010469581358524525
18152,0.3896831462185206
18153,0.37732697753455013
18154,0.8640367387654959
18155,0.8641123131014607
18156,0.005519507145000784
18157,0.09247205942093067
18158,0.2945798391760747
18159,0.7895461504846402
18160,0.27760138167905823
18161,0.006483611287269299
18162,0.005171682275540702
18163,0.010460048812479606
18164,0.5414997276575446
18165,0.5467343667075703
18166,0.03950767298490455
18167,0.03187239604279533
18168,0.018348764132497995
18169,0.009938640493551205
18170,0.11951234264457841
18171,0.699032095787996
18172,0.03462364970027527
18173,0.13186053215339977
18174,0.28311104643507906
18175,0.5432609140073504
18176,0.5294014811458668
18177,0.8428416847207687
18178,0.6520958044358472
18179,0.7348671401769126
18180,0.49941133930145387
18181,0.7516182196795529
18182,0.036471143834652435
18183,0.6472889859965618
18184,0.009790930608083049
18185,0.5275055281353234
18186,0.8618005432340714
18187,0.6010333166578681
18188,0.020052518710410104
18189,0.021105930428448837
18190,0.03299318236771182
18191,0.7764000881916439
18192,0.7029796541058785
18193,0.011753581830906563
18194,0.3876956238489098
18195,0.05778406436499391
18196,0.6149874149835824
18197,0.008715140460951924
18198,0.7204184654999561
18199,0.5041679683999233
18200,0.028992824939118006
18201,0.5197746058806014
18202,0.5781401434969597
18203,0.13977897374446688
18204,0.48829470589595514
18205,0.033878556902048086
18206,0.022083803105597526
18207,0.6035188161013222
18208,0.8787869223012119
18209,0.42031025945662664
18210,0.4766538425168736
18211,0.3960156482863589
18212,0.007055653386176766
18213,0.010074147387664035
18214,0.4324466716454226
18215,0.8426837575583138
18216,0.21117801260725103
18217,0.6784250161846509
18218,0.3467600537008531
18219,0.02199436250625818
18220,0.3652439986385734
18221,0.543986720424285
18222,0.7100725773401465
18223,0.6867526426210717
18224,0.026617576127740933
18225,0.7617385176106115
18226,0.7627879471347623
18227,0.6645051067042481
18228,0.3545004660084272
18229,0.8544503034643632
18230,0.6320579928467118
18231,0.013376105537762927
18232,0.28488486854976086
18233,0.3371178440495179
18234,0.009980607163810107
18235,0.014024906833934996
18236,0.012698825841526193
18237,0.037829202104256325
18238,0.3756615268241733
18239,0.039253364405125855
18240,0.31513479519443993
18241,0.4417288184049082
18242,0.5166569936832958
18243,0.7550909959648784
18244,0.3951995104404856
18245,0.1274030519874324
18246,0.4720953203615734
18247,0.08001867424439806
18248,0.07224748998209066
18249,0.7275922968010152
18250,0.8245380093851794
18251,0.01457883508711161
18252,0.2968054839188774
18253,0.005053348903933885
18254,0.034262233106051684
18255,0.6930627768671609
18256,0.02069068160831836
18257,0.009144873616644553
18258,0.8721661858581418
18259,0.3801303962242299
18260,0.036278359772792805
18261,0.03960084775488589
18262,0.8302652592234937
18263,0.04592510781494494
18264,0.4306895531940195
18265,0.5778983505004943
18266,0.5599836454974688
18267,0.4408405719320481
18268,0.4790995882990839
18269,0.09399390791917868
18270,0.5319952337274003
18271,0.6356840401918005
18272,0.33103141220212434
18273,0.1799787894838021
18274,0.007644685247285713
18275,0.6030544269138142
18276,0.013075953525849587
18277,0.8145234557086185
18278,0.025838764514433964
18279,0.38396600695166067
18280,0.03392634349374969
18281,0.8284268451367549
18282,0.20136319794569393
18283,0.010457620162069341
18284,0.037378744176253566
18285,0.5222296066911117
18286,0.13454444848129907
18287,0.06664147549656355
18288,0.6734871103110284
18289,0.03598966988045086
18290,0.8803982739630276
18291,0.008599719073968276
18292,0.7253219726437129
18293,0.023291975817842158
18294,0.707393518123288
18295,0.0179702846668741
18296,0.018326002841766716
18297,0.011560906552627662
18298,0.011301135072252331
18299,0.03139787536264004
18300,0.7174088289813448
18301,0.446719987285104
18302,0.02159311053643955
18303,0.1693385064577499
18304,0.0173169848732967
18305,0.007970057950663459
18306,0.023082271186448382
18307,0.6809879258000968
18308,0.010304558446906368
18309,0.45425523459979894
18310,0.5289072852755894
18311,0.709483908983391
18312,0.6303000351832078
18313,0.02323320662026615
18314,0.13192837253644613
18315,0.22496989806535705
18316,0.5137004704757546
18317,0.02249112113312421
18318,0.2813770933795164
18319,0.2997742328394627
18320,0.015220196090931606
18321,0.6211465605598858
18322,0.6779091444694723
18323,0.4082898382763037
18324,0.10185542326841743
18325,0.3892475549763495
18326,0.5393337705811899
18327,0.7991519215950018
18328,0.030926705731567833
18329,0.646695054407669
18330,0.7899651934247643
18331,0.8477020314502803
18332,0.7510496971358145
18333,0.03475941964826881
18334,0.47935119504625867
18335,0.024270943045527054
18336,0.6772026586038336
18337,0.7583682064310312
18338,0.6835088060701
18339,0.10215920781017959
18340,0.016397401560872455
18341,0.4368819912536438
18342,0.47517170436773704
18343,0.33089078521452187
18344,0.407276894846485
18345,0.8429569893360499
18346,0.011289624614298761
18347,0.02544581771377301
18348,0.7216813610480566
18349,0.5149009278724441
18350,0.014385089053087857
18351,0.08895204182809763
18352,0.01760101870861187
18353,0.010133290323943937
18354,0.0074853677479297265
18355,0.026588084352127457
18356,0.006997484886709728
18357,0.0075119662244344495
18358,0.007201689881853697
18359,0.6247176827107015
18360,0.6212522256243136
18361,0.8055428942803011
18362,0.6826155440131886
18363,0.0359728260576469
18364,0.004866240520461278
18365,0.00808939966212456
18366,0.044855015737837664
18367,0.4276842282583559
18368,0.005273778584308934
18369,0.015334232435622111
18370,0.5095519965547014
18371,0.5709924322301553
18372,0.0542474733647693
18373,0.021501134709941305
18374,0.4325116898847201
18375,0.017348744905105077
18376,0.509302418106363
18377,0.8459672986970475
18378,0.008092320842650623
18379,0.8213925481942244
18380,0.00770694053357638
18381,0.5063015326895064
18382,0.016591094284851466
18383,0.8653725209018851
18384,0.021453923198647338
18385,0.013660447561563822
18386,0.882999534886523
18387,0.8006250901652111
18388,0.012637285147425561
18389,0.8300485134017606
18390,0.014876613941273969
18391,0.028046787571075628
18392,0.7524347734524438
18393,0.024188376320930755
18394,0.8900948401475871
18395,0.007184790560554843
18396,0.012598683462986478
18397,0.5763906192130974
18398,0.6177849957982889
18399,0.852077660390815
18400,0.7938107498967406
18401,0.7428971514880265
18402,0.04625846147442608
18403,0.023926449547579623
18404,0.02079804901874826
18405,0.4975525878825805
18406,0.016780623142602372
18407,0.5784445503930513
18408,0.5082605501991551
18409,0.7138219462481353
18410,0.5202492977518396
18411,0.8410243644979074
18412,0.024095687799828135
18413,0.5907809118408085
18414,0.009084392405994582
18415,0.6192126386323722
18416,0.24323730891519726
18417,0.011381674753340027
18418,0.4960103753154325
18419,0.016154354023018267
18420,0.016516675103960526
18421,0.010021450728003894
18422,0.00677832374715512
18423,0.376252983580993
18424,0.6349474163051413
18425,0.17937225168465218
18426,0.8313161870106665
18427,0.4205347073815304
18428,0.4295234471050102
18429,0.21539748649796284
18430,0.868795494628416
18431,0.1043401227501423
18432,0.3317910138355508
18433,0.4983956775694676
18434,0.0190760394683287
18435,0.36683697209216565
18436,0.5896550582016016
18437,0.040050727176051744
18438,0.02902331486665749
18439,0.13061811594585493
18440,0.5900197553698219
18441,0.6788869610701439
18442,0.7948878385887584
18443,0.15320837081174624
18444,0.08380355045222013
18445,0.32849023104218134
18446,0.022873734300922252
18447,0.029445685986666765
18448,0.5011425901265486
18449,0.02466975227426869
18450,0.6133327414318304
18451,0.6897743467877655
18452,0.014748289400459033
18453,0.04342443188520677
18454,0.03615281774604112
18455,0.01601036625140139
18456,0.0057048710296381585
18457,0.0699679217105689
18458,0.2814263548911894
18459,0.1902024056038523
18460,0.011097057739802485
18461,0.28327738694073545
18462,0.7879128215025752
18463,0.01937727745498745
18464,0.06384639587217361
18465,0.26304455103695673
18466,0.00850964147733196
18467,0.014238577182178901
18468,0.8145011244888332
18469,0.33453472356178793
18470,0.7036892160537092
18471,0.17565379604961295
18472,0.19530223083193687
18473,0.01222369713070853
18474,0.7120438988086927
18475,0.5941667835251746
18476,0.5192628736726427
18477,0.29788690172431115
18478,0.5237645508714515
18479,0.019585519707622494
18480,0.7984824092415431
18481,0.015970489188334453
18482,0.031183410895927268
18483,0.02207328229303498
18484,0.464273400000333
18485,0.023320305644017686
18486,0.29406647614965026
18487,0.20756436642941767
18488,0.014967493685299286
18489,0.02460590700452814
18490,0.22528743282264824
18491,0.21751209453167555
18492,0.5984038166220561
18493,0.012838870655829532
18494,0.02424974512307022
18495,0.1282908083057156
18496,0.23340406632471014
18497,0.8471711540585656
18498,0.7226200304660544
18499,0.12152334919234417
18500,0.0972297401435919
18501,0.005401711066917336
18502,0.23399690602592327
18503,0.03169950693857149
18504,0.3240324793391744
18505,0.8508236769825058
18506,0.0118596315835489
18507,0.04139052380660474
18508,0.017270838824451316
18509,0.6275577671372162
18510,0.15461113614145666
18511,0.4587820414028387
18512,0.015197764751593573
18513,0.04829441970518658
18514,0.2695586928112653
18515,0.016005019668994116
18516,0.029150830226530252
18517,0.8596668379727996
18518,0.2221173752637521
18519,0.3423951315281023
18520,0.03940663723739052
18521,0.5232176612728288
18522,0.008508902720806124
18523,0.8407547695004289
18524,0.02401986607633751
18525,0.03871369769463968
18526,0.6860403606214123
18527,0.028506010550708435
18528,0.3572603881859091
18529,0.3309396125319296
18530,0.01615395601688686
18531,0.6215240903709809
18532,0.5474838690204313
18533,0.011573792909986443
18534,0.7614331547591952
18535,0.2712555933109046
18536,0.009879833697698506
18537,0.4313684360056321
18538,0.006304197633363027
18539,0.010575645595030138
18540,0.8821223111694517
18541,0.4359060500349586
18542,0.643559484683784
18543,0.6698719376738603
18544,0.01437982238363336
18545,0.7131320758020724
18546,0.006803515316835216
18547,0.009417340405639822
18548,0.6841492038903585
18549,0.5852938348717125
18550,0.678464892729573
18551,0.005314973335627369
18552,0.446496527124999
18553,0.1024188400068167
18554,0.344271884354173
18555,0.008611526676275669
18556,0.6196436443133277
18557,0.5179587752397642
18558,0.522569005240057
18559,0.7831422011879164
18560,0.6791395767856118
18561,0.5336468441486546
18562,0.3448561378827973
18563,0.010519026217131522
18564,0.49304452536399107
18565,0.5152172189476439
18566,0.19861031435795426
18567,0.7670554962940732
18568,0.019172372816160785
18569,0.009758412087812944
18570,0.011998579438536529
18571,0.04091120433941968
18572,0.7347723200228888
18573,0.047686832439978954
18574,0.8801300190441927
18575,0.6922174341046755
18576,0.30851231922580874
18577,0.01811594140157105
18578,0.03471751261827889
18579,0.6679649221713382
18580,0.02826903060276892
18581,0.015901485550152902
18582,0.162737262850627
18583,0.0316907903278946
18584,0.5040692577251561
18585,0.6664648314831758
18586,0.012777345602271652
18587,0.823767428809358
18588,0.029904539014033883
18589,0.5933612565460626
18590,0.0450833007466483
18591,0.09685397512685136
18592,0.5500889708489547
18593,0.63754602339448
18594,0.7866201543061109
18595,0.7338490094960705
18596,0.03701150408677706
18597,0.7156268352673242
18598,0.6196388073065286
18599,0.2845641355764754
18600,0.02042100703266493
18601,0.39186726030234875
18602,0.6748907964716323
18603,0.738729901803575
18604,0.7473850714701299
18605,0.021124058436891684
18606,0.013742432254275842
18607,0.09061805339129883
18608,0.35574378614045127
18609,0.5894852836893582
18610,0.019421313273710994
18611,0.5950422872836838
18612,0.016028568718952134
18613,0.8207407864075525
18614,0.006284789275989118
18615,0.28525597767803423
18616,0.6054187091778989
18617,0.12391349381863881
18618,0.012581041237596445
18619,0.028689838170630054
18620,0.6412521786256947
18621,0.29009818568368256
18622,0.4704370572995368
18623,0.5650700518959012
18624,0.6172960455124942
18625,0.01418290458821295
18626,0.010480622073149638
18627,0.014258467477752137
18628,0.005571230145887381
18629,0.3780344942529698
18630,0.8149211371331897
18631,0.6336522468565963
18632,0.661578452659823
18633,0.2743035079117563
18634,0.011273383788076057
18635,0.007065928715307782
18636,0.6571945667854471
18637,0.7363563834213604
18638,0.017362882708182474
18639,0.6839561539137398
18640,0.5711881477152756
18641,0.6161091071359822
18642,0.3899006043607323
18643,0.020651050649927852
18644,0.8755052084684865
18645,0.5455782911689989
18646,0.004090746894242138
18647,0.4978353751179937
18648,0.05624471477360878
18649,0.7540612100667757
18650,0.36037738639006045
18651,0.0632484532498558
18652,0.02996729272638465
18653,0.7592995714925793
18654,0.5156976170482135
18655,0.3027820637043738
18656,0.15724670822684933
18657,0.16739710677765465
18658,0.02274938689892737
18659,0.5298238597033316
18660,0.3431551120889376
18661,0.34791852297459797
18662,0.600910802507189
18663,0.03342381359453714
18664,0.019711517983243852
18665,0.4075628625070837
18666,0.5293265052274181
18667,0.4497157649088915
18668,0.039520351646624506
18669,0.48062388095606157
18670,0.026817911197075155
18671,0.01819180679132273
18672,0.04736911978384376
18673,0.6864041481590827
18674,0.02801110886530392
18675,0.019833284139378057
18676,0.02243390140784449
18677,0.6209902321618858
18678,0.018478984152999017
18679,0.12243957350485403
18680,0.28356404614662445
18681,0.40585133796491024
18682,0.48575583637332115
18683,0.09849464851473472
18684,0.8747299566869787
18685,0.6340836070649153
18686,0.01357003248196891
18687,0.8100611032315364
18688,0.821138547622638
18689,0.5304402769897162
18690,0.7715967924502564
18691,0.8481167130526219
18692,0.504278555303303
18693,0.08035677891677122
18694,0.4827023457094081
18695,0.37678186209888176
18696,0.7579262668055974
18697,0.02301922178824631
18698,0.7832701800735969
18699,0.012200348533177075
18700,0.014011861788293316
18701,0.7492849892612853
18702,0.013882340366502315
18703,0.7618417132554292
18704,0.6743856052407595
18705,0.48518899371717955
18706,0.32981126288219575
18707,0.6433480311599235
18708,0.7769380989911823
18709,0.026809514095040177
18710,0.6857803483341278
18711,0.800402419841415
18712,0.8116797408676517
18713,0.01867015091795727
18714,0.021822358842752423
18715,0.7320397776898866
18716,0.24193401872440276
18717,0.25694348316754456
18718,0.04357253177746655
18719,0.008493016683384202
18720,0.8648721132634813
18721,0.02094137492639888
18722,0.7127582720014022
18723,0.7022899230450156
18724,0.7457286119889541
18725,0.017258723035465506
18726,0.8233826407765085
18727,0.013889664807390038
18728,0.5840039196202138
18729,0.009515939484703582
18730,0.3971836191608284
18731,0.23272049395572827
18732,0.12448597841447089
18733,0.033434629081517585
18734,0.37628708101952335
18735,0.01780113447909238
18736,0.01425999212413681
18737,0.6325168957283052
18738,0.8049507579327772
18739,0.3996407601080352
18740,0.5448438338427284
18741,0.6071092290344691
18742,0.08373365815296446
18743,0.036591448973439515
18744,0.7555410139724186
18745,0.08048202926193912
18746,0.6869277966364515
18747,0.7959095464614189
18748,0.32252698034466404
18749,0.7449944940531216
18750,0.040783739012807886
18751,0.014623709661423635
18752,0.02558054279340962
18753,0.813930055765255
18754,0.675112445023049
18755,0.8338977365133994
18756,0.7412369854555062
18757,0.007602433742301191
18758,0.014359772752258877
18759,0.10734381034088782
18760,0.021047769875717638
18761,0.46469124417354973
18762,0.28800879639297705
18763,0.7505501713306805
18764,0.6289349232039331
18765,0.054790980613146176
18766,0.013178149788759343
18767,0.8459706793483707
18768,0.5617609819504401
18769,0.49291402625416586
18770,0.08364979694438646
18771,0.4501858526430418
18772,0.4747121526230006
18773,0.03828841194663143
18774,0.5847575426170659
18775,0.01379520574974113
18776,0.5342918656368181
18777,0.008438991608484957
18778,0.00566994863141818
18779,0.6548337375918428
18780,0.5121190353036544
18781,0.02826228643549391
18782,0.004204148690125107
18783,0.008764741147480541
18784,0.8487746966841534
18785,0.41711601626661304
18786,0.5412868523821212
18787,0.2554535779027309
18788,0.6351978653779384
18789,0.010045019766625935
18790,0.019573323150937884
18791,0.008393582880946455
18792,0.523711937624638
18793,0.27682108111954384
18794,0.7851128886462386
18795,0.34582201979704996
18796,0.14422931339094539
18797,0.008185072806357916
18798,0.008503459224824997
18799,0.25691903482170975
18800,0.8522858578004389
18801,0.006347548133365539
18802,0.023301233927078658
18803,0.4298468423750731
18804,0.06212461063184022
18805,0.7572348129982359
18806,0.17633260245790125
18807,0.04780863320761759
18808,0.006370792458480574
18809,0.6405746384736813
18810,0.4437135084190491
18811,0.6455130526683548
18812,0.6394235868476755
18813,0.18994141316390567
18814,0.5423899903781532
18815,0.7476880514361156
18816,0.011291294899991321
18817,0.29329607269602853
18818,0.006152824249196544
18819,0.008783362798868242
18820,0.45091265462795593
18821,0.4876530468232955
18822,0.00956968465435897
18823,0.009844929612845183
18824,0.3997854832429064
18825,0.01509118865167355
18826,0.8251429791008684
18827,0.008533634393940387
18828,0.09906958876546813
18829,0.005141393727805203
18830,0.34505876029609084
18831,0.31862059017584815
18832,0.023793719287359724
18833,0.33648055829753176
18834,0.09740439772843051
18835,0.30266442353874157
18836,0.010535839202050345
18837,0.743954207593635
18838,0.6164535011065779
18839,0.8489084998291659
18840,0.3396880699301368
18841,0.010128529865594746
18842,0.4683195194001749
18843,0.020678277602381407
18844,0.8755913594486299
18845,0.7401437821841321
18846,0.7265603801389755
18847,0.8041610483990108
18848,0.7980632479811068
18849,0.048949215593365375
18850,0.037068831087821955
18851,0.3231239604349666
18852,0.5859873026617104
18853,0.3620983417402457
18854,0.024481742524787346
18855,0.33990298955877984
18856,0.6608042055627145
18857,0.018912791731667253
18858,0.01490124610763963
18859,0.8657176245827402
18860,0.5466010008113291
18861,0.0752568819171771
18862,0.7141634822963495
18863,0.7067639265017897
18864,0.006189132502169732
18865,0.5829192044341307
18866,0.21131628670506553
18867,0.49969392876364116
18868,0.012791952341687594
18869,0.08290623495208459
18870,0.010673944741520698
18871,0.5066870592939285
18872,0.3196310612452325
18873,0.01624961584205932
18874,0.5696825700822927
18875,0.04976073054808618
18876,0.47443356038344736
18877,0.7444354898219204
18878,0.4644131617952023
18879,0.3188877280533375
18880,0.6045016739938541
18881,0.8215900429608394
18882,0.019885851197561793
18883,0.023851605666528067
18884,0.008832163594160745
18885,0.6892157122647092
18886,0.8152879282185451
18887,0.022837297104725075
18888,0.30544427129274393
18889,0.014267962521014005
18890,0.021985221895217053
18891,0.014265787178049608
18892,0.2925993999242238
18893,0.5092415275971631
18894,0.01632975391855751
18895,0.018250561680965696
18896,0.5047642348990184
18897,0.7410091248213933
18898,0.045723394123418845
18899,0.018624389439778188
18900,0.5171437530600351
18901,0.340286243096336
18902,0.22559083095624466
18903,0.8980616296962852
18904,0.1268216053364346
18905,0.014610006442817621
18906,0.9324769378377094
18907,0.7431049420876311
18908,0.6244023764267145
18909,0.5834857560912506
18910,0.006077982445765725
18911,0.9118927678984468
18912,0.4796496229187259
18913,0.07163007872786786
18914,0.27038825842550296
18915,0.24939063788179588
18916,0.49009589148281496
18917,0.009160716015201192
18918,0.8239078302935526
18919,0.581691940941745
18920,0.7114092753594438
18921,0.5154359133401231
18922,0.3285152043140696
18923,0.5225591752688865
18924,0.018394908238764475
18925,0.41671203154617664
18926,0.03387173773553207
18927,0.390950673332451
18928,0.006054358722322704
18929,0.6139220351492114
18930,0.025609195874861677
18931,0.504894719474154
18932,0.65791755321496
18933,0.010201890627879354
18934,0.8747022032086988
18935,0.26120113931494127
18936,0.6619098581739753
18937,0.8639411396229308
18938,0.5324133551157225
18939,0.5308042586674719
18940,0.5448111366937504
18941,0.7799635998466407
18942,0.7261274668893785
18943,0.7251007000513123
18944,0.025409125397430767
18945,0.4921598977262778
18946,0.5496137588185696
18947,0.7730222457810638
18948,0.7746227980708466
18949,0.15028309757564984
18950,0.304778805532427
18951,0.3121712890411038
18952,0.48702303946760495
18953,0.028170447298792173
18954,0.03004237644752429
18955,0.0762693882957579
18956,0.009481541077793275
18957,0.5768145312392585
18958,0.5493757191147497
18959,0.021849708528389376
18960,0.13149499621605018
18961,0.2971955345273688
18962,0.01667469423549141
18963,0.5736089020050316
18964,0.7162063782941204
18965,0.34519316216854423
18966,0.010592916138805116
18967,0.6469203598513404
18968,0.22861831664244903
18969,0.5735312943243928
18970,0.6703063275623584
18971,0.8360901845114257
18972,0.02275647815874015
18973,0.6742137206635074
18974,0.8072219944307061
18975,0.016321883162347332
18976,0.4503683432037325
18977,0.431336329482572
18978,0.17466620498381233
18979,0.7959642742276262
18980,0.43722040053950795
18981,0.014832876706456126
18982,0.4263316827040141
18983,0.0482656589322996
18984,0.008901656170335342
18985,0.4000848593321063
18986,0.07817689912275062
18987,0.009592957867387546
18988,0.2973266850464193
18989,0.6662555867344108
18990,0.43592096707215083
18991,0.221667571833664
18992,0.009505586262937973
18993,0.6004159787957889
18994,0.4681215747464096
18995,0.7406029807075255
18996,0.8704472995072856
18997,0.8982289990037171
18998,0.5462653857204693
18999,0.05700575319012097
19000,0.42344925423512575
19001,0.7792922837573668
19002,0.010542070477867992
19003,0.31337385473169993
19004,0.34787412686061536
19005,0.30029386187744667
19006,0.14098232729662177
19007,0.05335625796082446
19008,0.77377940179993
19009,0.7147793977195723
19010,0.8655555236780308
19011,0.5430751752952674
19012,0.523171954049382
19013,0.0748667767148595
19014,0.5761935307106665
19015,0.5316993990647809
19016,0.6771266091945987
19017,0.17820471039780253
19018,0.009693355741508942
19019,0.06121023548388574
19020,0.0046173181992722155
19021,0.36237148373608125
19022,0.0105239049545575
19023,0.6051126422720798
19024,0.5075924737514046
19025,0.8561879953513689
19026,0.3992447834765567
19027,0.529586351847476
19028,0.00921818018221269
19029,0.7693120121129187
19030,0.5763630624562358
19031,0.636291445086477
19032,0.7425129925986305
19033,0.6955910849659382
19034,0.01024332813811314
19035,0.8817936031073397
19036,0.013420528489942771
19037,0.15195194144646934
19038,0.015641649459346055
19039,0.6418735345544921
19040,0.41953108446391996
19041,0.816500761436679
19042,0.7037379305612679
19043,0.24644228900854298
19044,0.48141025025212547
19045,0.05999016961767556
19046,0.00851716125396814
19047,0.7120011696378991
19048,0.017529923153231236
19049,0.7858155047695187
19050,0.7613442707312872
19051,0.004212766015266399
19052,0.9071428260660823
19053,0.00971354654881428
19054,0.6180641752883738
19055,0.5367141705668527
19056,0.012938253005334336
19057,0.5358858686028957
19058,0.21610484880281108
19059,0.8435601066264368
19060,0.4636170571489845
19061,0.14710818264404854
19062,0.5081365218161208
19063,0.04555650959097992
19064,0.42065014146382085
19065,0.03700608031007322
19066,0.48397877017663654
19067,0.016466280878743203
19068,0.015080320362774957
19069,0.11653257083306547
19070,0.014242576021208292
19071,0.016620330201676744
19072,0.04438741864797416
19073,0.010432609440692008
19074,0.6895790655995722
19075,0.7970981069090669
19076,0.03495924448696249
19077,0.31010732401097163
19078,0.5645881397813839
19079,0.030804791744436406
19080,0.5300923110451664
19081,0.35782626856909794
19082,0.31754900949143255
19083,0.028213334953932613
19084,0.8372630159438936
19085,0.023650392569086864
19086,0.015405098074547636
19087,0.028322893181406628
19088,0.007721502698359914
19089,0.5754766345634745
19090,0.3062969813652163
19091,0.23337530602601037
19092,0.6686835838973689
19093,0.5569520547103147
19094,0.7408029265737377
19095,0.7911395126532756
19096,0.041070305486514386
19097,0.880951674553093
19098,0.006889564793612277
19099,0.22227836588480587
19100,0.4669772491112786
19101,0.00627752666940226
19102,0.36970872334754923
19103,0.5148824960419093
19104,0.0649617219950179
19105,0.7036524197759508
19106,0.4876950727419239
19107,0.8533198672816007
19108,0.4530838090444743
19109,0.007370527600109013
19110,0.010080192756109859
19111,0.06206370571934074
19112,0.5283587865821171
19113,0.34395422122825686
19114,0.4583668738574871
19115,0.014465191256321386
19116,0.4889962623746801
19117,0.47618359730155213
19118,0.011618027690985876
19119,0.6895539831288932
19120,0.8087330143228494
19121,0.4161253565775744
19122,0.0637677103103173
19123,0.10544094151190596
19124,0.42924415426804574
19125,0.6301676419427441
19126,0.0154895305109749
19127,0.009027468648273548
19128,0.008363488663385769
19129,0.7076447224304622
19130,0.5478369661494282
19131,0.018279526770316253
19132,0.022775266023924386
19133,0.03550291884762484
19134,0.38274115707065204
19135,0.4965628512381569
19136,0.008013138210573497
19137,0.00996703996703273
19138,0.5236552108271292
19139,0.005537622230192803
19140,0.01247540052641671
19141,0.5556789186857891
19142,0.3743645210199919
19143,0.28987352276195094
19144,0.8220674572851578
19145,0.3432234439615716
19146,0.6510034383070133
19147,0.597714244320439
19148,0.5132843736599666
19149,0.3290780270188241
19150,0.015310494022275328
19151,0.4865278896670714
19152,0.5661150093041979
19153,0.29393655017681974
19154,0.5807984519592447
19155,0.8507513747680739
19156,0.0747781959864277
19157,0.5835346481225725
19158,0.307048053102076
19159,0.08158564168323765
19160,0.8798956712279953
19161,0.07402770680580824
19162,0.28545116908452994
19163,0.01748272060584801
19164,0.6312472607870948
19165,0.8485076586388304
19166,0.5144282589881382
19167,0.6770836081231089
19168,0.007427395489801631
19169,0.6705505800356635
19170,0.05682841946534353
19171,0.45642727250743004
19172,0.830826204573486
19173,0.4612243957158562
19174,0.3652335617080682
19175,0.33665480368396794
19176,0.05419485866347791
19177,0.023733202297600682
19178,0.7895353514703358
19179,0.6915606913177743
19180,0.6449930699180748
19181,0.5324364239786779
19182,0.7035245654152739
19183,0.7066832174417638
19184,0.008749078203949068
19185,0.05200506594643966
19186,0.5814867096111895
19187,0.007038846006315021
19188,0.03134811792434483
19189,0.1564365090397369
19190,0.6863390663644098
19191,0.04197194726355265
19192,0.03966463059701592
19193,0.04773482138356456
19194,0.31763696366731053
19195,0.26840437917689874
19196,0.0568951712186125
19197,0.668572827426098
19198,0.05153741724430003
19199,0.015990501135933807
19200,0.05861117996959161
19201,0.27243906482596847
19202,0.20712504674376078
19203,0.7294126819094511
19204,0.2516960204034224
19205,0.8395467566198218
19206,0.007177391003960481
19207,0.7130033266185175
19208,0.4578614026513149
19209,0.4474690509240633
19210,0.04289141996693226
19211,0.07012030243888726
19212,0.8179749044103904
19213,0.6654426069978387
19214,0.007148194471201966
19215,0.7115727550598115
19216,0.3960579582215459
19217,0.5685910361366283
19218,0.21795003503845373
19219,0.6064370730164518
19220,0.5012002275554541
19221,0.511639809477832
19222,0.08338403404138411
19223,0.018644067134555933
19224,0.45761039080153154
19225,0.5201855508868996
19226,0.011199437600470506
19227,0.007334823161755221
19228,0.010793961031279532
19229,0.032595970261911356
19230,0.7713151006688537
19231,0.023255685132528323
19232,0.02000552779637464
19233,0.018673869693579984
19234,0.8099790158164332
19235,0.20093033158203955
19236,0.011839977012973825
19237,0.6998059731565471
19238,0.36330211506598975
19239,0.8590338819965531
19240,0.7285104067048107
19241,0.014958874390768147
19242,0.010273227598608855
19243,0.009637756992099655
19244,0.785463372012233
19245,0.46428279867470706
19246,0.4998195364219073
19247,0.012756460216452655
19248,0.8619923526494188
19249,0.32345610592472307
19250,0.3451380404931363
19251,0.6791483845481012
19252,0.01222954571685493
19253,0.03091380298764685
19254,0.26894387939199427
19255,0.5525936276542622
19256,0.05739956259936785
19257,0.033749071120746155
19258,0.2312771465996939
19259,0.5797245033218266
19260,0.8001382569004156
19261,0.5955038778267013
19262,0.03724238184395949
19263,0.04699991261288195
19264,0.00735499236479675
19265,0.016848798826296873
19266,0.2743212837182196
19267,0.010763037198148343
19268,0.023955082787247277
19269,0.2534674578103352
19270,0.03378809852780428
19271,0.5342513079342353
19272,0.45663199658023834
19273,0.0377008744142104
19274,0.5686209082770959
19275,0.5868100174255099
19276,0.10480524945265783
19277,0.8545460822371405
19278,0.5049798005166901
19279,0.010588212881134186
19280,0.4389795118137245
19281,0.8888537569320852
19282,0.51702795413276
19283,0.06869349975040115
19284,0.009808735746158561
19285,0.8463081949298338
19286,0.5890832965228887
19287,0.3464788778553864
19288,0.471625299017575
19289,0.7546592732326035
19290,0.7646594556556912
19291,0.47274130347319876
19292,0.8841699184603674
19293,0.5818622267528152
19294,0.016956893172057397
19295,0.5182017825141149
19296,0.46670637616011384
19297,0.6190107325610917
19298,0.02870377569479608
19299,0.44896397578843794
19300,0.50432348495325
19301,0.6638344446924228
19302,0.33118258853872634
19303,0.013009501325435702
19304,0.01591215412472316
19305,0.31318592413287594
19306,0.23211198126431234
19307,0.8302243269926352
19308,0.01564900474231245
19309,0.39791148825016676
19310,0.0036923517037180022
19311,0.3297982844819901
19312,0.26542476226595213
19313,0.5165872104095781
19314,0.5696441558349384
19315,0.7515940000524111
19316,0.34433055054803907
19317,0.47241534685552994
19318,0.02002164445402918
19319,0.31481575056621003
19320,0.014526016866473927
19321,0.017242766946210644
19322,0.4265417824719231
19323,0.04083783845809476
19324,0.4113360990065998
19325,0.012759713128211086
19326,0.6830855508073911
19327,0.45825908202130805
19328,0.31307568657175044
19329,0.3326140552337244
19330,0.6059319882569085
19331,0.8172548627776967
19332,0.34503983173748043
19333,0.23795314786453567
19334,0.14094580798060977
19335,0.01062353608803146
19336,0.018933446437804462
19337,0.645012612488907
19338,0.8102026088920977
19339,0.3016896217961251
19340,0.5869959428869216
19341,0.03379074591002163
19342,0.8646585476797292
19343,0.5436150083918122
19344,0.8086176013851694
19345,0.16623205976533706
19346,0.6503599498925641
19347,0.3196113361631453
19348,0.01804874883104137
19349,0.3897630638454898
19350,0.8168716162875803
19351,0.6900072513311651
19352,0.02448900066569288
19353,0.04841136220420313
19354,0.7130959989968974
19355,0.6012796593197045
19356,0.8149911031828844
19357,0.7869862605790658
19358,0.6955278684443439
19359,0.02504236468328164
19360,0.8461723696564498
19361,0.09739245002980225
19362,0.07330025597967507
19363,0.1431424508304127
19364,0.07044307136121464
19365,0.7277543681015379
19366,0.7643781228255895
19367,0.04507717631553341
19368,0.8311344853759356
19369,0.6786452324374628
19370,0.46337498865551
19371,0.03945169251786215
19372,0.7833590418340243
19373,0.01813612328783548
19374,0.3215622009037671
19375,0.6125748223999196
19376,0.02440106971959656
19377,0.4817382591302545
19378,0.33268873551500533
19379,0.4283125131240201
19380,0.2899809115385512
19381,0.04947117932889712
19382,0.03188982683654901
19383,0.7700670522648462
19384,0.011081157238821568
19385,0.7464307879045119
19386,0.014248521049807285
19387,0.5516784142335425
19388,0.017186544691468852
19389,0.017794326022301646
19390,0.38037386782000515
19391,0.11582125985742246
19392,0.06780618662851651
19393,0.006925214585266898
19394,0.880138477927775
19395,0.5516381741738777
19396,0.7009728828780735
19397,0.46747204265985065
19398,0.04019580601557665
19399,0.4364438258617548
19400,0.0369238695490345
19401,0.8489898340029629
19402,0.7435475089091619
19403,0.049614328275271
19404,0.6898065951237001
19405,0.7060083707645679
19406,0.018848129082019577
19407,0.013069663549163172
19408,0.22277570852595258
19409,0.44082609136134676
19410,0.017816013612011454
19411,0.007141009861408051
19412,0.43674827369595204
19413,0.048943435735534536
19414,0.5764008266579135
19415,0.2049116518720756
19416,0.03280195986767527
19417,0.5346356633397212
19418,0.014107184070718481
19419,0.3161423949711519
19420,0.7761926722409141
19421,0.35051202376133295
19422,0.621253856261025
19423,0.6750331395326834
19424,0.723597144616054
19425,0.007191920361354163
19426,0.796261525846186
19427,0.3484804476025014
19428,0.49610602464596976
19429,0.4731717130987722
19430,0.8020133424964726
19431,0.8233670080736738
19432,0.057041587629940105
19433,0.030641370317797883
19434,0.2737170776583249
19435,0.8288539777959318
19436,0.021682522976138374
19437,0.3888677475973036
19438,0.5914702624446311
19439,0.20955092177340773
19440,0.8367741060051807
19441,0.034553521096710844
19442,0.030001045505324567
19443,0.0058214887052143935
19444,0.6396579426359986
19445,0.6669807166696733
19446,0.01786800959786885
19447,0.5755815567759272
19448,0.3717425416205609
19449,0.11389131165415667
19450,0.48446473526744727
19451,0.03829314079476752
19452,0.014269592459530038
19453,0.04770737809349159
19454,0.03815224896348697
19455,0.0431520409611178
19456,0.47725184418862066
19457,0.3043330567105937
19458,0.26460043933440414
19459,0.503035711654752
19460,0.16940960181367334
19461,0.02166717756683724
19462,0.04773516662475309
19463,0.7195161960589992
19464,0.15877400686830917
19465,0.8208031948645864
19466,0.06114385308709873
19467,0.005538561772851681
19468,0.6593279850316797
19469,0.014821741206560227
19470,0.7995886067126803
19471,0.4292541648041099
19472,0.005305902362362438
19473,0.009746902985998127
19474,0.07927020437425482
19475,0.4983160932250157
19476,0.7988651994892219
19477,0.016932845060099847
19478,0.02372633612179256
19479,0.029393589529757052
19480,0.7510155983705821
19481,0.3401175588252922
19482,0.26337793109586877
19483,0.8983625019633454
19484,0.531069454028568
19485,0.579851463953146
19486,0.02106586953381361
19487,0.026678278701137054
19488,0.9233436941095597
19489,0.016763058310860193
19490,0.016374447716975736
19491,0.07843513204808443
19492,0.027202755902308685
19493,0.06214467880826101
19494,0.008625642188866913
19495,0.0235129834239714
19496,0.3190916584489094
19497,0.3639703158061499
19498,0.022504079559265207
19499,0.28027260723459463
19500,0.7823766904529943
19501,0.06029056591121447
19502,0.008283817338866626
19503,0.028492649971383673
19504,0.3556413296469999
19505,0.02490079849207874
19506,0.020828578909768473
19507,0.00809457646599168
19508,0.015384143999255199
19509,0.6019968584247236
19510,0.6696929317588808
19511,0.05880721897244984
19512,0.008995817990384444
19513,0.026732627573488512
19514,0.6806065881902889
19515,0.04209281639186972
19516,0.014505418652555222
19517,0.5213181030982527
19518,0.7306282740779654
19519,0.03783683427038171
19520,0.03398790186206199
19521,0.006608196401900278
19522,0.047133476163398386
19523,0.012589150714031423
19524,0.7456896964205014
19525,0.4492879329882381
19526,0.07334290802250024
19527,0.22872600736148307
19528,0.03450547986824468
19529,0.010969207423955919
19530,0.5318859896120806
19531,0.018078595728962903
19532,0.6856418498136346
19533,0.10870029456485139
19534,0.5395875569290636
19535,0.455829161754592
19536,0.7585220661214404
19537,0.18695676666342462
19538,0.224389993677275
19539,0.602832013863904
19540,0.03238831190248827
19541,0.44792311224151166
19542,0.5087104503148135
19543,0.7874769753486655
19544,0.041753032493545617
19545,0.49976112235904413
19546,0.4657625246567766
19547,0.4015389795598029
19548,0.5108457208531607
19549,0.21213840849077203
19550,0.2903490267333846
19551,0.7819192408957389
19552,0.009167337527257027
19553,0.009416174663832443
19554,0.011848665098081594
19555,0.0203592907292602
19556,0.00956841236849167
19557,0.5156380626581032
19558,0.737888672847951
19559,0.4843582108106155
19560,0.949475577067258
19561,0.0278898313431246
19562,0.0058916846756203465
19563,0.012132612216588094
19564,0.010779902029110427
19565,0.8523402310418081
19566,0.7219587749398692
19567,0.21351013623680468
19568,0.012721843239802928
19569,0.026244196558526774
19570,0.029155557618163262
19571,0.46431803599441884
19572,0.008573380964146048
19573,0.26550407668082543
19574,0.6175725946821383
19575,0.28648141176058656
19576,0.8762323262542011
19577,0.4946395927288748
19578,0.40951665098245943
19579,0.35624525553140013
19580,0.0705961422878123
19581,0.5602528637068406
19582,0.6307283000601374
19583,0.49444290469408336
19584,0.7321907266197236
19585,0.512606570145893
19586,0.8518075718006279
19587,0.8223473485481934
19588,0.5718381978012574
19589,0.6436237952946975
19590,0.12128783727545057
19591,0.3274450014301926
19592,0.1533981822109617
19593,0.5023673288344733
19594,0.496065224750585
19595,0.04021500559840354
19596,0.7052179883448111
19597,0.7900567781641861
19598,0.4366391003448973
19599,0.0841120282776216
19600,0.016075265906998797
19601,0.02985349931177291
19602,0.35188736721822317
19603,0.686009098294881
19604,0.01824671757910622
19605,0.46883096858201245
19606,0.016414047205176484
19607,0.049294040953218814
19608,0.4234939574162745
19609,0.6088711614322785
19610,0.40111968960782457
19611,0.02716194582237958
19612,0.32207131257311594
19613,0.7520272331728405
19614,0.32336109222611725
19615,0.5517154189236457
19616,0.00485143298068247
19617,0.022248361689461697
19618,0.016727239013926812
19619,0.43946570317790135
19620,0.41221732598423044
19621,0.6518030699992979
19622,0.41895868773084793
19623,0.013885188212082995
19624,0.05608300309248806
19625,0.7221237778535411
19626,0.6111145864311807
19627,0.7177325942937964
19628,0.015239903183495364
19629,0.7888138537823278
19630,0.024576182934737036
19631,0.36473170384693493
19632,0.2747772519644467
19633,0.4364059561197965
19634,0.603520619349633
19635,0.7193273094580197
19636,0.21242392649588035
19637,0.08198640222146723
19638,0.03288591293174679
19639,0.03180861703043062
19640,0.5271736742810509
19641,0.0710620267480593
19642,0.6606058723270668
19643,0.011380960845059612
19644,0.36417270642579275
19645,0.28058386264870383
19646,0.06013933742899809
19647,0.016986391763427252
19648,0.22198083928369697
19649,0.023246804748391612
19650,0.32467438859159214
19651,0.3479636472984562
19652,0.7499255580490392
19653,0.4381962589243172
19654,0.5320714013577295
19655,0.7287005784818131
19656,0.47712906190893145
19657,0.004920646387024464
19658,0.7270856614808291
19659,0.7990159134436121
19660,0.5820220755213786
19661,0.012677956938085785
19662,0.3048473912529587
19663,0.008543701730308998
19664,0.3036091779960935
19665,0.03655807184353804
19666,0.6683199931937724
19667,0.35366576940820127
19668,0.7360492245834984
19669,0.31014761662767915
19670,0.831338586707113
19671,0.2934005545905462
19672,0.40340131635128595
19673,0.7415849116049559
19674,0.018403927492856846
19675,0.2703734700232414
19676,0.5614969318330609
19677,0.02979537347123211
19678,0.007916417272866096
19679,0.5117421028294084
19680,0.6905466969678777
19681,0.025862164563908663
19682,0.780728895297597
19683,0.7737301050173352
19684,0.05442515361755117
19685,0.02201380132658797
19686,0.025978028476625063
19687,0.39900696840713157
19688,0.5574817975267508
19689,0.39860418903566275
19690,0.6431011244921685
19691,0.2576181278131061
19692,0.3217695483930118
19693,0.48914323542730764
19694,0.013818049997601707
19695,0.010805847603760682
19696,0.021677518129091758
19697,0.8204037942875605
19698,0.07415964430976763
19699,0.6557645614975188
19700,0.030782419674924788
19701,0.007637293418139745
19702,0.7149420466090475
19703,0.5086399667137222
19704,0.5258475781907312
19705,0.28245904706465286
19706,0.1804101631830279
19707,0.8032700528992498
19708,0.5930914370759541
19709,0.026749170816046424
19710,0.07072029817656868
19711,0.267861472349953
19712,0.8100060939971176
19713,0.542344279682377
19714,0.08965069075364937
19715,0.4191302282381997
19716,0.7884701944867579
19717,0.8223160610747369
19718,0.2494768461438462
19719,0.5796880203970485
19720,0.7620224100502684
19721,0.008114364009814388
19722,0.043343080024770136
19723,0.802550370499449
19724,0.5294373313827312
19725,0.7257154189825182
19726,0.017034080649892532
19727,0.32896135922644054
19728,0.005641053509975652
19729,0.7142749703824238
19730,0.3088372137369467
19731,0.30507629137956893
19732,0.7690796097651307
19733,0.00789094760386577
19734,0.2275746189338357
19735,0.020408761577199393
19736,0.04916493800609607
19737,0.053424937687267075
19738,0.7629967687891351
19739,0.6762979155249905
19740,0.6484510748373088
19741,0.4544598218780817
19742,0.4402643790629056
19743,0.09479763656606657
19744,0.007220241400196221
19745,0.5053556674223343
19746,0.017951635649797383
19747,0.08273051986604317
19748,0.5405329618382607
19749,0.017797288859924557
19750,0.26772891743970817
19751,0.05973838425113727
19752,0.7456936750618502
19753,0.5132262491699711
19754,0.08011305135089156
19755,0.45493235289069317
19756,0.755173369968409
19757,0.055615642963657216
19758,0.00862165556503051
19759,0.010944731677660111
19760,0.7756126168715975
19761,0.2811339923317846
19762,0.011502822804627054
19763,0.7266319583797276
19764,0.006035417949036712
19765,0.012512886771556722
19766,0.8521057772830681
19767,0.5642145094906468
19768,0.0773635751459584
19769,0.5884360937116327
19770,0.01665836936099591
19771,0.7151631840913872
19772,0.3202949313626854
19773,0.7464762879680205
19774,0.47626829658778225
19775,0.6961778715478848
19776,0.016586796247947698
19777,0.1709967965119079
19778,0.009742340709258291
19779,0.7921261946587197
19780,0.5587303794124239
19781,0.07782680163932676
19782,0.7326982282603145
19783,0.023441804598097755
19784,0.08135299440343151
19785,0.7212264835030235
19786,0.7233760528523288
19787,0.009872995417095826
19788,0.7035873017768491
19789,0.37217586248505774
19790,0.22912443967784488
19791,0.7164241775409311
19792,0.7321793980808176
19793,0.5765227478283528
19794,0.01074777000968791
19795,0.8717152222890356
19796,0.1554218221813747
19797,0.02042302889774377
19798,0.37205779739297007
19799,0.6092302965977997
19800,0.029844522680235474
19801,0.855395120181297
19802,0.9062616355586982
19803,0.048392781271022055
19804,0.01209331743486285
19805,0.38183691565932315
19806,0.6466977904559807
19807,0.5111235930483382
19808,0.018640866897417327
19809,0.03343540183601625
19810,0.04022327099527901
19811,0.022440804298646727
19812,0.06763114042907907
19813,0.10489272505592855
19814,0.015444272017627344
19815,0.04939094285440762
19816,0.017241336503025534
19817,0.8061461967511396
19818,0.3429512857419449
19819,0.15814679088560862
19820,0.024346427716767226
19821,0.8267687875066305
19822,0.024325638660366914
19823,0.8325334908150126
19824,0.7006249560647013
19825,0.019239797648634392
19826,0.009666176166004285
19827,0.46447159381312886
19828,0.024960069258323298
19829,0.017678380368833464
19830,0.8657279482555132
19831,0.5010925049507841
19832,0.6158351518602118
19833,0.007204864516509714
19834,0.028024946081213194
19835,0.7127822739915893
19836,0.2801285378831278
19837,0.8328757433385833
19838,0.62444495638431
19839,0.36465612061854064
19840,0.4783217388429367
19841,0.668838022354403
19842,0.15024292821688537
19843,0.007458459703980047
19844,0.38750420527820745
19845,0.024182434963563263
19846,0.010888096048582537
19847,0.3613970285302425
19848,0.5573113186894428
19849,0.5047909806149236
19850,0.5514753189913433
19851,0.009312467844951103
19852,0.009595477615881897
19853,0.7771722976695699
19854,0.7852542716241211
19855,0.48750301617993685
19856,0.2309956346513902
19857,0.6645458971938254
19858,0.7719344710677545
19859,0.8924792728608757
19860,0.5888269456716441
19861,0.03976098097357452
19862,0.7765463469710836
19863,0.04540891734168334
19864,0.7082731565358587
19865,0.02560530230520189
19866,0.6983798887859807
19867,0.021043044635046804
19868,0.7679514847314085
19869,0.8482493576365127
19870,0.34668363375791555
19871,0.7704543722057556
19872,0.9002401740649154
19873,0.8878273830341646
19874,0.40850118668171126
19875,0.44976342584648893
19876,0.5242752483592813
19877,0.0376230855427488
19878,0.13125919761654625
19879,0.007279597224651434
19880,0.5629799936127499
19881,0.00990953881566824
19882,0.364311823687595
19883,0.6467838827459147
19884,0.1344022047722894
19885,0.5790744581041696
19886,0.020263963817351266
19887,0.03466162014004428
19888,0.8139757819620534
19889,0.028204013626505684
19890,0.6036996639831977
19891,0.01533645377897266
19892,0.014251676470602765
19893,0.029298596297849262
19894,0.6458638224111357
19895,0.07180562740011326
19896,0.8419413308243925
19897,0.7247908606206707
19898,0.06275335169179073
19899,0.6491841337273785
19900,0.014455776453825462
19901,0.768032285958423
19902,0.37978444481622914
19903,0.046597520196469275
19904,0.03022504530334656
19905,0.7010860532852989
19906,0.8133093072422171
19907,0.7010156705809582
19908,0.5250163706652425
19909,0.020030179667343134
19910,0.06692301178180238
19911,0.007842620644320921
19912,0.5919325812524217
19913,0.2290694481672321
19914,0.025802501342797157
19915,0.718154361412945
19916,0.6097983689039195
19917,0.7296811118438123
19918,0.780949284169669
19919,0.011021539628005846
19920,0.21296684973187543
19921,0.019784377638606968
19922,0.02147800698460059
19923,0.01624163787972161
19924,0.8868274025705731
19925,0.19374499816226823
19926,0.8435270277272723
19927,0.34990347029858004
19928,0.6027577099476464
19929,0.653378863349682
19930,0.03588591135119213
19931,0.009668693234356013
19932,0.020179282893934794
19933,0.7596128315455701
19934,0.18624303934003267
19935,0.4697193757137906
19936,0.6405735578108478
19937,0.056781282099504615
19938,0.00926867327786985
19939,0.018829941418530626
19940,0.6905724135179814
19941,0.5165468518716267
19942,0.6842012740131288
19943,0.1880858923429117
19944,0.006780256699318364
19945,0.5475094850378015
19946,0.6073274779715507
19947,0.37697986747081885
19948,0.7562743097850753
19949,0.020728803932332132
19950,0.5891429954066189
19951,0.028314851129760222
19952,0.5719631773505209
19953,0.8205690980501448
19954,0.7806796233181085
19955,0.37394541318362384
19956,0.07427797654264756
19957,0.483383610674145
19958,0.006765967153010014
19959,0.5234755438213022
19960,0.6528740388172417
19961,0.6581405546204442
19962,0.007668291833593144
19963,0.3978413778769881
19964,0.021824809461940785
19965,0.005708120948809517
19966,0.1226404347139505
19967,0.007396334046354769
19968,0.030927239920082006
19969,0.032241739841143646
19970,0.875943433976726
19971,0.07692238021876899
19972,0.9235320158832354
19973,0.5925685561011637
19974,0.6272359512105993
19975,0.03418292523064255
19976,0.1744351565640999
19977,0.23239832612752503
19978,0.7035466197657319
19979,0.6720985249962947
19980,0.6647412756943714
19981,0.7296224964963193
19982,0.16723580766630514
19983,0.28564569805431844
19984,0.02522555354794339
19985,0.11089552577061271
19986,0.8311139172276358
19987,0.7204781244316618
19988,0.014030239770704762
19989,0.023351768685103504
19990,0.5941258743681819
19991,0.48177065906262034
19992,0.04582883279865368
19993,0.018785536160912893
19994,0.242955274357036
19995,0.7946854314567864
19996,0.649413406490618
19997,0.5059331600328703
19998,0.023434372121148992
19999,0.35052778141081536
20000,0.06123144657464234
20001,0.05614267437698398
20002,0.10498879731273922
20003,0.00799563904724368
20004,0.027306316491134516
20005,0.7500842624748016
20006,0.6647304760709327
20007,0.6924668208414372
20008,0.6366281651690618
20009,0.7506759064737244
20010,0.7135320621879598
20011,0.6325855002622055
20012,0.7963136160256356
20013,0.041584106377496696
20014,0.058302517844421815
20015,0.5885148051451465
20016,0.045677456340354514
20017,0.027498939935010118
20018,0.4957347462876792
20019,0.3179775526572355
20020,0.70861244547322
20021,0.038001062131016144
20022,0.011401927703184272
20023,0.3221978862902574
20024,0.013627443796977839
20025,0.7924350536052776
20026,0.5706587197515234
20027,0.7932409058605956
20028,0.2190219449816625
20029,0.20760458977169693
20030,0.008892107760846741
20031,0.5975612793665073
20032,0.4785912793849224
20033,0.7300882157749126
20034,0.15402272438721626
20035,0.7744724611229201
20036,0.36443851893677237
20037,0.9112774829323497
20038,0.5792521586659158
20039,0.1895451204873317
20040,0.04080325119053542
20041,0.6583657791019966
20042,0.5455305369258672
20043,0.4969357069706814
20044,0.07874902030462931
20045,0.1204268935107094
20046,0.8034926038487973
20047,0.6482657161643033
20048,0.5258466923568477
20049,0.12927527749284354
20050,0.02983548805214197
20051,0.7497422363659788
20052,0.2399829949863488
20053,0.7176552499815978
20054,0.023699654536148314
20055,0.30032835438423705
20056,0.005680175465077634
20057,0.3107416079997577
20058,0.013270878146415473
20059,0.31441027688981504
20060,0.007241795159671729
20061,0.8558676574733086
20062,0.32789021276912883
20063,0.013853621312351124
20064,0.0635510715430483
20065,0.20713509297706081
20066,0.014651468048607497
20067,0.36210999033770186
20068,0.05768652000221293
20069,0.09971562611858427
20070,0.42997569547088704
20071,0.17523565189889964
20072,0.03638724244233781
20073,0.27259028294289916
20074,0.022595464304289905
20075,0.4061424427561617
20076,0.5894030579432644
20077,0.014507230976989118
20078,0.024013272758583167
20079,0.7528111312045929
20080,0.006650072967146579
20081,0.7236500897286651
20082,0.02907800364564128
20083,0.047188764436477834
20084,0.06911090525923949
20085,0.01962469980926053
20086,0.6932246060160328
20087,0.05287028008255632
20088,0.7169310513476359
20089,0.013806156987213243
20090,0.8386837283494956
20091,0.00610975479504822
20092,0.03452777209544691
20093,0.5138198772428386
20094,0.020955091599999427
20095,0.8770133055493015
20096,0.015926331335366115
20097,0.20911920520156685
20098,0.6345413384781126
20099,0.03244875465976677
20100,0.014629995650281953
20101,0.8921733536039866
20102,0.4417643810713711
20103,0.7075389969776928
20104,0.8641736135325937
20105,0.6327478924859924
20106,0.014734767016053238
20107,0.6694065693655995
20108,0.014222587242251696
20109,0.011705647572362397
20110,0.24460759966460177
20111,0.7474145093844409
20112,0.8092000166460008
20113,0.46983675873803377
20114,0.8692508786179935
20115,0.018420908175573195
20116,0.4833834838487812
20117,0.7644006054297019
20118,0.019258994533051
20119,0.7719373511249356
20120,0.35927615712950994
20121,0.3943469616481462
20122,0.7108949545883774
20123,0.4737962837855473
20124,0.06310720799335781
20125,0.05369540765325985
20126,0.8233353555474597
20127,0.6765519962208502
20128,0.04209130351449189
20129,0.6016029649203214
20130,0.06814361021360109
20131,0.617152850676723
20132,0.02669469280835282
20133,0.5503390467385786
20134,0.024394773076239575
20135,0.05124310167552264
20136,0.5950941854631056
20137,0.01723861703565461
20138,0.03962788935413451
20139,0.9609178796909782
20140,0.019829317973218137
20141,0.3610252121284209
20142,0.6955852171350676
20143,0.7267423021646158
20144,0.02947281572731624
20145,0.7528470644688873
20146,0.017139929219104462
20147,0.01618689549431698
20148,0.5352611556201812
20149,0.5751725682982888
20150,0.008026298973638421
20151,0.02024167848009266
20152,0.023960032365277727
20153,0.0350923479262351
20154,0.3173848547662386
20155,0.45310303125022
20156,0.6741763422489
20157,0.6080833554964329
20158,0.11755233980400082
20159,0.3027887732246355
20160,0.8218472492084427
20161,0.7708638735737466
20162,0.7699621154320601
20163,0.014650628798805937
20164,0.012285377022532018
20165,0.34382825464921346
20166,0.5054022791165627
20167,0.7065411515749863
20168,0.012253875098732984
20169,0.8989676188920621
20170,0.8254643060547111
20171,0.7777175003800628
20172,0.5621125107349788
20173,0.007386532726827677
20174,0.06572241343863248
20175,0.11803386536173613
20176,0.6217468545737035
20177,0.4223950199158145
20178,0.03713408020914296
20179,0.004580152909132784
20180,0.7833925786128875
20181,0.5577385192427039
20182,0.44508839845443254
20183,0.028929657599411584
20184,0.593778062537181
20185,0.009166156301867567
20186,0.006594112131801385
20187,0.4489115580757159
20188,0.5076219397919544
20189,0.7885312615236733
20190,0.10347762284088849
20191,0.8733297263163756
20192,0.011553671355224178
20193,0.1473749019731144
20194,0.014153831212229583
20195,0.011307114230055575
20196,0.01153207992554744
20197,0.7549036128943838
20198,0.14723988884443057
20199,0.37442482931983256
20200,0.012468581075622976
20201,0.08415286249084178
20202,0.7274668720340711
20203,0.5417401532993181
20204,0.19110569957363896
20205,0.023111092086162063
20206,0.006455192889627695
20207,0.030670086860682597
20208,0.4535594606825133
20209,0.12545007497469043
20210,0.3836465223525574
20211,0.8187944447916493
20212,0.03265905009453828
20213,0.8732818497955196
20214,0.05413237758626253
20215,0.5604044633915466
20216,0.1570912881649386
20217,0.022909550632320416
20218,0.7378089306472897
20219,0.040590788434341774
20220,0.7652071573460698
20221,0.5619764729438705
20222,0.5090400561002161
20223,0.7447539366658886
20224,0.028398393050629654
20225,0.5909502804606077
20226,0.14194989683961068
20227,0.20868599312472622
20228,0.4126158668051504
20229,0.8085815227505351
20230,0.254699605201904
20231,0.5441083700722037
20232,0.021981730525232814
20233,0.4368077238373758
20234,0.2826101863422039
20235,0.027323659268024256
20236,0.010865153200171172
20237,0.012003781500707984
20238,0.813575846949026
20239,0.2931412274841979
20240,0.013593223899771238
20241,0.4755669339642231
20242,0.5930875294865064
20243,0.018911607091946184
20244,0.017272883913863384
20245,0.38511560594311256
20246,0.4350523989663009
20247,0.8411209042643931
20248,0.043358081653090186
20249,0.019278255697532536
20250,0.018941367501021895
20251,0.014047932081873514
20252,0.41673695186319515
20253,0.7520822899343284
20254,0.24928531928531625
20255,0.015586968831177599
20256,0.8598322199548473
20257,0.7668925375493635
20258,0.5779430172775046
20259,0.025307393040828664
20260,0.06650504135909438
20261,0.8730720422467271
20262,0.019617074379311424
20263,0.6466836389307355
20264,0.02152939324656145
20265,0.21061084159864468
20266,0.6660573991741512
20267,0.6270600670810685
20268,0.4741326197597701
20269,0.015216223635091616
20270,0.012461000204376672
20271,0.047104592602922
20272,0.7650268998093779
20273,0.4942057562560549
20274,0.5693284450708438
20275,0.014175148007797867
20276,0.44377890386141927
20277,0.020236990663787976
20278,0.5207104684732191
20279,0.676025840097261
20280,0.21206449676825215
20281,0.7269573954254982
20282,0.36326577796038295
20283,0.5330568333926049
20284,0.19024586894354892
20285,0.021351951614270802
20286,0.43221062581103464
20287,0.03764733318216648
20288,0.3691346779323711
20289,0.7988291563540348
20290,0.6732095728865969
20291,0.4355463107081063
20292,0.35536223604923745
20293,0.6063225819806826
20294,0.014537623213356169
20295,0.7291341438197827
20296,0.012233399616381563
20297,0.3117923067611169
20298,0.6913940630820203
20299,0.5877427725106774
20300,0.6794654734918827
20301,0.7843238572380644
20302,0.6608606765477989
20303,0.21138611708455746
20304,0.05470349869320702
20305,0.5603164718462128
20306,0.6731342530365234
20307,0.8253460325345985
20308,0.01905349696065931
20309,0.8349168170009588
20310,0.012347560975983704
20311,0.26229706381642537
20312,0.03039984911601895
20313,0.783934063187498
20314,0.09202026251101589
20315,0.6951690366675614
20316,0.8071615973439508
20317,0.009970910010477863
20318,0.39226123504840926
20319,0.04054527447567009
20320,0.2728596979666601
20321,0.07498052586039539
20322,0.7558565953789226
20323,0.8123664896854855
20324,0.010818371168393577
20325,0.0075214884783579876
20326,0.40284232774603185
20327,0.1610736124359695
20328,0.028548868437747864
20329,0.013957797285973383
20330,0.36921416065943913
20331,0.4053022610790079
20332,0.585426313712501
20333,0.26831146948398643
20334,0.7439109902896806
20335,0.3649141672598168
20336,0.2887671590136053
20337,0.01172110096205553
20338,0.35225771587937127
20339,0.6980065829613263
20340,0.5159550609085306
20341,0.8522945504823108
20342,0.7339332762248136
20343,0.8478075225240285
20344,0.7854617728691772
20345,0.5224686404032585
20346,0.39197708167678824
20347,0.007496097401556253
20348,0.8231246890258868
20349,0.15362785147817798
20350,0.007579489993196775
20351,0.5018949761570086
20352,0.39949030910204353
20353,0.6152248992251782
20354,0.8247813775342494
20355,0.025465256157089368
20356,0.4799581573417747
20357,0.8566629349996282
20358,0.04862295620446065
20359,0.375583002364342
20360,0.4119060297916714
20361,0.01307771934377157
20362,0.6988635152609838
20363,0.5374801343141182
20364,0.57166440912287
20365,0.6343876007269775
20366,0.5974067313260278
20367,0.5183681600007477
20368,0.5738707655156808
20369,0.006658204509506026
20370,0.7634765386574424
20371,0.062193576435772446
20372,0.3470693731871641
20373,0.23769619376108353
20374,0.7824148456428994
20375,0.7497133615465603
20376,0.5998224884710062
20377,0.30008610778811295
20378,0.7100174245084472
20379,0.02486991718411155
20380,0.007615538023817126
20381,0.013072705678574364
20382,0.02571518589764174
20383,0.17014553510697195
20384,0.8211258508066471
20385,0.746270542648352
20386,0.8440474465094118
20387,0.20743856779429076
20388,0.5054800711001206
20389,0.01645838754971867
20390,0.40353872327020535
20391,0.8426321384847545
20392,0.1537838655266065
20393,0.006271660951711922
20394,0.07225823559485686
20395,0.27471974992787046
20396,0.6607730823220376
20397,0.8772051037763768
20398,0.782842388753358
20399,0.4320733007853706
20400,0.006686030119282038
20401,0.01701207903351412
20402,0.5008260697051482
20403,0.48168854770488545
20404,0.41887974336865186
20405,0.7783731844051447
20406,0.5523751591242375
20407,0.03547445546759884
20408,0.7041308443190867
20409,0.7974687208833477
20410,0.014853363306809367
20411,0.037780353568573136
20412,0.018583530383245603
20413,0.1553028956430935
20414,0.010853154049937617
20415,0.8511944516333686
20416,0.5696774128663631
20417,0.11440082946390778
20418,0.4375191217949068
20419,0.02397751626098556
20420,0.45736167950821005
20421,0.04243018378590418
20422,0.33905453362706606
20423,0.48102522063182024
20424,0.024431266725826798
20425,0.8757994952107309
20426,0.5328642106140604
20427,0.5623799849953018
20428,0.03779896546892055
20429,0.03060614885413806
20430,0.01944990095900144
20431,0.6625941971948428
20432,0.2744433780275911
20433,0.5905416438540603
20434,0.6268236298868565
20435,0.4037391570103401
20436,0.6383950952782267
20437,0.6487544481758041
20438,0.4754657520690181
20439,0.05683074095814794
20440,0.00781297983739903
20441,0.016775364509402917
20442,0.541255522878569
20443,0.01929504229539336
20444,0.5403604882648547
20445,0.3596940369007678
20446,0.013464361911462556
20447,0.013384606436404272
20448,0.05529843897048802
20449,0.7435611228967234
20450,0.396979101206852
20451,0.17724991140849777
20452,0.5478268994078137
20453,0.799562555575795
20454,0.26789841442873386
20455,0.23711168090900975
20456,0.8543194708603474
20457,0.6951744187254446
20458,0.571633001160448
20459,0.48096188552486274
20460,0.7039480908589564
20461,0.01011949193930001
20462,0.8252659525768196
20463,0.5880260220687316
20464,0.10522429328935468
20465,0.5032009006565531
20466,0.5130293555724894
20467,0.04147194059313641
20468,0.007725615714014304
20469,0.8083099519230181
20470,0.009612476200032074
20471,0.3343405389549135
20472,0.7441926408086965
20473,0.8077103128595464
20474,0.036714185016028314
20475,0.04543263934968386
20476,0.09273456852501281
20477,0.7169441608524285
20478,0.028125331587236214
20479,0.6300889447334852
20480,0.41761729344177523
20481,0.34571498766457964
20482,0.51056533216609
20483,0.008325537857359396
20484,0.30683653731541083
20485,0.013218588969968236
20486,0.49305780147663125
20487,0.014495431347486128
20488,0.005132776919565534
20489,0.04938890311794828
20490,0.6849750177001487
20491,0.2979694272749064
20492,0.8548059972148518
20493,0.005137455187631019
20494,0.008783705105924978
20495,0.8392957127486194
20496,0.010666077797454371
20497,0.6445757164572847
20498,0.7923684813205574
20499,0.5937483842343191
20500,0.6518715306007858
20501,0.020726998622867136
20502,0.020451560309249106
20503,0.7918327929780944
20504,0.7868347676268703
20505,0.6492896127251031
20506,0.5896358667330225
20507,0.4998819677646685
20508,0.036896221303673954
20509,0.46631683200701346
20510,0.24430832254508783
20511,0.8395004528056468
20512,0.4927171700244048
20513,0.8709091292640283
20514,0.01376465441268618
20515,0.008777591536678548
20516,0.07149325739028645
20517,0.017005943636015156
20518,0.011595168254152667
20519,0.0178779336907057
20520,0.627506350594191
20521,0.00571859107294375
20522,0.005241733965810313
20523,0.690191116592114
20524,0.021485188182210516
20525,0.7916151863099252
20526,0.0907647418708116
20527,0.8957161339340948
20528,0.6120439953586865
20529,0.027970169925540106
20530,0.4286788346102479
20531,0.7800531924269101
20532,0.0871501337321793
20533,0.31158365880690236
20534,0.01744727242620324
20535,0.3202120403721497
20536,0.03044257262922154
20537,0.05320953226043865
20538,0.6122075063664313
20539,0.012225460029441667
20540,0.5823688916176671
20541,0.5484580221262126
20542,0.6208594236715499
20543,0.4246506539968194
20544,0.02093403071307778
20545,0.4830658499837823
20546,0.3920424178546471
20547,0.02372922381717296
20548,0.6650799732135517
20549,0.24047453045169054
20550,0.5034302517649578
20551,0.8115846147762174
20552,0.7063127408812616
20553,0.741681542900619
20554,0.44989222055489636
20555,0.7003679599609379
20556,0.028964908621838256
20557,0.30281279465234495
20558,0.7407169804605159
20559,0.3146416947926744
20560,0.40780130073137383
20561,0.06550908654605332
20562,0.8223735527137883
20563,0.8238740764918887
20564,0.4917178747116355
20565,0.6846484059976274
20566,0.04235113492088263
20567,0.01574781471692201
20568,0.008681300222393462
20569,0.01145046801282196
20570,0.005404794965563254
20571,0.5243880984820772
20572,0.31091631749421555
20573,0.022761744404852336
20574,0.00725511327021756
20575,0.5165101384740343
20576,0.01382026462227229
20577,0.06459636091611404
20578,0.051538537146985204
20579,0.5689584384986657
20580,0.5853695568345865
20581,0.013081169024355993
20582,0.21874204290229388
20583,0.040642198264310245
20584,0.24476254011337123
20585,0.5603755053704911
20586,0.7812867544637866
20587,0.7092286577183933
20588,0.6360497422563236
20589,0.006727990669404299
20590,0.7235941146376195
20591,0.00678806330637116
20592,0.038868490080721
20593,0.5594523899988111
20594,0.437616963457446
20595,0.022709373909068215
20596,0.05377047075190348
20597,0.02068414653556458
20598,0.013699176906062503
20599,0.2527345899641013
20600,0.7445228784670292
20601,0.02485450712105146
20602,0.054424667457488744
20603,0.5088065819079196
20604,0.47100795370575493
20605,0.6517931636235236
20606,0.009621748705572078
20607,0.014890434785403181
20608,0.0254279385698118
20609,0.008541759686710063
20610,0.007341687345914887
20611,0.36077718372759326
20612,0.2441884939087678
20613,0.013559708503438744
20614,0.08482154256121006
20615,0.673546463443795
20616,0.011108631665117271
20617,0.012411688550294914
20618,0.6496673289482767
20619,0.743524098583303
20620,0.6135593454550545
20621,0.02407746054734929
20622,0.2540381965496558
20623,0.03412347189324548
20624,0.4961352195120349
20625,0.8367350180585569
20626,0.7985530834042537
20627,0.032223716087441956
20628,0.02242157354273029
20629,0.3253024975270234
20630,0.3306066802269917
20631,0.4999661191976627
20632,0.21219844048993197
20633,0.7758232014924844
20634,0.014874999115746152
20635,0.2433436964692181
20636,0.031174561158515912
20637,0.6773489926323405
20638,0.6886722474992284
20639,0.8101529420481131
20640,0.41179834606439236
20641,0.38123233588870525
20642,0.01414324035602449
20643,0.09436313932993766
20644,0.3268659126885824
20645,0.00883395286541701
20646,0.3410023856137009
20647,0.5008875502775608
20648,0.010084045836614848
20649,0.02332972391242736
20650,0.40793291149311334
20651,0.3534742551385724
20652,0.37771527535607063
20653,0.8067653493911385
20654,0.05846375427775653
20655,0.01013103537696361
20656,0.7595589675829171
20657,0.6417021778777444
20658,0.49783931224233857
20659,0.33900740484245256
20660,0.6678772371909493
20661,0.012233744772387277
20662,0.5411130483561187
20663,0.44805400805390344
20664,0.016007382948992302
20665,0.012992034987810267
20666,0.46296971890011995
20667,0.27867768551297345
20668,0.8276824266876951
20669,0.2988654784806324
20670,0.5469718740988554
20671,0.08270624284386155
20672,0.6999162906088103
20673,0.5296429083206563
20674,0.005877294547341234
20675,0.675484447056386
20676,0.02185437978474591
20677,0.011228575013569884
20678,0.6541455376465396
20679,0.006247726590394258
20680,0.8112639513713628
20681,0.013036385747425439
20682,0.010124550755994902
20683,0.29012822428198015
20684,0.500779144110064
20685,0.008548151955241896
20686,0.026928082316803957
20687,0.7760308672439586
20688,0.7112515901648132
20689,0.030180876229330807
20690,0.4172798229241441
20691,0.7976013375761143
20692,0.7945845575010948
20693,0.6231586373930835
20694,0.026637740020757375
20695,0.8288491510476985
20696,0.05438415462215506
20697,0.5326778568197893
20698,0.4025718733006338
20699,0.012255712313256738
20700,0.9282496656255182
20701,0.021710240813662147
20702,0.8117516750260435
20703,0.3403300785938957
20704,0.013082799761528874
20705,0.026178266243245093
20706,0.818024990753085
20707,0.027346603871732624
20708,0.00606970501277767
20709,0.3952815714510761
20710,0.8861053046337142
20711,0.3977480965437484
20712,0.007549860742569381
20713,0.38868438349510237
20714,0.6270600928400987
20715,0.5012642500966447
20716,0.014001563011879613
20717,0.37651279783681874
20718,0.845396205507595
20719,0.006936117349756349
20720,0.007605304211889229
20721,0.5443642849849835
20722,0.18502169587578055
20723,0.5553774569168434
20724,0.7981677032719492
20725,0.007618764608874205
20726,0.0867005817179424
20727,0.02071434315918596
20728,0.4455876720477573
20729,0.031952124911844355
20730,0.7612591388219246
20731,0.005133524556341277
20732,0.718232033112032
20733,0.013308167749440873
20734,0.01620986867972681
20735,0.602277117600268
20736,0.5613332688526264
20737,0.3743753710823593
20738,0.2941234689298328
20739,0.5599070015485437
20740,0.023131072217153284
20741,0.007050086750723284
20742,0.04953044285247149
20743,0.009802922914741647
20744,0.07690889387061155
20745,0.07261961625866237
20746,0.478939679540296
20747,0.5972239762985739
20748,0.07930145279455372
20749,0.01572217920328978
20750,0.5752104932059303
20751,0.6790758391000011
20752,0.09703714399560617
20753,0.019739738121297937
20754,0.015364561843336904
20755,0.4309181745079625
20756,0.6665647416825323
20757,0.8344681553767446
20758,0.008575231934033858
20759,0.30969404516066695
20760,0.9348215759420022
20761,0.30127440758421614
20762,0.8898171823529787
20763,0.7119609282589224
20764,0.014911669815294664
20765,0.14303916222812846
20766,0.5714162191719377
20767,0.9141343110866428
20768,0.6662415327185646
20769,0.454357091241123
20770,0.09768858801164709
20771,0.8660708935187842
20772,0.02028062895110359
20773,0.7509671196683646
20774,0.5377063404497721
20775,0.12020350687469313
20776,0.7057211393832584
20777,0.01807377034364385
20778,0.6032167111094517
20779,0.011265381820582138
20780,0.006840719985252968
20781,0.29071669408512574
20782,0.014887890141546959
20783,0.011967273546193017
20784,0.6382805015764166
20785,0.5386819680236514
20786,0.041917226682997945
20787,0.8597509208711619
20788,0.5297515312677594
20789,0.04127293699373022
20790,0.010397171153569666
20791,0.18750869680397164
20792,0.24455128379702415
20793,0.6475981406953795
20794,0.36593920528454327
20795,0.6776103027386857
20796,0.3875202740146801
20797,0.018891369742753523
20798,0.5519994724362851
20799,0.027625603495099734
20800,0.5696176153899837
20801,0.6014320688639601
20802,0.27789722536433004
20803,0.012885086734766555
20804,0.759797966885208
20805,0.6986094916769301
20806,0.1271575137646765
20807,0.42019899826224844
20808,0.008321544609020941
20809,0.635270964230506
20810,0.17050976436616
20811,0.5175922727356295
20812,0.0071148038246011056
20813,0.015433388730063821
20814,0.0447905192154244
20815,0.01243633066786426
20816,0.4040114640619723
20817,0.04557159022772201
20818,0.6693401420507881
20819,0.25058993089052384
20820,0.016952875230189766
20821,0.7727307970470105
20822,0.31827609519772243
20823,0.14127981284674207
20824,0.02594869666922519
20825,0.03462860938994223
20826,0.7366897852545254
20827,0.1098903812570915
20828,0.775228419467007
20829,0.0704078567508222
20830,0.012159915962169376
20831,0.5862709224550935
20832,0.06847423149705364
20833,0.23600761571269285
20834,0.0075362701870276445
20835,0.8214919157266075
20836,0.29887704364009915
20837,0.6938733726841634
20838,0.4691727765794931
20839,0.7771554780593705
20840,0.01109174855164675
20841,0.7040994217095953
20842,0.7801201682591348
20843,0.7569769530205339
20844,0.39295979119430025
20845,0.02527640106380326
20846,0.02474995999588195
20847,0.7429491786981829
20848,0.6527325986190572
20849,0.830042673482807
20850,0.49886627853219606
20851,0.006127707633908614
20852,0.37242250716969855
20853,0.8304597656294932
20854,0.5278666995260511
20855,0.7509507292960109
20856,0.04628535803078235
20857,0.012549299882369785
20858,0.7918818127805791
20859,0.10130686521685633
20860,0.12634504060126403
20861,0.8821272610003558
20862,0.01766754813694503
20863,0.16769319410763026
20864,0.6892398122467872
20865,0.2799738514684211
20866,0.023810770721144278
20867,0.1949412619600145
20868,0.8490854700212711
20869,0.00675497262591421
20870,0.5730545147101049
20871,0.46986155724363127
20872,0.31315166218347557
20873,0.18809399416869593
20874,0.8247544164822197
20875,0.6267466862775252
20876,0.46489785026149555
20877,0.8756077324017693
20878,0.1117986569878534
20879,0.24360633259428824
20880,0.012375990730498204
20881,0.6216417290624543
20882,0.4836718287708863
20883,0.018445329396272386
20884,0.5242313855934397
20885,0.009591839423772636
20886,0.003654405805928019
20887,0.34842223788389587
20888,0.7060868863255343
20889,0.17066494105201624
20890,0.45230797295381586
20891,0.030682711630037055
20892,0.34791677924427067
20893,0.20101229099968676
20894,0.022197709023877445
20895,0.011291839239848136
20896,0.01681067319453761
20897,0.08490255101328402
20898,0.013480150630990043
20899,0.11953994681392299
20900,0.018405318075256045
20901,0.012807681644250023
20902,0.4487754693215549
20903,0.01462712991618172
20904,0.021170171058989065
20905,0.019134595089318567
20906,0.44639199219124964
20907,0.8682471035915585
20908,0.01574909216779074
20909,0.41435987299568733
20910,0.023201578817304874
20911,0.4518908738285975
20912,0.007180824584724247
20913,0.007984500755773888
20914,0.013904364334467555
20915,0.7467140557931756
20916,0.06007747123800254
20917,0.014476223745049484
20918,0.5560557191755128
20919,0.26892607630821935
20920,0.5585490278936913
20921,0.564092866668979
20922,0.38856774593077115
20923,0.03967054171937492
20924,0.018823090670459904
20925,0.12649332491162804
20926,0.11108509040373153
20927,0.006964622401378006
20928,0.3152666615835522
20929,0.7901976742346495
20930,0.20406713673186078
20931,0.6334460943534799
20932,0.5154386902295215
20933,0.47526268752696077
20934,0.005772660817401328
20935,0.4417098320598389
20936,0.016093739824482353
20937,0.5645037407206347
20938,0.018864500753695012
20939,0.317494946421795
20940,0.013144544834298218
20941,0.7252692774738838
20942,0.009368109727420745
20943,0.019147033821246575
20944,0.5296855257159856
20945,0.9131455185589411
20946,0.01675277281146362
20947,0.014350294242599003
20948,0.4289890851172948
20949,0.006349228180252051
20950,0.8070790600649453
20951,0.1017819327424414
20952,0.8645425475637016
20953,0.6001894926865416
20954,0.8007402819184135
20955,0.7699198253083639
20956,0.39943958327858337
20957,0.04126399453171014
20958,0.8226215673636745
20959,0.5024348626178978
20960,0.6925669483787573
20961,0.011661720314708373
20962,0.5145038471689837
20963,0.02361051539217512
20964,0.6080078071689751
20965,0.8187646524398802
20966,0.01361335200908632
20967,0.026266853423792973
20968,0.5704726503465694
20969,0.6382162361225177
20970,0.29952507978679327
20971,0.30703384058392835
20972,0.40431630675255403
20973,0.5985892955355652
20974,0.014967623621210386
20975,0.015983788417510882
20976,0.7854946548684202
20977,0.17383108399065292
20978,0.3335432271309484
20979,0.7985172803826169
20980,0.1935770275980571
20981,0.006975775403155954
20982,0.867684450491399
20983,0.7479353863893586
20984,0.6743106971674195
20985,0.8125637367028017
20986,0.8294483747588217
20987,0.707458736834114
20988,0.0428578778046735
20989,0.5380433115962999
20990,0.41097338352796
20991,0.7872004144074061
20992,0.04723011746741896
20993,0.02287498022309455
20994,0.013084167018077773
20995,0.29365354570840124
20996,0.4516072222897662
20997,0.49264422453331486
20998,0.7869504021991778
20999,0.02410362496233937
21000,0.08817002964962957
21001,0.013587566554610736
21002,0.031173406456541188
21003,0.491223354129923
21004,0.24292174379043818
21005,0.018293766554631295
21006,0.6731640756433949
21007,0.6448824467315392
21008,0.00983619057482058
21009,0.49623824264244987
21010,0.006876680457189278
21011,0.03896924644456276
21012,0.01898852283106996
21013,0.8421449150636171
21014,0.5877869435781047
21015,0.49984556342336445
21016,0.6418863140033749
21017,0.8945496370091166
21018,0.6972469879952372
21019,0.6678212704251366
21020,0.013159433847943576
21021,0.007424418224998768
21022,0.0999715318850734
21023,0.012234492670707838
21024,0.4644643520603371
21025,0.2738640430642446
21026,0.3611941218832388
21027,0.6801052998689067
21028,0.018998862497097098
21029,0.5755895165791013
21030,0.26270413178269597
21031,0.3386691843429902
21032,0.009753617406221039
21033,0.00897964226517357
21034,0.07375228467855859
21035,0.7991563082521115
21036,0.03487950198241157
21037,0.016724291472794105
21038,0.011730173844329169
21039,0.3602512812305493
21040,0.015415124294550653
21041,0.5289560897492592
21042,0.8582904729050621
21043,0.2651224099126116
21044,0.012645631455507766
21045,0.7741015380566214
21046,0.017234345415477394
21047,0.041171754226298964
21048,0.03737094372777713
21049,0.8592188675904905
21050,0.40851961877981313
21051,0.7172366030953874
21052,0.5729464565602329
21053,0.4509393938176668
21054,0.5191570245031718
21055,0.6033372093297984
21056,0.3495931363232817
21057,0.007854151530143728
21058,0.5161988647533098
21059,0.0236725698294786
21060,0.014248132767645682
21061,0.5171211918294657
21062,0.015270329279741555
21063,0.03112371973172317
21064,0.6493502798113413
21065,0.7454664906438632
21066,0.705976145025134
21067,0.019378043434965193
21068,0.01060152665152584
21069,0.3246696480419663
21070,0.024973025158362187
21071,0.5955514344664128
21072,0.5423031868417095
21073,0.03695438248418985
21074,0.8599853194404133
21075,0.42783761161098866
21076,0.021704819721027502
21077,0.8491671377431589
21078,0.24651111103938028
21079,0.7174561260316358
21080,0.7500903731606826
21081,0.023441057950510477
21082,0.01216917224954571
21083,0.025438230597942105
21084,0.5445945408949371
21085,0.006558338231044509
21086,0.8386989297872711
21087,0.6208043622949075
21088,0.8170386602788191
21089,0.012347476752800027
21090,0.2819112947350853
21091,0.013347576068717278
21092,0.6725549941744665
21093,0.49760409864168675
21094,0.6764386611732282
21095,0.7574126155581242
21096,0.012289211890912647
21097,0.0617820154542916
21098,0.7671338031670619
21099,0.028571774561996447
21100,0.4429755381041135
21101,0.7254341552003261
21102,0.010266518766391494
21103,0.012734907876777498
21104,0.7883355995341745
21105,0.18279204461318127
21106,0.014136956800580979
21107,0.5293066999897895
21108,0.7285590234228851
21109,0.01479764297929938
21110,0.008054212197051812
21111,0.4700652791043014
21112,0.029430225463954355
21113,0.02305070200029346
21114,0.6820730486216426
21115,0.006248559120758138
21116,0.7255917372731937
21117,0.1491796727908719
21118,0.0705190788325409
21119,0.6773481958273797
21120,0.019573468616121865
21121,0.873909551455526
21122,0.1823170803739928
21123,0.5545977806794045
21124,0.018686587945209998
21125,0.7433766309232492
21126,0.6401204048931673
21127,0.023409760444700473
21128,0.7975366008864523
21129,0.04301036945032354
21130,0.5985782596069769
21131,0.8054462980888519
21132,0.023684708515187166
21133,0.7741173972641149
21134,0.010092168774380347
21135,0.029184638166125838
21136,0.34701622467666
21137,0.020460746082019164
21138,0.6560537462376704
21139,0.24704117768921058
21140,0.9005466029698556
21141,0.007007414822866609
21142,0.20357617178118267
21143,0.5906677631642238
21144,0.4365477376176114
21145,0.6188138327548669
21146,0.6315295181239999
21147,0.023919905909173172
21148,0.46732839382856706
21149,0.40931770452123906
21150,0.7934987203876296
21151,0.4524799607718446
21152,0.47740231604920746
21153,0.02529962083889753
21154,0.17367051898816394
21155,0.8380285955954841
21156,0.01892742005050918
21157,0.5308179995066337
21158,0.5921897232568339
21159,0.8975349330141122
21160,0.718619750005868
21161,0.7473391960884368
21162,0.14212150903727302
21163,0.42864243596135154
21164,0.17544423794041122
21165,0.4368817080302379
21166,0.7809020048566092
21167,0.010293281968818702
21168,0.8417283460203837
21169,0.009069658872264939
21170,0.676788011606049
21171,0.03672670423851342
21172,0.025650594340386332
21173,0.018614603203649854
21174,0.012670019266802683
21175,0.8135635743003694
21176,0.5846887487752138
21177,0.019012899160590353
21178,0.524150341005738
21179,0.2114343861304607
21180,0.01979491368094508
21181,0.9103665124337724
21182,0.007033742909399718
21183,0.062352368491656554
21184,0.6156457731376825
21185,0.03317885546860279
21186,0.826551470159387
21187,0.1237164220040347
21188,0.021272142096464823
21189,0.6759142069423314
21190,0.16299643066412625
21191,0.02552159835024019
21192,0.09854015617747508
21193,0.026535219869487068
21194,0.44261853709940663
21195,0.09474745850876701
21196,0.7267855598729405
21197,0.030690282471140556
21198,0.010833169338862598
21199,0.01708516617708882
21200,0.006142416179711312
21201,0.025159659360972926
21202,0.006770800549530116
21203,0.6808313202014643
21204,0.704977329046615
21205,0.0066488313015710615
21206,0.3741916333641032
21207,0.021922534450190184
21208,0.014114266287656954
21209,0.3463444312677735
21210,0.47789497635951383
21211,0.6185559202323947
21212,0.03026098884770018
21213,0.013345913621409525
21214,0.3372794426397799
21215,0.060237618027994974
21216,0.0070357769219540536
21217,0.02038389413852583
21218,0.582472836293408
21219,0.34002132873098295
21220,0.5098841243149024
21221,0.40624690897310534
21222,0.01434634900071567
21223,0.3541420615764802
21224,0.12995831534062213
21225,0.7004296390885089
21226,0.8526541965925977
21227,0.7187861231321923
21228,0.2853550139865031
21229,0.009738338585254042
21230,0.013264557090856145
21231,0.8381059931759103
21232,0.013704267300478447
21233,0.018387764356922055
21234,0.00790618460592376
21235,0.3404442956501264
21236,0.0068178643401733355
21237,0.01422667059405537
21238,0.23087455369380727
21239,0.7074392836931609
21240,0.008163520768891139
21241,0.7749831649750702
21242,0.39992653122742683
21243,0.01761169898044138
21244,0.23722287965288139
21245,0.4984421604572158
21246,0.4341318324972069
21247,0.2762313805801514
21248,0.5446441763555699
21249,0.21247783545080223
21250,0.1978100131777516
21251,0.09915917217318525
21252,0.03198233802082542
21253,0.7124857747175973
21254,0.39705911275146993
21255,0.8433704804563376
21256,0.0279898943428189
21257,0.5200704279435402
21258,0.007378391421260564
21259,0.019593358986972134
21260,0.7446368861425474
21261,0.650187514118744
21262,0.012269461735018933
21263,0.664991930209727
21264,0.009488449267162736
21265,0.8028647512159257
21266,0.543313092237141
21267,0.8132869070863183
21268,0.3816528871574514
21269,0.020037429882332102
21270,0.06130968809043178
21271,0.20002141863362669
21272,0.01420830022349336
21273,0.012141735569206067
21274,0.10784909337843382
21275,0.5508978489311485
21276,0.612064262892654
21277,0.043043745843039674
21278,0.6036152006737034
21279,0.6465919525091331
21280,0.77987124257212
21281,0.009159452614616974
21282,0.810689105180229
21283,0.8760652652824809
21284,0.8135908487658814
21285,0.01616896363135417
21286,0.8855573437913417
21287,0.04568059474695113
21288,0.6849883523805514
21289,0.7097473129676621
21290,0.20700844569390384
21291,0.02775708564613035
21292,0.8366280892303416
21293,0.006977116442691272
21294,0.4081525434561255
21295,0.37633706100545866
21296,0.012150543124549022
21297,0.3205756426097852
21298,0.041188925007519195
21299,0.03172255803791929
21300,0.7647407397531042
21301,0.00858624869930969
21302,0.024601342480298223
21303,0.03157023466317049
21304,0.03528475332282549
21305,0.045765960994583216
21306,0.5839712439585412
21307,0.015631705619288803
21308,0.03520415968404834
21309,0.01688137457738585
21310,0.5699258983172186
21311,0.7093056875269694
21312,0.0072380582666285035
21313,0.037591191462765766
21314,0.2195967279443046
21315,0.02631538658415842
21316,0.7651376069808831
21317,0.2279724446565261
21318,0.4695997181408655
21319,0.6110625816955098
21320,0.012137474368138772
21321,0.7241998618566282
21322,0.01328252234156264
21323,0.5350302425240199
21324,0.038802885536579804
21325,0.012365577017319768
21326,0.38438159769194996
21327,0.27636621671552625
21328,0.7726375200704756
21329,0.5492516231486835
21330,0.35411143638417597
21331,0.3962586922528491
21332,0.0378820493474983
21333,0.5079606215889592
21334,0.4555907987597829
21335,0.03207414673725475
21336,0.009752547647143214
21337,0.01994024785211282
21338,0.017300666187094
21339,0.532439919082777
21340,0.44932552666247194
21341,0.7274028504548917
21342,0.027187923487854978
21343,0.6079021934561964
21344,0.48163868250573216
21345,0.23828102695708003
21346,0.7539562042839658
21347,0.565967915951333
21348,0.005887528814183821
21349,0.3730200600857817
21350,0.2901138317983835
21351,0.42395552223012695
21352,0.2908294901031126
21353,0.008475045059101832
21354,0.0165056119695032
21355,0.042740494046925
21356,0.6624007991581666
21357,0.8020903426778402
21358,0.005632187759330797
21359,0.015176136098989539
21360,0.7430458809329091
21361,0.02623616822687477
21362,0.5844978762570677
21363,0.3902074770526866
21364,0.09784521642417143
21365,0.04251973879377425
21366,0.029739688250880403
21367,0.08098497421609717
21368,0.7190284266049531
21369,0.32376732739397673
21370,0.5955545131555131
21371,0.35169982181250087
21372,0.45828929734816914
21373,0.014729581557459645
21374,0.606884294719467
21375,0.45999492341041404
21376,0.6453121665960744
21377,0.058829498834921785
21378,0.899275914501577
21379,0.8820174020268304
21380,0.7244432196199202
21381,0.00892750188025926
21382,0.012349336402753174
21383,0.5301613063110151
21384,0.015246941084706119
21385,0.7552690308343676
21386,0.028403178926482343
21387,0.5934042374829361
21388,0.9228038696856299
21389,0.024699480706755962
21390,0.11230857902281495
21391,0.009767658539907348
21392,0.2158946917680072
21393,0.005444127733850765
21394,0.8037951229213973
21395,0.02607690120761555
21396,0.23603628003666047
21397,0.01217438388145837
21398,0.39471588631072824
21399,0.797536960159793
21400,0.6355849139614121
21401,0.024137323661241848
21402,0.16132736747585025
21403,0.5888524081297656
21404,0.836424532287467
21405,0.3268326013379374
21406,0.44232504198606337
21407,0.7288616019161496
21408,0.6342416295112079
21409,0.5330736798418005
21410,0.752399858724975
21411,0.02333811720760504
21412,0.05441002356582421
21413,0.7007654977891893
21414,0.4752928737335981
21415,0.8577135571216443
21416,0.5896318036659615
21417,0.8794761130583133
21418,0.3979738795416584
21419,0.5737883125588761
21420,0.06973458962202798
21421,0.03471265583776557
21422,0.8185989792491881
21423,0.6503980809524846
21424,0.005441006291125017
21425,0.014072984250210642
21426,0.07028510615002029
21427,0.649608758814834
21428,0.7768750394521962
21429,0.4200397387995421
21430,0.014124816176787465
21431,0.8650644779550508
21432,0.7491889197442462
21433,0.025409492426834657
21434,0.3575515860735119
21435,0.8473946113975948
21436,0.6586919736114185
21437,0.3205050059724836
21438,0.2284889168155215
21439,0.7613987721238467
21440,0.024773327071368267
21441,0.018885663953226307
21442,0.5389411567572363
21443,0.8612137822219795
21444,0.3430146851200844
21445,0.014271251877582242
21446,0.8728912996612384
21447,0.6619991006942478
21448,0.43143991308862384
21449,0.08084446514625998
21450,0.5703287853715611
21451,0.3678850023681396
21452,0.6795606832363436
21453,0.42684523163184307
21454,0.7919887031458235
21455,0.011718070218849356
21456,0.008868866115487917
21457,0.6339126314779181
21458,0.041508948320165356
21459,0.5346460787111169
21460,0.6583252243689451
21461,0.3679184022776627
21462,0.6226382199831085
21463,0.5809262861375108
21464,0.0340219293279644
21465,0.019291903136835438
21466,0.31013440492120986
21467,0.2289549532629372
21468,0.3344652200485889
21469,0.021501989637288173
21470,0.6901813072531712
21471,0.023182991110823992
21472,0.5942352582535914
21473,0.13378213193414643
21474,0.34868317930418924
21475,0.022414388507121484
21476,0.6362280162859992
21477,0.15436917739244893
21478,0.156625835537576
21479,0.015258610956621656
21480,0.022934727474625494
21481,0.4666605275749506
21482,0.7938093266337513
21483,0.773747973538828
21484,0.6636268032527892
21485,0.015906525431347726
21486,0.020729993580306295
21487,0.0142717275980785
21488,0.037824335359345033
21489,0.015627292931438067
21490,0.8264180307671581
21491,0.5127532516045229
21492,0.0174180943510643
21493,0.07062980312749052
21494,0.4693644540954856
21495,0.785328926823911
21496,0.011908197463583426
21497,0.05196629303372298
21498,0.01984117437015299
21499,0.02627890584075134
21500,0.49272021487315726
21501,0.02960039909693681
21502,0.3743323589786473
21503,0.030573888593836668
21504,0.21421130028076293
21505,0.7817868002650352
21506,0.016610206268253193
21507,0.5475394198897705
21508,0.042215921402777426
21509,0.660628492136865
21510,0.2664152975253151
21511,0.2047868010903593
21512,0.6011492688469419
21513,0.027013888835956013
21514,0.7539065018384012
21515,0.4438821381153081
21516,0.024384238671119322
21517,0.5646637343700214
21518,0.007315981238704009
21519,0.18427553788076173
21520,0.5316346762048585
21521,0.4566612575795535
21522,0.47535590360332036
21523,0.4611282660859474
21524,0.024168752896501555
21525,0.05167972482381069
21526,0.011968187602132935
21527,0.008876482513556584
21528,0.03706998319029135
21529,0.4099564459674301
21530,0.012325309395467483
21531,0.04142277220484128
21532,0.012999001140856383
21533,0.1899094352094054
21534,0.09943003496520883
21535,0.01824039216502738
21536,0.3318660276823789
21537,0.02362734308958219
21538,0.14067377545041418
21539,0.4079104319824973
21540,0.012135886450547057
21541,0.005402045917170462
21542,0.011145916263662528
21543,0.34924672412630925
21544,0.1319067797191573
21545,0.009299827094037738
21546,0.01275462728453259
21547,0.6871950754873261
21548,0.4053316191738621
21549,0.3981121155862582
21550,0.04846859797616791
21551,0.011578984419116515
21552,0.7118797985326156
21553,0.8765093358241247
21554,0.7110333133680848
21555,0.006411682860635393
21556,0.8013797179951034
21557,0.5618297879848921
21558,0.07548618169687395
21559,0.3338428258200255
21560,0.531799200878184
21561,0.7770380717633826
21562,0.7254219564230704
21563,0.6559534955254334
21564,0.6997674149086707
21565,0.5708814321003297
21566,0.7450328408820743
21567,0.7141402787276601
21568,0.034920955499189346
21569,0.06479286542365614
21570,0.06097118517540097
21571,0.760357648216553
21572,0.0233840870603134
21573,0.6220346306180895
21574,0.7267902461718637
21575,0.38881366656683136
21576,0.026581536496038817
21577,0.03904422143628874
21578,0.6836252156735549
21579,0.044043781050746814
21580,0.016040341632400618
21581,0.4502530671268267
21582,0.16260569751979181
21583,0.014585144603172222
21584,0.013917976393065136
21585,0.11775733315294008
21586,0.013675900870894103
21587,0.572843891114127
21588,0.6362596061748775
21589,0.010460972078138259
21590,0.0301770344823342
21591,0.014286794828317635
21592,0.5458009752795463
21593,0.01597979067295399
21594,0.32589868094338464
21595,0.03916278873878658
21596,0.5839425629844441
21597,0.5450420703997426
21598,0.4202157452577393
21599,0.3485603348371119
21600,0.456346694179958
21601,0.06873124989290014
21602,0.788688879223625
21603,0.5014976318201513
21604,0.594643873519069
21605,0.024098843816074574
21606,0.5719130046389614
21607,0.8060943387940902
21608,0.31127486450311803
21609,0.8722303975171487
21610,0.3802669096074084
21611,0.2629278171349825
21612,0.025351532807820733
21613,0.8121248308080424
21614,0.5412300061060766
21615,0.045533608124262076
21616,0.7071436149452892
21617,0.5516116230947281
21618,0.512781643194634
21619,0.8091077546559016
21620,0.4874038849640696
21621,0.7403329598069646
21622,0.0248896848100858
21623,0.016532144152179424
21624,0.892065352209848
21625,0.6132465253225038
21626,0.7582895310026206
21627,0.011705758782663053
21628,0.008439933195879623
21629,0.8099665882021085
21630,0.4679666501117916
21631,0.28328042600394576
21632,0.02500190902023349
21633,0.4382878019093952
21634,0.013520599869924634
21635,0.1784560664894907
21636,0.055963835500820173
21637,0.004836502170305834
21638,0.4554575916546536
21639,0.6323801957893262
21640,0.30226120027980113
21641,0.4508030813053636
21642,0.6355602837214106
21643,0.5375265134762697
21644,0.012949305137312773
21645,0.9125320420635312
21646,0.676032996730661
21647,0.8141767879775695
21648,0.30137402175336575
21649,0.3326543486478104
21650,0.015221103141332723
21651,0.6581857294127108
21652,0.005520601139056196
21653,0.5973638279881849
21654,0.7508288009541104
21655,0.654967787646989
21656,0.7961917766598561
21657,0.578402083665729
21658,0.5236693662922779
21659,0.03245478207354694
21660,0.02661922369003045
21661,0.6925755837254223
21662,0.24708916716011312
21663,0.030633522640176197
21664,0.6373506109285741
21665,0.7653174768326019
21666,0.009759612537425319
21667,0.565355443857649
21668,0.01168295906950741
21669,0.019605507565841722
21670,0.026435563560859375
21671,0.4081141988698949
21672,0.6925175075491887
21673,0.004927391582303795
21674,0.5549856479896936
21675,0.010307702031178912
21676,0.14794903415300006
21677,0.010121960062403148
21678,0.02779957516745419
21679,0.7331534183297064
21680,0.05513171263869687
21681,0.7654745272721637
21682,0.7487676587913519
21683,0.00606309675729087
21684,0.8675246656965316
21685,0.29062015924229284
21686,0.2783981438905277
21687,0.48003401269141666
21688,0.6125623017127036
21689,0.0452869437544326
21690,0.2437269070904758
21691,0.020589243050969066
21692,0.060680041538502524
21693,0.804876032901772
21694,0.6126517781698929
21695,0.009449882569285391
21696,0.8154582948803422
21697,0.03773894053472255
21698,0.09729477431367317
21699,0.01658586871912237
21700,0.6856177580227917
21701,0.3562899910924668
21702,0.8294012475618665
21703,0.26407275734621416
21704,0.6697414953036215
21705,0.014317425874403352
21706,0.621120264958982
21707,0.020920868971472224
21708,0.6976959212061413
21709,0.015322197709809585
21710,0.9046551232226059
21711,0.46100155204442467
21712,0.09061124800158497
21713,0.32618414493110487
21714,0.056443810520659846
21715,0.7393663317454074
21716,0.013567249679417345
21717,0.42784916843579757
21718,0.7501117400473646
21719,0.18354578519706163
21720,0.0829496647179696
21721,0.6133068358570973
21722,0.8328392432009687
21723,0.4642259466322017
21724,0.010709587377824528
21725,0.006569936007266454
21726,0.8049438068616392
21727,0.01518478910463127
21728,0.05957346120642474
21729,0.5769661310467468
21730,0.36449966170743486
21731,0.011410968321202686
21732,0.27053744447767014
21733,0.45961942139977835
21734,0.0030272501631031655
21735,0.7292979111541841
21736,0.2815168334951774
21737,0.7698828531505171
21738,0.07130119188804196
21739,0.009000364373605288
21740,0.0162472511289019
21741,0.2811935574209279
21742,0.04919709443611933
21743,0.27397773803127246
21744,0.007644964540711454
21745,0.03041379965144265
21746,0.6317098614023828
21747,0.33924764694820114
21748,0.5187215443525262
21749,0.04526510795433257
21750,0.5075707002852337
21751,0.8854753357073704
21752,0.6863401850547832
21753,0.029561927666461332
21754,0.035009842722796135
21755,0.4138106454345469
21756,0.6053574908711502
21757,0.8065506394085945
21758,0.6994032702407991
21759,0.32149182819356426
21760,0.21678168600952147
21761,0.016767000697143996
21762,0.5662484217117505
21763,0.5456230701832496
21764,0.06073125737684242
21765,0.11623891211569036
21766,0.00942733047372354
21767,0.5720608226161139
21768,0.440782160299218
21769,0.43133579841518954
21770,0.6202261697405292
21771,0.3756986536048246
21772,0.010707283191954615
21773,0.01653407568525298
21774,0.035948111486770344
21775,0.0748811641483516
21776,0.7684583396194706
21777,0.8755138704981612
21778,0.029738771668478037
21779,0.039366088105578574
21780,0.5169938702407813
21781,0.008883395603616537
21782,0.019768084662250225
21783,0.5432539814910965
21784,0.25977402143579237
21785,0.20564960186612488
21786,0.05684853068193433
21787,0.7819518037398653
21788,0.04417370992651934
21789,0.7036073412740766
21790,0.45535528262406827
21791,0.0077129567973669814
21792,0.5390353148741667
21793,0.03603508190437715
21794,0.0721422506972001
21795,0.39277254183352794
21796,0.7258961033563244
21797,0.049728351065007385
21798,0.06604821168334751
21799,0.28218722981675903
21800,0.5656130081522631
21801,0.01598868362991843
21802,0.0058462610369708935
21803,0.8876592615250146
21804,0.9148648400393711
21805,0.006926724661342605
21806,0.6278106391895286
21807,0.049293395111065
21808,0.025544354919504565
21809,0.03158405579381139
21810,0.013704469308367469
21811,0.010142185615342154
21812,0.24227038430223544
21813,0.1640325255153534
21814,0.686282284320249
21815,0.8914373796714999
21816,0.18037916251562533
21817,0.14329972598151738
21818,0.27532458178250313
21819,0.09036787394480547
21820,0.24333103354689617
21821,0.008531502928590546
21822,0.37395531667058485
21823,0.7205366305540717
21824,0.19858361029646557
21825,0.8692955364064805
21826,0.05728273448792569
21827,0.8142611873981692
21828,0.614385138816653
21829,0.019662304753924765
21830,0.04019697468957212
21831,0.04614356069985587
21832,0.0590345213245782
21833,0.6357979576683702
21834,0.05886235352264341
21835,0.8097541155892707
21836,0.01228098479838097
21837,0.5051812532564612
21838,0.15701395149331782
21839,0.6311010723703248
21840,0.016047205234381863
21841,0.029474472910632335
21842,0.031050268896569914
21843,0.40281974439636403
21844,0.013154893562443594
21845,0.8230878151443941
21846,0.045305556420016005
21847,0.0183663898201725
21848,0.04590553056717285
21849,0.15333135168647186
21850,0.45692722352025367
21851,0.1317664652165315
21852,0.5630251308814692
21853,0.4830003023156254
21854,0.5898350389932828
21855,0.6257904682503199
21856,0.027796064985614738
21857,0.5531298231852124
21858,0.21104181233588792
21859,0.08309710371782542
21860,0.03772216248835069
21861,0.6789011886425704
21862,0.5260444014066767
21863,0.5843852993369962
21864,0.20121388990995503
21865,0.052097181277255794
21866,0.011161437776061234
21867,0.339114143136807
21868,0.007883817925300183
21869,0.16691823173102543
21870,0.6018734169520952
21871,0.694331898958462
21872,0.005455265995687272
21873,0.09618721768037636
21874,0.13853279385262005
21875,0.013123428932443533
21876,0.7363732120325066
21877,0.4550220092236812
21878,0.015667889886251583
21879,0.024819579284055454
21880,0.0158011765403606
21881,0.609911967965567
21882,0.431371990949242
21883,0.8158249055148588
21884,0.40998370303731846
21885,0.03351866387838073
21886,0.7665646271319825
21887,0.023479818481745924
21888,0.28287879657451115
21889,0.013247996789189602
21890,0.030630409490637493
21891,0.8624316646567882
21892,0.007726656341817987
21893,0.016426370257070937
21894,0.010106690501046007
21895,0.5935930052287259
21896,0.031670709086102145
21897,0.5514486422790698
21898,0.2856047281351961
21899,0.802933076581427
21900,0.3508723639838526
21901,0.3331942255264333
21902,0.6493608632023333
21903,0.8885113300506885
21904,0.6285281983077436
21905,0.0649524234021223
21906,0.7293162392527263
21907,0.015411537274860287
21908,0.00935218121272274
21909,0.184622168609785
21910,0.057334756391788096
21911,0.015499459820425367
21912,0.024168939254380437
21913,0.6381957792622301
21914,0.7798807018825994
21915,0.7274215606638569
21916,0.028475711868512357
21917,0.7596326905875109
21918,0.5032350987784745
21919,0.658867842844025
21920,0.4848533570037333
21921,0.7040130685785824
21922,0.016614843762248078
21923,0.8069866020084755
21924,0.47838772169480476
21925,0.7933098158866282
21926,0.016954455664539677
21927,0.625561378211547
21928,0.7626938532786987
21929,0.6362756984204606
21930,0.5984246023037492
21931,0.020933710251707885
21932,0.7902376861614562
21933,0.510536954479874
21934,0.9126137096416894
21935,0.07881451553493757
21936,0.23253887923880642
21937,0.7932358996256863
21938,0.7153245110833909
21939,0.349248798880455
21940,0.025917903583517025
21941,0.7968852015361507
21942,0.7326768500842358
21943,0.4062653339646061
21944,0.01903628836729571
21945,0.26294568358344295
21946,0.6367499428845206
21947,0.016977785062943285
21948,0.490820611789465
21949,0.5188941682718217
21950,0.011638069541393197
21951,0.028586041534724466
21952,0.0727857993062535
21953,0.3862887425794623
21954,0.7208350819953455
21955,0.547687780715592
21956,0.79704812134784
21957,0.010248830364213032
21958,0.06064396055824446
21959,0.8629042709098164
21960,0.33070551209134896
21961,0.2959069918315087
21962,0.9123982695514271
21963,0.017015941569128685
21964,0.7299933550146241
21965,0.02247581108101919
21966,0.010536322848774284
21967,0.024003741135505498
21968,0.9099403332897836
21969,0.049697170332701227
21970,0.7266095953885885
21971,0.752088475109959
21972,0.007901520440825673
21973,0.5992778761290174
21974,0.08687412805317085
21975,0.584043906053725
21976,0.012641863621882148
21977,0.6688619500176143
21978,0.7621010157493973
21979,0.7088477680839051
21980,0.007390926540146368
21981,0.7434483040558202
21982,0.4747848856308949
21983,0.5319807666973291
21984,0.3919462125565825
21985,0.21540191344619347
21986,0.009369593896926796
21987,0.024289634596793574
21988,0.23134879587853424
21989,0.049365145070698356
21990,0.6363042348206459
21991,0.4994308811189956
21992,0.007132998696232642
21993,0.568259314846567
21994,0.7596221828941168
21995,0.009317225046625601
21996,0.34639206238263753
21997,0.037650083448369016
21998,0.9217859684843787
21999,0.015717697258875618
22000,0.6593198805871486
22001,0.7794912366437211
22002,0.5524761445242224
22003,0.6376072412051335
22004,0.8071341249750371
22005,0.03300233348644151
22006,0.14696677508290582
22007,0.01778211309053436
22008,0.7953577755360841
22009,0.07939911102566727
22010,0.7034932837758616
22011,0.6077544053024526
22012,0.01926968089511472
22013,0.017407365518681054
22014,0.6251032723249992
22015,0.584045050712488
22016,0.36272146626462276
22017,0.5341120064069532
22018,0.579218965582268
22019,0.7184509190866509
22020,0.16485755305156985
22021,0.8980978095605512
22022,0.6244672111249496
22023,0.588792308230908
22024,0.7771305642672925
22025,0.5917500786075426
22026,0.8772773111003319
22027,0.8019669702721842
22028,0.010204094197679314
22029,0.06304090667016567
22030,0.3505849707059513
22031,0.13448623412461436
22032,0.6252078897990405
22033,0.017687408395472014
22034,0.012688828322962729
22035,0.16214179602481077
22036,0.6415070044421041
22037,0.01462218585918431
22038,0.018989900213618092
22039,0.18215169474084159
22040,0.7725984734377069
22041,0.8319690088359557
22042,0.311908178015012
22043,0.0379586158825338
22044,0.8337822338814392
22045,0.13261390538119847
22046,0.6879623866921891
22047,0.012358974668666712
22048,0.633486586873301
22049,0.843322803515216
22050,0.5542947525504844
22051,0.4675933364186865
22052,0.5116172269650299
22053,0.3439671584619852
22054,0.008647781186190561
22055,0.7541877469198146
22056,0.013548565612709586
22057,0.011125977016448591
22058,0.05684799364368225
22059,0.18888397701152448
22060,0.39753775918500583
22061,0.008009924220201194
22062,0.01693653597100578
22063,0.816543286781663
22064,0.04988396536975151
22065,0.027770512472513793
22066,0.25362180572092907
22067,0.3318155297937098
22068,0.26428467434965464
22069,0.7375176509478683
22070,0.5828356479117377
22071,0.04206309945947018
22072,0.022160426698689062
22073,0.4508312015248725
22074,0.7968751133918176
22075,0.03429217710414127
22076,0.2787198262756812
22077,0.19066482613010025
22078,0.7369078121750889
22079,0.014474837086447164
22080,0.45077855666235417
22081,0.7531462146426134
22082,0.015964984861269547
22083,0.06089890051876903
22084,0.5677345766365729
22085,0.05759752665511659
22086,0.5419254499614701
22087,0.1284080593130383
22088,0.5792254217202777
22089,0.020740512159730277
22090,0.36251027419016574
22091,0.009852961700996917
22092,0.7186735328087123
22093,0.8213964901177867
22094,0.506186972823908
22095,0.5794763948836336
22096,0.521951813407101
22097,0.0131705509750463
22098,0.8942736603389185
22099,0.5010131062607588
22100,0.7556612443128592
22101,0.012451091658392237
22102,0.34326365002938053
22103,0.740022989453338
22104,0.3263502018199219
22105,0.026230324357689388
22106,0.016476506136663165
22107,0.014332593647191269
22108,0.0176378025509138
22109,0.04258659608695789
22110,0.6589674415508935
22111,0.006227086061874925
22112,0.08822868656249046
22113,0.5938110550642615
22114,0.8761165736713515
22115,0.0060316902511100305
22116,0.6820876576982182
22117,0.6784403948987814
22118,0.8016849379584795
22119,0.033458861545519664
22120,0.01834038336812379
22121,0.10659409643646144
22122,0.7017372262211313
22123,0.6752994812482341
22124,0.0224953147395
22125,0.428621736550468
22126,0.465240943820565
22127,0.5765081120369253
22128,0.3311982781607343
22129,0.34624229993381617
22130,0.7755386492004535
22131,0.4677732164917521
22132,0.035680124547576304
22133,0.6250237625471914
22134,0.7821661688995813
22135,0.005804760073391363
22136,0.041284345263807073
22137,0.4809462013376173
22138,0.010609337401005989
22139,0.5979468253891999
22140,0.9081202281550615
22141,0.01668373278472564
22142,0.3358956513556001
22143,0.04082835376983626
22144,0.03202297266966127
22145,0.013934046125082046
22146,0.7283012478883835
22147,0.12249092822526163
22148,0.014311494644351231
22149,0.7689767213916349
22150,0.6930735705652927
22151,0.12892832360741957
22152,0.7499404934720917
22153,0.38877552762366907
22154,0.5213078072359654
22155,0.012409695126152868
22156,0.30242175906590957
22157,0.7989374947348059
22158,0.20304051544196758
22159,0.35988481994650195
22160,0.5182680762428253
22161,0.2686391836216991
22162,0.8837411060901106
22163,0.011832114263117893
22164,0.013959956082239398
22165,0.7594986564665254
22166,0.5255161596743042
22167,0.8330131065484271
22168,0.009437232874518118
22169,0.007196928296948417
22170,0.019349510477087502
22171,0.569439430655225
22172,0.6534188611212749
22173,0.07166674095915082
22174,0.4852626849969647
22175,0.7628220019255502
22176,0.5586240600176748
22177,0.025347966092424363
22178,0.03015034934112356
22179,0.3807475875942985
22180,0.5855865747791033
22181,0.2697277367925838
22182,0.04882628825363108
22183,0.009685974919956734
22184,0.02480484802376075
22185,0.00569665833992486
22186,0.8292971805674525
22187,0.014227825794788606
22188,0.3616975180652459
22189,0.017593245624627517
22190,0.23755405829589432
22191,0.03369413563927609
22192,0.5228384146555233
22193,0.8383700545803776
22194,0.008847435604227911
22195,0.6180931978642361
22196,0.47079665664302683
22197,0.012937305956509168
22198,0.8978470855163966
22199,0.02556711941195383
22200,0.09831721838959163
22201,0.7286181060823144
22202,0.6019381113697891
22203,0.057486379019530603
22204,0.24576054965028674
22205,0.55459086948047
22206,0.20510102895381874
22207,0.7358286941202143
22208,0.5600057631095647
22209,0.3024989171134683
22210,0.0083981926013597
22211,0.023815753222939044
22212,0.8814326436676301
22213,0.6807415386003153
22214,0.7867577699799793
22215,0.45209805603995673
22216,0.21232248353628058
22217,0.5863733952057393
22218,0.6797082003170276
22219,0.7595713225114967
22220,0.011663231850948174
22221,0.0061095011844018565
22222,0.7911503672295261
22223,0.6855824476311022
22224,0.03155533218778953
22225,0.03019940945392177
22226,0.8426408859805916
22227,0.2105426545147076
22228,0.40055198260936
22229,0.1461187700936204
22230,0.18364607145555534
22231,0.45390819629428064
22232,0.34378475631867483
22233,0.010682836750459272
22234,0.017157256045514546
22235,0.677638189355064
22236,0.21381601402718203
22237,0.06300596415592045
22238,0.5738804565476496
22239,0.5849205146595897
22240,0.9468908354232832
22241,0.513178439939387
22242,0.018571731909539098
22243,0.8390914116734184
22244,0.8791819093510149
22245,0.885339920703321
22246,0.38083915005179614
22247,0.015678156492834626
22248,0.0379301226088691
22249,0.047281948063842824
22250,0.7462949898871523
22251,0.5634997714550263
22252,0.5674704525064975
22253,0.5211844776066079
22254,0.021495698160385178
22255,0.26890078581590127
22256,0.01625047999777555
22257,0.35153425078482686
22258,0.07888518132193437
22259,0.5813900839687911
22260,0.7902219945186082
22261,0.5577493424697674
22262,0.01048775951702144
22263,0.023963326029081092
22264,0.4511342810642366
22265,0.7431368117255504
22266,0.008745183833338416
22267,0.4625353201715493
22268,0.007934796517555723
22269,0.2665149837608839
22270,0.6799564423385744
22271,0.044134359625253736
22272,0.6135124754745425
22273,0.008400493408882305
22274,0.004418411007157197
22275,0.47466981903034183
22276,0.6601094233473065
22277,0.009582434883387801
22278,0.8773620306880278
22279,0.03747694336715852
22280,0.49158103369207995
22281,0.010133327142065735
22282,0.260073555529315
22283,0.7700696830487442
22284,0.4295212869028908
22285,0.32254790893826946
22286,0.5502063432088143
22287,0.5031417981316333
22288,0.02577259977085243
22289,0.010792054552320176
22290,0.3756989132770367
22291,0.7796808423124221
22292,0.004554019873574929
22293,0.1619949285633738
22294,0.6025295367800118
22295,0.1712170884749407
22296,0.46668522172090465
22297,0.44967929648043947
22298,0.5462263099049945
22299,0.030049130592411467
22300,0.6362732717848818
22301,0.034059266208712025
22302,0.8391649576994833
22303,0.005692343585249913
22304,0.778447131745002
22305,0.1392436910093102
22306,0.17614408312820415
22307,0.030736249474905553
22308,0.6828255992301462
22309,0.07495902821311344
22310,0.05303340274941352
22311,0.013318415932207835
22312,0.5675220536914178
22313,0.3597495432733071
22314,0.6919986637814795
22315,0.4482409046030711
22316,0.015942433651920343
22317,0.5657530783087955
22318,0.7810987441454652
22319,0.5522243629003228
22320,0.8885307507252453
22321,0.7359623996155825
22322,0.8072179490286391
22323,0.8168710798691902
22324,0.5586552162833733
22325,0.14753255834400109
22326,0.2607937338796666
22327,0.1230849094681198
22328,0.014019340626230494
22329,0.0333218107677951
22330,0.20043844531263252
22331,0.7844543264198234
22332,0.8514925881877544
22333,0.010499739593798463
22334,0.0319068999060341
22335,0.010780269192274518
22336,0.7911021758038782
22337,0.02120569988862495
22338,0.006515877235230006
22339,0.010337520997443426
22340,0.7643200712026593
22341,0.02066008857135228
22342,0.8549917086758512
22343,0.7224936105526549
22344,0.013031400504439449
22345,0.01848613056965551
22346,0.5108367622950971
22347,0.5733797435811298
22348,0.04647284422003431
22349,0.4027046848862297
22350,0.74424896280977
22351,0.008668254175663703
22352,0.2438596592231339
22353,0.10279335233149313
22354,0.3461550559174266
22355,0.07244193715978563
22356,0.6890762956051424
22357,0.44208515106158436
22358,0.047700601425982675
22359,0.790777748821497
22360,0.498497489418232
22361,0.5482345817742669
22362,0.26294253340776264
22363,0.6079834446819605
22364,0.718945632391857
22365,0.01477112655670204
22366,0.7202126488210598
22367,0.66044966258283
22368,0.018697284005524492
22369,0.3805698748914013
22370,0.3332709187697624
22371,0.5110621445376881
22372,0.5839059874069307
22373,0.596630481363064
22374,0.7726248003575468
22375,0.7917448873889692
22376,0.450307542405243
22377,0.34152623248933245
22378,0.7544367643040999
22379,0.039401027545411325
22380,0.28097926529068545
22381,0.21167986328328275
22382,0.03381942782096003
22383,0.06092353953601545
22384,0.8548956903629521
22385,0.004739263375909218
22386,0.008750167970421182
22387,0.030685184556786357
22388,0.6237526439069282
22389,0.7371327801652718
22390,0.14336790926144632
22391,0.6853570119130644
22392,0.37063932364590174
22393,0.042980319590687856
22394,0.02622379131535159
22395,0.6179088030471469
22396,0.17866487374127943
22397,0.5492436883999854
22398,0.8320325219883952
22399,0.5165506337872637
22400,0.3933191791646194
22401,0.013588719265898653
22402,0.7987982695261692
22403,0.26176935378453536
22404,0.06859591276312335
22405,0.5241747240153959
22406,0.7571342562517118
22407,0.7534164604985782
22408,0.8596703131703161
22409,0.056107762281768156
22410,0.84646732045755
22411,0.8874660006363995
22412,0.25389591939557915
22413,0.4970981342271353
22414,0.8453572676491095
22415,0.4317227460218672
22416,0.05744575904469573
22417,0.35018693893890074
22418,0.8596722723697274
22419,0.92442305795962
22420,0.11472293284372653
22421,0.015027343317674186
22422,0.007142753467847595
22423,0.5651275538846665
22424,0.8449540720281126
22425,0.7044173314155612
22426,0.6324597223036638
22427,0.7960197465153598
22428,0.6990015003037844
22429,0.010881363586015241
22430,0.8691707997902257
22431,0.12179088477786842
22432,0.6406571223510473
22433,0.0397214682346961
22434,0.7193014349235338
22435,0.0056249126089002646
22436,0.09662094050811493
22437,0.6303577965707378
22438,0.08025294599699004
22439,0.008035918033655935
22440,0.564451037412536
22441,0.44052326276984305
22442,0.018404880478661706
22443,0.2695651825579786
22444,0.8551961255526717
22445,0.7929337788109726
22446,0.7640478711604959
22447,0.10347095826986372
22448,0.718485360440311
22449,0.69194065565949
22450,0.015525769389291455
22451,0.3794485627340278
22452,0.052573734729486114
22453,0.36407899440026337
22454,0.14731979888532953
22455,0.46822851391439774
22456,0.01377659043632642
22457,0.057706988808526725
22458,0.5583983725944065
22459,0.5693362107268118
22460,0.6244590230232415
22461,0.5626679326603539
22462,0.5678365845347116
22463,0.7729200378294913
22464,0.10831829804470891
22465,0.020552402377536992
22466,0.5794310649330798
22467,0.045522506236160463
22468,0.4866886203602955
22469,0.009014211033495185
22470,0.6803182734529032
22471,0.03329742737790193
22472,0.7009654079579605
22473,0.6945513248527314
22474,0.68043943534709
22475,0.030412527947678573
22476,0.05468004266640309
22477,0.680019845350903
22478,0.7802654047112304
22479,0.01329781543877247
22480,0.03226451504078137
22481,0.5326084862422629
22482,0.44445582859060334
22483,0.4883842542299417
22484,0.8842478968672352
22485,0.026930692815307043
22486,0.006723007338389137
22487,0.3132729661512752
22488,0.5702118849627094
22489,0.1336848423742442
22490,0.8727745022622411
22491,0.010909763610766664
22492,0.21962985319278944
22493,0.635499260549666
22494,0.01981263424708428
22495,0.04908833709850097
22496,0.00647705418845153
22497,0.03130858844457647
22498,0.44312505190524254
22499,0.5444057805437076
22500,0.09778666623111246
22501,0.6415557257762468
22502,0.7914713136572104
22503,0.02172960575234096
22504,0.12063844091309378
22505,0.20383059486226618
22506,0.36636444260002804
22507,0.6230323474437575
22508,0.021199048159994124
22509,0.12881292224987687
22510,0.24238702676401103
22511,0.018220503452493084
22512,0.006748651030407664
22513,0.03661932790314637
22514,0.5610586005993712
22515,0.007580293707126097
22516,0.5798619987468083
22517,0.7431387076508369
22518,0.4503911909534961
22519,0.2604324946688573
22520,0.6320059916355271
22521,0.04444281796596599
22522,0.011188440177144803
22523,0.7939490384474996
22524,0.041654809313992396
22525,0.19181685878015836
22526,0.7840823479338523
22527,0.011655276525294406
22528,0.8460420189571112
22529,0.6756331695818016
22530,0.34703955711130396
22531,0.18687622371122664
22532,0.483206588733315
22533,0.8393162024570775
22534,0.6290504933643661
22535,0.3577347536135359
22536,0.6699278359970431
22537,0.7055540473748902
22538,0.31596086630803427
22539,0.02878223146770264
22540,0.3170400632669217
22541,0.7053953077824328
22542,0.8141325800949443
22543,0.19810062316158225
22544,0.32693627710402595
22545,0.2537159475948042
22546,0.4747571636293324
22547,0.014076959569827546
22548,0.373194222020553
22549,0.3428635983956685
22550,0.05316298323234683
22551,0.024824226030506564
22552,0.01422298108954333
22553,0.6440974215093032
22554,0.009544183084628127
22555,0.8813976488176507
22556,0.011836690130959459
22557,0.7230625338599961
22558,0.670103341794263
22559,0.03631910630864023
22560,0.820142266765328
22561,0.4077957024119563
22562,0.00879461093064356
22563,0.01608313239261592
22564,0.7365312831804985
22565,0.3039665811051751
22566,0.31982889261464953
22567,0.5781500695577576
22568,0.014328866594567264
22569,0.03975381133602586
22570,0.6649335140806822
22571,0.584247858583391
22572,0.7051463009455206
22573,0.01410397818583978
22574,0.018316958550427833
22575,0.07925570708447066
22576,0.4612499935445027
22577,0.7853342917037832
22578,0.9039369978211169
22579,0.5379458706619911
22580,0.23690892092921229
22581,0.011145092627836478
22582,0.22705120748604973
22583,0.2021615681250793
22584,0.5950184949592292
22585,0.02528243617653476
22586,0.22614248274170637
22587,0.6582210691297758
22588,0.5123227815348772
22589,0.7756630150755138
22590,0.8576660139938037
22591,0.50446022740553
22592,0.3823000703252545
22593,0.06624503223905433
22594,0.8751606318860109
22595,0.1751510423736333
22596,0.5263653485260859
22597,0.03418872014450785
22598,0.2606708954374918
22599,0.23994551451380416
22600,0.015526042660881067
22601,0.01528611411992441
22602,0.0072722540858033155
22603,0.032905724296971486
22604,0.014216999017708587
22605,0.013123479876952617
22606,0.013836617687679348
22607,0.020773913767170176
22608,0.7306611711393848
22609,0.38998775952948295
22610,0.4244760663503426
22611,0.020105620668957824
22612,0.04520521832855082
22613,0.02872947926594036
22614,0.03465287411456456
22615,0.044114044941723676
22616,0.030914325973913376
22617,0.013147454760565329
22618,0.32188976844293044
22619,0.03037377799332472
22620,0.6151264487507415
22621,0.47244160786965567
22622,0.5970058241334433
22623,0.6428133570448997
22624,0.5844039232133112
22625,0.8207758066061762
22626,0.020182638401837392
22627,0.036448424153350305
22628,0.012053712549440888
22629,0.44458905926074016
22630,0.008028823277808139
22631,0.3922264253279958
22632,0.7960204806140769
22633,0.028222310045978766
22634,0.4996438316475003
22635,0.00513739389370013
22636,0.5868784212116777
22637,0.009470544788501945
22638,0.29943830786728665
22639,0.13859480526566947
22640,0.014969897098542156
22641,0.7366183327881648
22642,0.8311108814766595
22643,0.23068332155443214
22644,0.009233419184776583
22645,0.44294626570285706
22646,0.4968061902387023
22647,0.5986736971846187
22648,0.010422838025311746
22649,0.00940314800011405
22650,0.6010412177379093
22651,0.5399584929938215
22652,0.7669838776937499
22653,0.47951961511981644
22654,0.5418673267037107
22655,0.06165747320728167
22656,0.022805716512769043
22657,0.69105099796969
22658,0.6860459886261961
22659,0.009276514901123661
22660,0.005005350247416702
22661,0.022796835065135114
22662,0.026856228848223078
22663,0.6273934789962475
22664,0.6746092161957983
22665,0.7374018243484961
22666,0.006794393732321207
22667,0.3844264891469604
22668,0.8360049749277892
22669,0.03755774195579436
22670,0.022751228922383293
22671,0.5841987995817407
22672,0.4632603250334408
22673,0.38050141556441053
22674,0.021008535151538346
22675,0.09691551347465228
22676,0.4198920683459233
22677,0.5093951947528139
22678,0.17526645673483185
22679,0.2537983555238261
22680,0.27098893697688714
22681,0.31114342156042973
22682,0.008774698168457905
22683,0.008905363694362853
22684,0.3778156713807529
22685,0.25054145944424133
22686,0.7545988871661743
22687,0.49364403451984507
22688,0.8457358592884436
22689,0.110511386670206
22690,0.7696431232716642
22691,0.6601133038182281
22692,0.6853839256970575
22693,0.29880293654800866
22694,0.19757975954085838
22695,0.018826536873653665
22696,0.007066364791447276
22697,0.020753571627584837
22698,0.2082070725240337
22699,0.597830758833178
22700,0.7254433009759997
22701,0.5609047862881753
22702,0.1776531026314357
22703,0.22558567737929613
22704,0.5101179148881577
22705,0.5076118243989153
22706,0.7316604575570697
22707,0.7930673914868451
22708,0.031709263884743266
22709,0.03642223717217747
22710,0.3489092019931019
22711,0.016891794899501062
22712,0.0477852774018336
22713,0.37084399362022336
22714,0.6383840887485701
22715,0.011523298394513834
22716,0.44377381143829236
22717,0.009636295514271035
22718,0.2710061155128508
22719,0.0343911275515356
22720,0.11287844406156675
22721,0.010865412141579826
22722,0.6682409298993204
22723,0.5760865223167034
22724,0.04925400612866771
22725,0.8925230195443132
22726,0.02259201211964355
22727,0.008938346334078704
22728,0.029564645297787972
22729,0.4518776323793143
22730,0.3829710168171555
22731,0.02221247570033526
22732,0.6382089476196127
22733,0.6276803025908616
22734,0.1812980944355702
22735,0.37407564139723704
22736,0.7912045924039771
22737,0.38037628444967436
22738,0.6836704346098306
22739,0.7188161183795689
22740,0.5418290259881704
22741,0.5873586545818856
22742,0.759392169829337
22743,0.2626165249792608
22744,0.005715700003484105
22745,0.48012981087857154
22746,0.6234109964507348
22747,0.6272786972369264
22748,0.7081951264889332
22749,0.46760379462177243
22750,0.5582597388350493
22751,0.03432342079598119
22752,0.760688652308017
22753,0.7817324541895412
22754,0.21476252447326027
22755,0.06707324863021895
22756,0.7240244129713005
22757,0.7356799045793978
22758,0.007520354309809743
22759,0.7876129277755335
22760,0.6895705702792134
22761,0.015014010602817086
22762,0.4789618660877191
22763,0.007154453963908737
22764,0.04276341433627722
22765,0.014336076049060589
22766,0.018855185743564724
22767,0.010207853621508028
22768,0.2832203701687892
22769,0.010161989408083471
22770,0.02786963303124061
22771,0.2307475013928292
22772,0.562164417888273
22773,0.876557094872623
22774,0.025099444828038123
22775,0.023272098623053326
22776,0.30597111078334704
22777,0.37894804175792235
22778,0.2582573156802501
22779,0.028258308305542063
22780,0.7607603879704565
22781,0.7217421524552501
22782,0.028626430095917574
22783,0.24190075210264433
22784,0.018748014430274115
22785,0.3977507358407987
22786,0.4899019991013369
22787,0.7353320542354315
22788,0.005487776723297297
22789,0.07879286787878212
22790,0.5797506702088666
22791,0.858819154194449
22792,0.12596280606145277
22793,0.7473388061398175
22794,0.17475965265077315
22795,0.566605892751901
22796,0.5229215345657722
22797,0.017166657255574223
22798,0.7119459509704175
22799,0.2992228194296789
22800,0.7786792424818301
22801,0.022772401036849684
22802,0.3250497810977038
22803,0.07216699371789674
22804,0.6272891345958564
22805,0.02097232082319038
22806,0.02124766645800447
22807,0.19489947346973677
22808,0.6529228491101104
22809,0.8340233265559235
22810,0.007977771646713134
22811,0.03194162446345387
22812,0.0206951879312067
22813,0.01712231030880089
22814,0.3366784684787349
22815,0.7515012535861022
22816,0.2151818666532747
22817,0.45907988158398055
22818,0.2775568021465771
22819,0.00896502009414182
22820,0.27852838885186076
22821,0.01647235903370818
22822,0.015920088579890877
22823,0.8221596925745418
22824,0.7771566708983079
22825,0.08049035323646125
22826,0.8023097749458694
22827,0.6506290214665666
22828,0.7087959639128822
22829,0.014834074014664743
22830,0.8387967061517954
22831,0.6034187506104653
22832,0.4838406310055924
22833,0.013381247379936985
22834,0.5328675448726731
22835,0.6778673693848672
22836,0.633310512936944
22837,0.7441930416567029
22838,0.757677916518973
22839,0.20452440171499486
22840,0.016344489666186783
22841,0.01646537746290259
22842,0.013914796603470385
22843,0.36057832304757936
22844,0.5951831599752712
22845,0.5015706989856517
22846,0.7314395024485161
22847,0.551880900601053
22848,0.7917408129521629
22849,0.1985649121783415
22850,0.08909392402658797
22851,0.15524106363123566
22852,0.0073570989129649505
22853,0.5667184543241008
22854,0.18134023188628215
22855,0.6928445291429615
22856,0.5853101445999862
22857,0.007659445402683993
22858,0.49211633185454445
22859,0.007029456272733875
22860,0.6792691995301049
22861,0.693168939832716
22862,0.7022274570301856
22863,0.6220876240938835
22864,0.5197378608983504
22865,0.8705470456287556
22866,0.8657062491228971
22867,0.8791662216854244
22868,0.01988713430192795
22869,0.010292292758263261
22870,0.021469739374637253
22871,0.8156623910690014
22872,0.45681689020388777
22873,0.7771632206857764
22874,0.03671761139847474
22875,0.5701479243631198
22876,0.4887476730375838
22877,0.6324504152890056
22878,0.544364046656506
22879,0.7121730926417976
22880,0.5165732752606267
22881,0.07406664292205564
22882,0.5868119565313
22883,0.15719385873011638
22884,0.022061154337756364
22885,0.13031904025568133
22886,0.7825493677337592
22887,0.47333729333049207
22888,0.40325495279892926
22889,0.8376416968765664
22890,0.7020512540893079
22891,0.6429931262471991
22892,0.04526445460977639
22893,0.5590218433538822
22894,0.25258331386122
22895,0.07722622536247899
22896,0.8318662233019205
22897,0.22411600845900514
22898,0.30987944397370065
22899,0.013943972396744475
22900,0.5794333168977385
22901,0.5150002505131941
22902,0.022692524690442317
22903,0.9098671580117872
22904,0.7858170147370824
22905,0.5354984079259837
22906,0.8982159473742257
22907,0.3412261117607638
22908,0.712269032481541
22909,0.010505032263066868
22910,0.008526362618862032
22911,0.013946191044420011
22912,0.6152429561627561
22913,0.0916039060424669
22914,0.11026692386871054
22915,0.701126401493417
22916,0.04185810601743918
22917,0.1430020711797225
22918,0.011211434646935482
22919,0.4750177790896445
22920,0.009949896703095177
22921,0.932253232673245
22922,0.06719313151629415
22923,0.5163136601803308
22924,0.014160889231823808
22925,0.5978948483435746
22926,0.18003306113420464
22927,0.10690342137993801
22928,0.6133026565278907
22929,0.014970319244748648
22930,0.7972855896289975
22931,0.9103097223471017
22932,0.06555459433594918
22933,0.25900362993023224
22934,0.03061299976567294
22935,0.127080758868862
22936,0.024233457488893866
22937,0.8620651801435788
22938,0.4511616100356514
22939,0.018083469402297304
22940,0.07193515762287622
22941,0.48367069886968983
22942,0.8575433495679652
22943,0.009493512111181955
22944,0.006180675900033171
22945,0.07942265910606924
22946,0.6228509339336316
22947,0.6917674518243229
22948,0.0435918553179124
22949,0.019802210200123984
22950,0.1018132035040335
22951,0.8043158364975755
22952,0.01687256944138312
22953,0.7723654625928212
22954,0.012897188340256535
22955,0.7376931629855794
22956,0.8293535477963214
22957,0.8213712256699213
22958,0.6903023191446812
22959,0.7985280915164413
22960,0.9025777308895877
22961,0.6807907614082707
22962,0.22717047097339563
22963,0.05633260572183271
22964,0.5569032890521086
22965,0.5500433806175175
22966,0.2861574858862025
22967,0.01401865212810872
22968,0.11572416034940962
22969,0.47702429601372076
22970,0.8146026932024397
22971,0.20896844452633348
22972,0.4736065156921633
22973,0.8645789573675338
22974,0.6940654467903741
22975,0.032832859772698154
22976,0.6293924055198991
22977,0.4920542480657302
22978,0.038074360264805374
22979,0.7501450946203181
22980,0.029126785048660328
22981,0.7472943068399497
22982,0.011629798251475698
22983,0.5321830181365934
22984,0.008422849627052118
22985,0.6053351336595026
22986,0.6721546193312453
22987,0.008669841132999711
22988,0.02990725999384083
22989,0.007871857957004798
22990,0.10749814499989735
22991,0.008391403151176776
22992,0.03432670871138117
22993,0.7246655303643741
22994,0.03358604933100717
22995,0.5495588378639712
22996,0.014440590099874709
22997,0.769112745212192
22998,0.012625503855428162
22999,0.10244364752515091
23000,0.5388182645848233
23001,0.7294267074682356
23002,0.05408782459702857
23003,0.32379813350668907
23004,0.7673264220688557
23005,0.055461587257925465
23006,0.7455439659890679
23007,0.016443165094935066
23008,0.8477577586327695
23009,0.6399110886128292
23010,0.6857016873304359
23011,0.8056354517422978
23012,0.012301289896474917
23013,0.8082612487253458
23014,0.011591601062346444
23015,0.632667854792639
23016,0.7007456770917269
23017,0.7652751649252635
23018,0.8121576434561788
23019,0.012994726274217572
23020,0.035337620647784194
23021,0.6248878037024572
23022,0.7441529896681958
23023,0.7566964953794313
23024,0.635381108370375
23025,0.8111639809088733
23026,0.4637363648199659
23027,0.0167199778399367
23028,0.02659144932222405
23029,0.015016196877672503
23030,0.5088694307139497
23031,0.024823240198887823
23032,0.1552939695020127
23033,0.03164228737689108
23034,0.026762862293533838
23035,0.05961124027226581
23036,0.8385390852250959
23037,0.6513694509442479
23038,0.07502775401655307
23039,0.4213587407630657
23040,0.008533051901704267
23041,0.4343358191405956
23042,0.6210123956454614
23043,0.042140244799538304
23044,0.5137797116810556
23045,0.16331308602005618
23046,0.5091513444763069
23047,0.009628947724110486
23048,0.6529143549492776
23049,0.00869733529731192
23050,0.0364419262313139
23051,0.024853908006050807
23052,0.3710176118843638
23053,0.017808844630141735
23054,0.02278373032547941
23055,0.012109201414989548
23056,0.8118706471721642
23057,0.005797053805312274
23058,0.31593632007367767
23059,0.014653788238164014
23060,0.803513657636833
23061,0.4075473181375931
23062,0.6375603725241967
23063,0.10937276239200727
23064,0.027408188990532677
23065,0.4723172147109874
23066,0.00937380330004721
23067,0.7956788988066256
23068,0.08052351040026462
23069,0.6070478602822481
23070,0.47270615602555177
23071,0.013648571108546614
23072,0.011604001431265285
23073,0.011716089926320861
23074,0.7644517816527056
23075,0.025974340578051574
23076,0.008827471374386508
23077,0.8056524946597525
23078,0.05678943439742662
23079,0.48666316139968074
23080,0.723874588607825
23081,0.4891946113036506
23082,0.04288008104007027
23083,0.6509865991083037
23084,0.060706714857209305
23085,0.39367189192237817
23086,0.5407781287408023
23087,0.4035769722807129
23088,0.49028416636926053
23089,0.588329235009776
23090,0.4158636733093332
23091,0.008276303432423499
23092,0.8036239210721057
23093,0.2938358632377206
23094,0.01791879731895476
23095,0.014691967738833286
23096,0.6445498541464673
23097,0.009084234221914584
23098,0.014401632064449547
23099,0.2615297090546771
23100,0.41384776316028044
23101,0.2657426670155371
23102,0.0820408302778436
23103,0.17728853253756072
23104,0.011559861214876375
23105,0.6971014165356788
23106,0.011384551106915778
23107,0.025699641774895202
23108,0.007180300830834483
23109,0.013700822689243034
23110,0.061281338691020745
23111,0.5217446203144146
23112,0.6535201951438375
23113,0.014954133685077873
23114,0.8438924429468116
23115,0.012232673088936299
23116,0.011417750497948468
23117,0.6390929228963608
23118,0.021363866389833012
23119,0.029678494668244147
23120,0.038523408236522755
23121,0.06584265538302782
23122,0.014487261628704501
23123,0.01029238064326677
23124,0.4501987913563393
23125,0.009919217197273747
23126,0.01588607267151966
23127,0.7709003483704007
23128,0.6299527158157985
23129,0.6127769925349467
23130,0.7342649443696203
23131,0.6864816202420151
23132,0.8021797481356637
23133,0.007569415520025119
23134,0.2357720311616019
23135,0.02899624786590562
23136,0.18220022537219682
23137,0.7577058087102101
23138,0.6480626031239795
23139,0.6653061519555958
23140,0.5624970571186734
23141,0.08768315121398447
23142,0.008996694926133269
23143,0.009236892123669814
23144,0.7470033488018092
23145,0.6048661801147985
23146,0.039148353296641014
23147,0.03276300955178818
23148,0.5904417989278758
23149,0.6693637806988291
23150,0.014239786621648421
23151,0.5013690000423268
23152,0.010509299918113826
23153,0.4911357422634662
23154,0.42990642638809884
23155,0.014071611344963967
23156,0.6818429355993195
23157,0.006089767580713272
23158,0.5820180064284725
23159,0.8063113554926096
23160,0.4737692493071375
23161,0.007871814022217706
23162,0.7270595142787032
23163,0.338025077802426
23164,0.6095247525127289
23165,0.383954063188142
23166,0.5530183640106644
23167,0.01982709741694806
23168,0.5759301946862053
23169,0.3294810899042696
23170,0.49944977484785413
23171,0.039805320530765215
23172,0.8344625560258727
23173,0.033010854119378014
23174,0.045744899713808455
23175,0.05585268443633263
23176,0.5575284077543585
23177,0.019814245072067065
23178,0.019642125211771094
23179,0.8222059836192238
23180,0.22024420270768988
23181,0.6655921844487102
23182,0.30188056851169903
23183,0.28376743753889866
23184,0.009854797398448311
23185,0.521041345806013
23186,0.7867789387581172
23187,0.013361047399117027
23188,0.70546184180166
23189,0.49701023079221557
23190,0.9155668381142835
23191,0.25665338190581594
23192,0.018205295911829247
23193,0.7374417276927743
23194,0.7306165590952115
23195,0.5867547458271387
23196,0.18378337532058206
23197,0.4019799838385151
23198,0.6058217767559727
23199,0.026314669306324073
23200,0.4958610144056716
23201,0.3789956039366913
23202,0.4122799415532765
23203,0.5219988963756617
23204,0.014873900220275772
23205,0.010615375474735012
23206,0.7732974401047479
23207,0.8463595169810502
23208,0.01733973239299492
23209,0.3345261709140653
23210,0.01867936920504952
23211,0.6901256612109511
23212,0.8585523132581319
23213,0.012544832433377399
23214,0.49124128206069867
23215,0.30592503738174137
23216,0.5615590593632223
23217,0.4478160790091343
23218,0.5283109093750696
23219,0.4589534363224589
23220,0.35695691546505937
23221,0.008931058326448249
23222,0.008728552175397135
23223,0.009688162325716721
23224,0.46789187335346216
23225,0.5169397941719726
23226,0.04488982225213263
23227,0.012760673729172152
23228,0.2749996026513747
23229,0.008030232873114393
23230,0.6934798241924914
23231,0.6482137226495993
23232,0.3444657160812448
23233,0.558736892493308
23234,0.006127784671734775
23235,0.5711939426297732
23236,0.02955310838165109
23237,0.498618711439876
23238,0.6055411309620542
23239,0.6981731080602603
23240,0.015532457933364888
23241,0.024273441414213143
23242,0.49981012267650254
23243,0.6046368115180001
23244,0.05555292633608587
23245,0.41069258485554416
23246,0.5475343188104844
23247,0.586330301119085
23248,0.09596173727382995
23249,0.012755305440084167
23250,0.026652895900332357
23251,0.010970330189971927
23252,0.8047397535281409
23253,0.16022479521372235
23254,0.586972238819225
23255,0.06411878824717487
23256,0.02880180832798305
23257,0.019364437686343543
23258,0.7945089641988664
23259,0.009408475705877738
23260,0.2584566968051945
23261,0.33492641635959697
23262,0.0373928826172973
23263,0.16418669711669515
23264,0.7096358163293061
23265,0.012570485334420466
23266,0.5856061741440959
23267,0.030857795150926813
23268,0.770197572808431
23269,0.03113000040854341
23270,0.010812254924867959
23271,0.057232687112530836
23272,0.04258944237890671
23273,0.028820243639803445
23274,0.017704328355294074
23275,0.01715709478321316
23276,0.6782548023264632
23277,0.6714513418624426
23278,0.029458205067915494
23279,0.7547856971017148
23280,0.3207929890257868
23281,0.023008589743440024
23282,0.2630814210692858
23283,0.02289539864051507
23284,0.11259081788827548
23285,0.12131912514940643
23286,0.672659326179445
23287,0.6462158079323514
23288,0.8762150996387583
23289,0.01660603657679345
23290,0.7617150497906716
23291,0.015234431249456008
23292,0.5199603874748772
23293,0.03437274025163498
23294,0.1301486460096591
23295,0.45080566394209126
23296,0.29486028599704783
23297,0.6449440198855052
23298,0.27023151884514696
23299,0.8627705232240304
23300,0.3449283349534744
23301,0.34179379404206656
23302,0.47905796831705066
23303,0.011277796900566461
23304,0.015742574166983044
23305,0.01669521342976283
23306,0.030671389665061614
23307,0.5638027754775814
23308,0.23411010121012843
23309,0.5966015761203805
23310,0.7138411138485884
23311,0.006338753354726085
23312,0.006587838524587541
23313,0.363247107020504
23314,0.8086036992237853
23315,0.6594361069497809
23316,0.7142563616125366
23317,0.28856464871521853
23318,0.008095805292749956
23319,0.41737375805236393
23320,0.0847735764522301
23321,0.04131962154390619
23322,0.8077901558385066
23323,0.7126076589441188
23324,0.7658747720785604
23325,0.417390433229428
23326,0.6439411870731384
23327,0.7823980184365309
23328,0.1637940511393186
23329,0.01226502253324023
23330,0.3677656352121218
23331,0.6284743216841375
23332,0.6751926804790517
23333,0.4556534890074982
23334,0.5421836165626639
23335,0.0466995782923617
23336,0.03903761366526354
23337,0.2650041781924344
23338,0.759515181842696
23339,0.49202901944830707
23340,0.010139068273781016
23341,0.6578197155180934
23342,0.8520479759893562
23343,0.012772906214059576
23344,0.010998594407520403
23345,0.567695735857242
23346,0.6923216927867049
23347,0.8144426835165941
23348,0.6448377169411796
23349,0.03245739874052035
23350,0.8294741464687536
23351,0.44791734384230597
23352,0.38760943486364813
23353,0.01599290452308927
23354,0.008370398529930304
23355,0.8315394390016285
23356,0.8537543405379104
23357,0.7490860372698838
23358,0.004738506747535757
23359,0.03371370864295966
23360,0.6835138206057636
23361,0.8708765456997148
23362,0.05129468906068485
23363,0.009270831133486057
23364,0.015249072839894566
23365,0.14840936246770609
23366,0.006017318816184299
23367,0.14772028441887536
23368,0.8103716494641342
23369,0.021349236464732958
23370,0.5950457629424251
23371,0.8365877731232829
23372,0.7240338135699902
23373,0.5028802901317555
23374,0.00898312930674813
23375,0.716432135726723
23376,0.5273856694786192
23377,0.6771321485512618
23378,0.02115684468986282
23379,0.6420992719842056
23380,0.010612895319154811
23381,0.07529729823128793
23382,0.5894338288422376
23383,0.7628603037545324
23384,0.5238065780767056
23385,0.8755608872895473
23386,0.013941647599398732
23387,0.009865997694521865
23388,0.6043499280196409
23389,0.5985132548297594
23390,0.37890829063199405
23391,0.6452515252257773
23392,0.014299446579812337
23393,0.12379168470574967
23394,0.09090729214959836
23395,0.026051142443190317
23396,0.3076541869585555
23397,0.01704371833079963
23398,0.07479908964259724
23399,0.02329150495981715
23400,0.0227019032740453
23401,0.8195191624808894
23402,0.560254233706873
23403,0.7522120327206274
23404,0.7783807980245062
23405,0.35518354373216504
23406,0.632640790484537
23407,0.47857562337862186
23408,0.5126310320569925
23409,0.13796189763827693
23410,0.011442588563904446
23411,0.5877122290722439
23412,0.012998796727183464
23413,0.05428929237121531
23414,0.20692085804215815
23415,0.8363587898532485
23416,0.050842451697400905
23417,0.039739237469523056
23418,0.492430903303114
23419,0.544343101075008
23420,0.5101248344750694
23421,0.012062590030966481
23422,0.006982370243444284
23423,0.01698334791972719
23424,0.01872786897153819
23425,0.43592410975070417
23426,0.6767743548358676
23427,0.8736962898511313
23428,0.5794089403243297
23429,0.029868650207007498
23430,0.6795958618397103
23431,0.5079036107759358
23432,0.7179815629007094
23433,0.7719625907956187
23434,0.47599326380966167
23435,0.05426365930428988
23436,0.46983383419102587
23437,0.007203435128505912
23438,0.804963646198851
23439,0.5515590259438092
23440,0.012855322762943556
23441,0.5131740430589442
23442,0.4259996074669495
23443,0.7421836811699711
23444,0.7276909625672183
23445,0.8333801501001197
23446,0.31631844154369465
23447,0.029032634931947684
23448,0.5724043149035474
23449,0.011734440552174534
23450,0.4099956654014787
23451,0.6086113339007824
23452,0.28602257194697944
23453,0.009525158102111485
23454,0.7851961966283916
23455,0.7290814662577481
23456,0.008620634508987434
23457,0.3262859015144257
23458,0.02577399935328375
23459,0.027764190309054686
23460,0.06492600985566845
23461,0.43744663664927175
23462,0.03646272367437494
23463,0.00953482898794673
23464,0.2980736731234124
23465,0.01982423217262933
23466,0.0209179153532192
23467,0.4743393194262922
23468,0.7218422420926535
23469,0.2682787942347042
23470,0.024705888545854423
23471,0.3210886325057785
23472,0.18804610255470786
23473,0.4645659557211934
23474,0.6446729179811661
23475,0.02309548760908408
23476,0.7297372243722331
23477,0.5478656009819847
23478,0.23620341483700355
23479,0.01817313563814062
23480,0.015738572158905048
23481,0.2796317486692278
23482,0.8381378211742819
23483,0.5135962841753211
23484,0.5341768641552443
23485,0.016023213493377656
23486,0.6003694355192654
23487,0.007928884287680918
23488,0.8598628189639528
23489,0.31191414940530166
23490,0.529941187965842
23491,0.009827166600384496
23492,0.7131098555097947
23493,0.7136745832945213
23494,0.05766857185759189
23495,0.014195223571619286
23496,0.007103122563883213
23497,0.7267780143467808
23498,0.019373148750857785
23499,0.03378372915229856
23500,0.02177239152327077
23501,0.5906447719541053
23502,0.30829777284516413
23503,0.006683156246771717
23504,0.014444211765930913
23505,0.5724603325485901
23506,0.005111383365593844
23507,0.20239005364125928
23508,0.7510574669559791
23509,0.4460938348607487
23510,0.5123604283956507
23511,0.4228480586712676
23512,0.06014223600958016
23513,0.12329055817006494
23514,0.04915132795399521
23515,0.4971425535079779
23516,0.009457078349618765
23517,0.46310065718473
23518,0.3680268736227304
23519,0.41439868594720625
23520,0.01225038317913555
23521,0.48944266613079945
23522,0.3942551020468575
23523,0.042067296530185996
23524,0.6148777240226462
23525,0.01819252911257593
23526,0.43517770021781566
23527,0.5768635053412561
23528,0.3747510875404628
23529,0.021517280508848102
23530,0.012689058004311858
23531,0.5884529046714098
23532,0.4925661890693143
23533,0.11567655213394501
23534,0.26955463291756054
23535,0.019697697621096053
23536,0.006440821719217804
23537,0.7541576389169998
23538,0.62524918265796
23539,0.6404631169800574
23540,0.01281838773648895
23541,0.7710721002260217
23542,0.3795880114728697
23543,0.1986153645637088
23544,0.015688938068506564
23545,0.029562489045816064
23546,0.4672783142396152
23547,0.21964554917534834
23548,0.019088793141949396
23549,0.6293099917124079
23550,0.7593051011091998
23551,0.25789479909696544
23552,0.026114464848184568
23553,0.7234350883082097
23554,0.5747713129508825
23555,0.013919555732154223
23556,0.01790171555136353
23557,0.23595699836892586
23558,0.284443899342135
23559,0.6668734575425972
23560,0.16954441901550954
23561,0.008158830564055312
23562,0.42804484452275093
23563,0.7106863923288647
23564,0.2614789285392722
23565,0.013183234683716953
23566,0.07132658936730818
23567,0.0069010348566001115
23568,0.40356075677231956
23569,0.363030392905827
23570,0.8980187000347999
23571,0.59251869934694
23572,0.5585481211396196
23573,0.645131833901385
23574,0.35799062713410446
23575,0.1560703504880976
23576,0.33591792744672466
23577,0.5408003236722551
23578,0.2554791240977543
23579,0.645334847428565
23580,0.01350261561237845
23581,0.7122297942206535
23582,0.029849483026637175
23583,0.019671294520340818
23584,0.3926217068663318
23585,0.007933172689628955
23586,0.7040322399689855
23587,0.5302825848554599
23588,0.7850339872979955
23589,0.43704039954737356
23590,0.6847467975397538
23591,0.010482611602746937
23592,0.8510418939436855
23593,0.19267831790378565
23594,0.45109956415869323
23595,0.25897520278934394
23596,0.024088310928236305
23597,0.47384039545963336
23598,0.44614900841099964
23599,0.5512691963278207
23600,0.17028720249004015
23601,0.5169669125725528
23602,0.1360240965740051
23603,0.6599183656357546
23604,0.227168755179033
23605,0.7441964066564708
23606,0.14157193866485054
23607,0.03479577662069432
23608,0.011518132295647555
23609,0.8357023983262574
23610,0.029220795371632666
23611,0.8807842910005703
23612,0.016452501379895346
23613,0.3489294710353825
23614,0.046151607094810594
23615,0.005940644726113441
23616,0.12020627027722908
23617,0.28116228350928985
23618,0.010000197695592005
23619,0.8555050822776796
23620,0.006119509275308273
23621,0.006596357307533998
23622,0.4204659854146235
23623,0.7574785693667836
23624,0.21278892583499456
23625,0.04034125100033633
23626,0.32588594731841247
23627,0.6624045981746784
23628,0.8210147918422294
23629,0.7916319149695851
23630,0.005415385067822135
23631,0.4283408073782995
23632,0.06251709384850235
23633,0.011145212601405021
23634,0.05742043869523995
23635,0.39017596105890634
23636,0.012008486172621765
23637,0.017807089221362756
23638,0.012520439794978218
23639,0.15971848242628742
23640,0.007901992682258396
23641,0.022925420538591004
23642,0.85530739837076
23643,0.228297344622932
23644,0.42612027005259856
23645,0.7989768860699851
23646,0.5193597274834982
23647,0.3373138301610585
23648,0.03252654839040284
23649,0.37475844896211424
23650,0.7344520298659463
23651,0.2648250268231664
23652,0.2706907493162351
23653,0.022570361090270077
23654,0.5721413802758523
23655,0.6856614602589757
23656,0.3612666455559563
23657,0.3653644697177441
23658,0.8175236608437372
23659,0.010252098054751298
23660,0.009938486821820443
23661,0.7054898495358208
23662,0.5966976081373698
23663,0.5213690440469362
23664,0.44729983864367767
23665,0.008057035269680084
23666,0.024333181791594383
23667,0.2648063222516045
23668,0.5256159621036016
23669,0.029697604423173485
23670,0.009824394773043425
23671,0.04540502799409073
23672,0.0165051429350377
23673,0.6839197853179992
23674,0.018057155760630914
23675,0.055511919941789147
23676,0.015997926254775387
23677,0.8039865049273649
23678,0.3753220353267398
23679,0.5720353700402456
23680,0.27785653504976704
23681,0.09843286600275326
23682,0.525248055715588
23683,0.4985262154821837
23684,0.43651493742356384
23685,0.018108660730005062
23686,0.0819334109488638
23687,0.499021414005251
23688,0.45446012644018047
23689,0.7502800309304823
23690,0.8615228762511759
23691,0.019236141929417763
23692,0.4461216046167586
23693,0.8656062211306685
23694,0.680970672663376
23695,0.5126112040333013
23696,0.4454116237907326
23697,0.8847787648322611
23698,0.010645375630129121
23699,0.046053322500577545
23700,0.014506592011032344
23701,0.6243138646369001
23702,0.7702366321451266
23703,0.8410634586968889
23704,0.8489626280958185
23705,0.17605494923777035
23706,0.5405154675280519
23707,0.024131304481206102
23708,0.26130885029106815
23709,0.009645596937980219
23710,0.010372553013397508
23711,0.3026203851532021
23712,0.04862021261299389
23713,0.47107431812403644
23714,0.392851331938152
23715,0.6567806556267096
23716,0.13347953671273627
23717,0.40067345592741843
23718,0.010281757441529246
23719,0.03697899290240608
23720,0.014979482182302965
23721,0.01806979633852674
23722,0.43082704736626676
23723,0.6727956311312694
23724,0.7604025693529177
23725,0.5102993590948725
23726,0.6139414853438196
23727,0.1890162275038301
23728,0.250797963468478
23729,0.045396026378462156
23730,0.7270407241373606
23731,0.02966784199778762
23732,0.39377619964362165
23733,0.5006432713279003
23734,0.010117395578340472
23735,0.4234494848658551
23736,0.06587650456298476
23737,0.04847604124212673
23738,0.23916905630986987
23739,0.7234693692594993
23740,0.011188364017314004
23741,0.03820032415131006
23742,0.008916819675195368
23743,0.8231924334860724
23744,0.008893647636539565
23745,0.02139931981553109
23746,0.007865144622663137
23747,0.07092204424609796
23748,0.6378188099848742
23749,0.330626940045266
23750,0.6286066552518874
23751,0.6619685430936039
23752,0.014541936903006206
23753,0.029573773170014125
23754,0.6016335607159622
23755,0.031480656332509
23756,0.2734489209638261
23757,0.6779032510568782
23758,0.08378370158902101
23759,0.38402074055920365
23760,0.8723568805088993
23761,0.4860615312386446
23762,0.033005718975028395
23763,0.014122756028036249
23764,0.724909126014694
23765,0.37981224105171674
23766,0.006255829251283923
23767,0.6188385450118513
23768,0.17403953903600963
23769,0.01629606129600832
23770,0.028408716227982786
23771,0.6984583600697275
23772,0.05312824940722159
23773,0.03767741753072293
23774,0.7140970680558315
23775,0.01466610630346585
23776,0.3215845415206263
23777,0.37088416061481866
23778,0.6860528715105101
23779,0.8604505091840992
23780,0.8273309105603599
23781,0.02352687684765791
23782,0.7347595966962122
23783,0.4494883382042318
23784,0.7565768609181754
23785,0.6856765106981713
23786,0.7899546638583013
23787,0.009045261256655788
23788,0.7149912982077858
23789,0.5396385537158556
23790,0.3672000130136195
23791,0.01759678611199399
23792,0.7523358959491416
23793,0.18720498489240842
23794,0.42042751199469247
23795,0.01774448046759204
23796,0.41762094183989246
23797,0.01330448391294443
23798,0.011325618129837157
23799,0.6143225346613611
23800,0.372945136513239
23801,0.5622818639888615
23802,0.012819226619154479
23803,0.8633383971487548
23804,0.3462794332254311
23805,0.8112971008522684
23806,0.36679886414678536
23807,0.8760101507830128
23808,0.009747584434321561
23809,0.012715075934573591
23810,0.8631887431563953
23811,0.6719907911980266
23812,0.42194833106761725
23813,0.012516992936871342
23814,0.045711589371111756
23815,0.40401593122407303
23816,0.00935067348805159
23817,0.07369345976676689
23818,0.27753620423413716
23819,0.6370291925134148
23820,0.8452780157887894
23821,0.47860669166949876
23822,0.022368994476231096
23823,0.6394146723446241
23824,0.28429109557973314
23825,0.8240767596246584
23826,0.2879247410863421
23827,0.08566798135547889
23828,0.014938397526559365
23829,0.053398072631647114
23830,0.014795792602104077
23831,0.7740070860512723
23832,0.00943583260573722
23833,0.48537602707692445
23834,0.0390745171749145
23835,0.006964713594392748
23836,0.277236401313641
23837,0.009229479416015554
23838,0.6273664053769616
23839,0.01450372460506286
23840,0.8008371706477015
23841,0.014280809754731123
23842,0.5732318080673898
23843,0.6086681113595783
23844,0.8492492240985194
23845,0.40327481420044853
23846,0.14669747870954702
23847,0.04861039468159613
23848,0.5255875613389464
23849,0.17810255512189055
23850,0.8298613870680653
23851,0.34236089710153234
23852,0.49603576624903895
23853,0.5661626948598952
23854,0.03451661732226998
23855,0.7203005412760901
23856,0.6981610083776426
23857,0.15170324780735472
23858,0.33317568481679105
23859,0.013306969319313884
23860,0.8114629442265803
23861,0.009941636580225115
23862,0.019361482228219158
23863,0.19702799920875452
23864,0.14280053912603194
23865,0.5734819465229143
23866,0.04266977481219844
23867,0.012914989055265648
23868,0.6918206307273613
23869,0.28457135646953857
23870,0.7468259944146401
23871,0.3537777433944986
23872,0.011588235084143134
23873,0.8488122777402688
23874,0.274760961744714
23875,0.5663467705901511
23876,0.017481856409107287
23877,0.06862314005302135
23878,0.04754464070690577
23879,0.7711917947501792
23880,0.589934510696254
23881,0.02075364521714083
23882,0.36021766442262937
23883,0.021752039715292583
23884,0.010646130900984955
23885,0.0272153891440582
23886,0.4120726110063354
23887,0.797302315248996
23888,0.0056621206384255395
23889,0.6584793349698812
23890,0.6583344332939998
23891,0.1666025730288008
23892,0.3559230688788354
23893,0.217154451341379
23894,0.5694621863983519
23895,0.0201324411076469
23896,0.3261287563651931
23897,0.016318251938893434
23898,0.6781531181774447
23899,0.733881714124102
23900,0.02276752961511798
23901,0.38860471810157193
23902,0.452981231324132
23903,0.6054882205688854
23904,0.009288330134049592
23905,0.705064739659789
23906,0.3060858670156684
23907,0.3846670770902405
23908,0.009511642064682363
23909,0.7112165240238438
23910,0.5620567811895617
23911,0.06319425623128606
23912,0.06179334728002789
23913,0.009761996772322541
23914,0.8470756951293816
23915,0.07737894029740958
23916,0.600928856668532
23917,0.014953129378387433
23918,0.04215806250923762
23919,0.683571054939966
23920,0.8684457481199106
23921,0.4319346025851083
23922,0.6137112407540666
23923,0.8141349540876519
23924,0.019948615777227195
23925,0.7870262677211306
23926,0.24201869960690325
23927,0.02264616313427961
23928,0.5036959487243711
23929,0.009614182390971282
23930,0.2670572061473464
23931,0.7473088162023965
23932,0.006315675896329247
23933,0.025109719634828873
23934,0.02594974209356041
23935,0.7099222337537396
23936,0.3656607060789307
23937,0.04073931692413092
23938,0.6419933857101081
23939,0.4279329287435535
23940,0.3359040103921739
23941,0.2720452843036375
23942,0.33162670982950315
23943,0.2920851269549274
23944,0.586949812446756
23945,0.6354153214111443
23946,0.7272135124145078
23947,0.23692669747987477
23948,0.08581342138349256
23949,0.6248409826561561
23950,0.6482403915572184
23951,0.009796451800359584
23952,0.7768533140970109
23953,0.02680831236696804
23954,0.6627412208223482
23955,0.0730380798219834
23956,0.39207611733547176
23957,0.6459806525629841
23958,0.4720479659109286
23959,0.15846477675449397
23960,0.6822933401064082
23961,0.8573267236970123
23962,0.027613138159577208
23963,0.31994005115058183
23964,0.03629401021598497
23965,0.7847369341657029
23966,0.7703514732643644
23967,0.15800117571466524
23968,0.5696076926490687
23969,0.415212291017532
23970,0.32512414383648647
23971,0.021086471909733596
23972,0.21025507853612538
23973,0.789172435861342
23974,0.5441115642829331
23975,0.5932846236129569
23976,0.014951386262034192
23977,0.826082912871909
23978,0.5121191608992086
23979,0.5913638193979456
23980,0.0295123487308397
23981,0.03851916553797015
23982,0.03698284151451483
23983,0.22082408139571036
23984,0.03368947043143262
23985,0.8392081257444033
23986,0.3684299655645499
23987,0.055322929850281796
23988,0.7117367576083018
23989,0.06328212057157898
23990,0.01162218581479503
23991,0.01141839227542795
23992,0.009085423370090811
23993,0.3700215171211244
23994,0.01700876929245609
23995,0.016942995479233978
23996,0.9036513674891806
23997,0.04010678132558325
23998,0.23421462598361903
23999,0.01216121132303443
24000,0.8894843513239554
24001,0.01787564300474719
24002,0.008778436854013551
24003,0.4868778301020648
24004,0.06058054962809856
24005,0.7624314231350238
24006,0.3633729839533371
24007,0.060590508855911024
24008,0.060173010902136476
24009,0.03373906532394526
24010,0.3464435184617676
24011,0.5985339638475684
24012,0.4438559184810881
24013,0.5778892085246836
24014,0.319453426173975
24015,0.31268731631429186
24016,0.5390495946753894
24017,0.6226351989377755
24018,0.5785248355839178
24019,0.011729506190375735
24020,0.04328508211225783
24021,0.6524732249491378
24022,0.22815396027663304
24023,0.7710683436555493
24024,0.0219347028015925
24025,0.5836901292767058
24026,0.441163928260096
24027,0.5354018676666592
24028,0.290166914007768
24029,0.3218569786906603
24030,0.18425316258628793
24031,0.014573837616546867
24032,0.48366612465647835
24033,0.6558122086491553
24034,0.7015804698913432
24035,0.4580505907169418
24036,0.29894067943060554
24037,0.322702543520787
24038,0.007159795210344651
24039,0.06498044025196217
24040,0.381329745150521
24041,0.2900162419474142
24042,0.024488880463750307
24043,0.5651933153736756
24044,0.013611827119721125
24045,0.8732850205996475
24046,0.02716585273910431
24047,0.6026420812851733
24048,0.37150305818106477
24049,0.48670646600923445
24050,0.48778385161842774
24051,0.2161685256543621
24052,0.6753509509000523
24053,0.5297390274947155
24054,0.2915108710069806
24055,0.24802044955705105
24056,0.010362179620526497
24057,0.6405293089724919
24058,0.12742661502602107
24059,0.012525899080065477
24060,0.44158799270117643
24061,0.00545610711179726
24062,0.5943215852380672
24063,0.4805006203154083
24064,0.35512694234178965
24065,0.23719487925285956
24066,0.004250589051813139
24067,0.0326635603209754
24068,0.504685031493016
24069,0.026027205411207024
24070,0.049839736230879304
24071,0.6357700132370183
24072,0.02013217326586417
24073,0.5392792862616725
24074,0.7108248734723358
24075,0.00967315782406213
24076,0.3027223184819895
24077,0.00854155881140026
24078,0.039431278836678664
24079,0.029020940814413455
24080,0.589332626572904
24081,0.11191668708294457
24082,0.6455190178275322
24083,0.8144588000834048
24084,0.431184256470467
24085,0.02144499548604793
24086,0.07655634899835365
24087,0.6570301809758674
24088,0.009916037452341955
24089,0.19271451609625234
24090,0.6537840565472754
24091,0.7052367572639421
24092,0.009140355233764826
24093,0.40160798128636555
24094,0.7868938417866146
24095,0.6690048113011559
24096,0.31860893596760875
24097,0.573878711276338
24098,0.21807392934091918
24099,0.02823151712166643
24100,0.7510621770637971
24101,0.8137862262651386
24102,0.04045022624721968
24103,0.3689658008956215
24104,0.4181348304450274
24105,0.8667316725722473
24106,0.03173131270651951
24107,0.431818284243891
24108,0.8238366830442929
24109,0.49598513447569165
24110,0.006622275959176193
24111,0.7238606653638782
24112,0.8115406930571585
24113,0.5556588208683377
24114,0.24582195017725061
24115,0.029165826155646512
24116,0.01610508073073672
24117,0.711634543644962
24118,0.5742201075531408
24119,0.4301327962183079
24120,0.8387086700030391
24121,0.0089101788896198
24122,0.010171696257871855
24123,0.05023578445475147
24124,0.00834707894135486
24125,0.4758641787164792
24126,0.7266278976438441
24127,0.5953607317098467
24128,0.5964745330935395
24129,0.01205031796175026
24130,0.42479391887089535
24131,0.1359842115639877
24132,0.288772536800202
24133,0.020846057903718088
24134,0.15547333403220867
24135,0.7392170183021791
24136,0.7186934559045628
24137,0.0637166985727027
24138,0.6416583856840263
24139,0.7114951944843181
24140,0.6566835742549364
24141,0.05440418786960791
24142,0.017797251957263616
24143,0.004830887458159346
24144,0.3625470795759944
24145,0.5645739339747593
24146,0.711567991274772
24147,0.49498256479946634
24148,0.566498985603556
24149,0.0092959928890699
24150,0.03162639593804198
24151,0.019675999770544638
24152,0.5455025344958336
24153,0.025059806054913664
24154,0.022371830235248275
24155,0.6787131003768596
24156,0.013841004290953083
24157,0.20948374845254558
24158,0.7395473248625775
24159,0.00992088379939669
24160,0.008853147297715056
24161,0.42419985473241617
24162,0.6564899361660986
24163,0.26667628954614936
24164,0.02028767352276832
24165,0.5652147552333071
24166,0.4014653754507548
24167,0.09569271880761385
24168,0.6055599932465018
24169,0.2729900284095871
24170,0.011513784248226109
24171,0.020682498815135283
24172,0.03457311636339685
24173,0.7110861634028738
24174,0.5248583158306755
24175,0.32920473979703896
24176,0.03289264804266726
24177,0.426443002214638
24178,0.02149202068184027
24179,0.6318873629628816
24180,0.006859647630888662
24181,0.6163355104187049
24182,0.008220942295592896
24183,0.4218737981732708
24184,0.5504367848220795
24185,0.015546309665570525
24186,0.4705052654136657
24187,0.18328827410700685
24188,0.7833001711200416
24189,0.33597453039923963
24190,0.019955601355195935
24191,0.7149206696359622
24192,0.24297223015282995
24193,0.67061005569607
24194,0.41048136427572657
24195,0.6396420850800284
24196,0.01062517740731255
24197,0.3097715682175998
24198,0.5543496305147397
24199,0.029024988443436418
24200,0.5917827620282669
24201,0.6594491821071982
24202,0.23726497269447006
24203,0.01053627547349536
24204,0.01857570325916818
24205,0.607658740904854
24206,0.2686169731494255
24207,0.03853305127391274
24208,0.13948143328253004
24209,0.026628311635367764
24210,0.7573867642092731
24211,0.012042460825586576
24212,0.011569803028011806
24213,0.5876522981013446
24214,0.5328648310526881
24215,0.01890970186014213
24216,0.7194834286141008
24217,0.009009836715351622
24218,0.05777759084177461
24219,0.5987952427838746
24220,0.0418050943951457
24221,0.7555102287745558
24222,0.8510279042690875
24223,0.8088568576708214
24224,0.6978582102660965
24225,0.2134227660108296
24226,0.7763602888294675
24227,0.0533943035149701
24228,0.5119552881798851
24229,0.017447785867204177
24230,0.3830318997909887
24231,0.07415906304927346
24232,0.8093543815028607
24233,0.029153667998795103
24234,0.10952713956235888
24235,0.6292921378036537
24236,0.8495634660056677
24237,0.026488390545472654
24238,0.38064879958861364
24239,0.40263372244843054
24240,0.5133610918617594
24241,0.05734437944138156
24242,0.8109976867182712
24243,0.6946591883095742
24244,0.019347151726953105
24245,0.2150788727242942
24246,0.024131091137038325
24247,0.09867007547916248
24248,0.2111480510030449
24249,0.7251223092180048
24250,0.062249680649144976
24251,0.4105824394295806
24252,0.5356541642899328
24253,0.7310282625236053
24254,0.40547058591622903
24255,0.6926128553889924
24256,0.034638518634350676
24257,0.2326691529723921
24258,0.530092737840362
24259,0.29771407331663957
24260,0.30153712993489634
24261,0.012048888227847068
24262,0.05367609004832958
24263,0.008115738608524629
24264,0.3716207655475772
24265,0.006864352874627642
24266,0.07795773400051025
24267,0.3738367294836921
24268,0.062369153819590725
24269,0.5728666781125475
24270,0.004323661420286066
24271,0.007450685232377406
24272,0.6298948975840591
24273,0.39038563179848873
24274,0.5070592106944117
24275,0.5343233105249835
24276,0.4093394949712794
24277,0.3980900561043146
24278,0.014430785147382538
24279,0.5480740156197526
24280,0.8568356648236878
24281,0.7308795435670795
24282,0.40219463041029146
24283,0.7821396802202055
24284,0.8526245040297634
24285,0.7737299806119289
24286,0.4139884950720662
24287,0.7251809594620173
24288,0.6091694325514676
24289,0.16432527383501136
24290,0.5762494515399268
24291,0.03587308201122345
24292,0.3890851206185445
24293,0.6993810184539333
24294,0.7204031656584209
24295,0.6641821565408949
24296,0.4386560660995923
24297,0.5279659385387727
24298,0.3523514339183688
24299,0.7053153806937609
24300,0.7569560110471891
24301,0.7245026319029721
24302,0.005747945695361197
24303,0.2079318171247383
24304,0.16022159936752262
24305,0.008699518462563942
24306,0.13656433846594104
24307,0.0073461075740807475
24308,0.45394920231382635
24309,0.03630911013765615
24310,0.008540718290048455
24311,0.016504306793407454
24312,0.7230865478729669
24313,0.201324496255286
24314,0.5123348938950656
24315,0.05874692619313705
24316,0.680330626606342
24317,0.6300539378068005
24318,0.04694078936112733
24319,0.29770979917335827
24320,0.031352311777475245
24321,0.6269184029511589
24322,0.0600597784958575
24323,0.09294227150179461
24324,0.5701913956398309
24325,0.053094095205093866
24326,0.6514476155782218
24327,0.8840900921021195
24328,0.016998469267171183
24329,0.2579408077116842
24330,0.7985991959097056
24331,0.7721498225959388
24332,0.045603671564409615
24333,0.7901140759920426
24334,0.0105327553461974
24335,0.03140840862744856
24336,0.6575668398494033
24337,0.4347860104260872
24338,0.12790177266011507
24339,0.7638208941426312
24340,0.007527276258948649
24341,0.4486222676972703
24342,0.06921085032320864
24343,0.2851776580625654
24344,0.08304562003104088
24345,0.21764211291097857
24346,0.8249854332509297
24347,0.7859067594259589
24348,0.6733902194208254
24349,0.7471434195405543
24350,0.6911306511847036
24351,0.010065427389582758
24352,0.009672226599986787
24353,0.014176432325942206
24354,0.08360327129749277
24355,0.018871763888577676
24356,0.07546564067279454
24357,0.7023200949030892
24358,0.013988441061572909
24359,0.6346971924357709
24360,0.6926641120542686
24361,0.7591322242197183
24362,0.6446051445185613
24363,0.037204894013793996
24364,0.04042929141345472
24365,0.4678015720019937
24366,0.05651321032293784
24367,0.00843808958752727
24368,0.8503708268047505
24369,0.3255310298579866
24370,0.29212128293233175
24371,0.4639588766271407
24372,0.816873098686107
24373,0.6552182576560762
24374,0.8423004280969161
24375,0.27416731507241876
24376,0.30920155049884535
24377,0.4563090563430683
24378,0.01141553930374868
24379,0.4281404743049148
24380,0.028773832292607472
24381,0.44930290014964425
24382,0.1681652998342665
24383,0.03340006359198948
24384,0.12622626882959784
24385,0.3936546182637458
24386,0.031710761824450616
24387,0.7847664968806888
24388,0.5550095004207232
24389,0.7506298271121856
24390,0.8646903838954143
24391,0.8084715928912231
24392,0.022770635562045907
24393,0.7359621030921654
24394,0.3509758562902461
24395,0.006498626020381906
24396,0.8607981331858843
24397,0.8108758732281922
24398,0.4967094718836383
24399,0.04268357820144883
24400,0.8340774330423595
24401,0.006682792859298441
24402,0.43291804060602385
24403,0.03728034043396034
24404,0.27274598225394026
24405,0.661200550420377
24406,0.47313444972026186
24407,0.007965914696976918
24408,0.012634829104257853
24409,0.5487768846319085
24410,0.020430326775748485
24411,0.4569985795395087
24412,0.01767773247242947
24413,0.33223175545358596
24414,0.02912472055094837
24415,0.06552897592035559
24416,0.6390277607915039
24417,0.12918040918571133
24418,0.05827168910517484
24419,0.018509827360590488
24420,0.6531378080415429
24421,0.359984931890064
24422,0.843821644363232
24423,0.05531875359318152
24424,0.008955650149640507
24425,0.23297431930271403
24426,0.4074655209624698
24427,0.48636325370589356
24428,0.30838179222684853
24429,0.6400300150226719
24430,0.6588750839717912
24431,0.6119655731437016
24432,0.6271974429116407
24433,0.11129539929451486
24434,0.8411498972734407
24435,0.0234002465868103
24436,0.02393977110092058
24437,0.06750595176215032
24438,0.2492034625465558
24439,0.44599512776132944
24440,0.012284363046518608
24441,0.0234302070402433
24442,0.008791130788967446
24443,0.8683059719291033
24444,0.38800218312283963
24445,0.22841902136172235
24446,0.2622248148820011
24447,0.6108962739365792
24448,0.14832532498999787
24449,0.5258577441077519
24450,0.7596573318391882
24451,0.41299915837634904
24452,0.3134397597575551
24453,0.7189246456773164
24454,0.7602603925578375
24455,0.2827402347398718
24456,0.4664189164946097
24457,0.4761277999567304
24458,0.8329368869083724
24459,0.5913463545832285
24460,0.29647303261100005
24461,0.7629595410708073
24462,0.00706570150760237
24463,0.05139512939891182
24464,0.01213862477561104
24465,0.6387588433313075
24466,0.014988132311890962
24467,0.011556682333021564
24468,0.4554695605789109
24469,0.8790400696594306
24470,0.02245969384944513
24471,0.5369582327089332
24472,0.39070789142185547
24473,0.023607760229982025
24474,0.1485665874110474
24475,0.168574388281417
24476,0.005885767849121772
24477,0.701302898711047
24478,0.8945370134833724
24479,0.757475899859355
24480,0.46893513415099625
24481,0.022746301698718278
24482,0.5968832869532116
24483,0.32506008436466105
24484,0.23205728039126478
24485,0.6224752812214244
24486,0.8616694518762096
24487,0.8482675064986521
24488,0.007701055430311461
24489,0.7337356317953883
24490,0.17352723232449274
24491,0.6836573158499105
24492,0.8757894687436631
24493,0.05991273683775453
24494,0.6968458822752374
24495,0.08588975231034916
24496,0.8666965085656145
24497,0.4051766850895599
24498,0.7608664191159042
24499,0.4465264135911794
24500,0.3828992011345847
24501,0.007132917031596392
24502,0.5577035247960503
24503,0.8136911756407688
24504,0.04094410989927211
24505,0.42630570981989097
24506,0.20398631469549935
24507,0.7389557971578005
24508,0.05659705029519859
24509,0.037737153382984334
24510,0.6826892837186647
24511,0.7524386851588993
24512,0.8433673381315743
24513,0.6836887076082165
24514,0.5360280789410955
24515,0.8471249164000234
24516,0.007949066688878504
24517,0.053710390013084135
24518,0.6866706949893299
24519,0.36344557916528786
24520,0.030023821097026424
24521,0.013908801360744873
24522,0.8777718262213905
24523,0.01753827404561592
24524,0.5683362414344054
24525,0.2719739682233251
24526,0.015272649520876523
24527,0.6229544787121827
24528,0.6624218733509781
24529,0.005343709599260793
24530,0.7155387189451446
24531,0.6745205504519842
24532,0.029638105860130184
24533,0.04474648205578169
24534,0.019636681119734725
24535,0.020059422622119186
24536,0.7002375378003599
24537,0.006804741458422359
24538,0.16937710235766582
24539,0.7056825842795774
24540,0.007627775481314589
24541,0.01650820214847816
24542,0.28009867984053416
24543,0.011421563578900583
24544,0.4934068026236217
24545,0.31486292643485414
24546,0.6265732790306378
24547,0.4622635035635553
24548,0.007179954628243701
24549,0.006495343009637139
24550,0.012159446466978316
24551,0.00793283189471189
24552,0.031480526679675595
24553,0.22413800351566077
24554,0.011316082913188584
24555,0.623478994024191
24556,0.9402550208719658
24557,0.014782640022973982
24558,0.7570573203552751
24559,0.023739530834947856
24560,0.12984121377444238
24561,0.3203893864258271
24562,0.2724718178550674
24563,0.6068181837249962
24564,0.4711628529841702
24565,0.01589306248138989
24566,0.008567780599177061
24567,0.5898754035684006
24568,0.34550800797903614
24569,0.537999062897525
24570,0.7432681461909934
24571,0.026548467542513558
24572,0.01952880910325864
24573,0.04853707107408982
24574,0.5349578973912212
24575,0.028854894042445088
24576,0.786658738248077
24577,0.7480183043492346
24578,0.5533277559639009
24579,0.006985157162641546
24580,0.017738284864962706
24581,0.19891121966573536
24582,0.030018363196849182
24583,0.24245919777270625
24584,0.6574415677857328
24585,0.448903807165594
24586,0.1290326060929571
24587,0.5944324711285457
24588,0.5891134134655225
24589,0.010863885884473175
24590,0.38135278921242427
24591,0.6590723474317373
24592,0.5038222023121619
24593,0.4397188882237703
24594,0.5223410088897196
24595,0.031268177605607614
24596,0.01449122535045871
24597,0.018571913714580522
24598,0.02099117516334403
24599,0.7302664523156321
24600,0.4429566341266596
24601,0.005072236455561449
24602,0.004479472346710891
24603,0.465458802560852
24604,0.02718878224273502
24605,0.0066891756914019265
24606,0.2641014677725073
24607,0.019716535213225132
24608,0.06296454067788287
24609,0.28946138408249855
24610,0.16950403471330322
24611,0.478923479798237
24612,0.7237009971537579
24613,0.026318479869786977
24614,0.01674749242516157
24615,0.560471081914644
24616,0.23972554523315281
24617,0.6883475124481043
24618,0.8040644265714684
24619,0.4821060445994867
24620,0.06494810158182168
24621,0.2908121101619834
24622,0.5587571342787917
24623,0.022339445939927965
24624,0.02184783655687151
24625,0.46221482229677213
24626,0.12501630521170323
24627,0.38800757039264794
24628,0.025427449844421246
24629,0.011985445471518526
24630,0.460421776802754
24631,0.34940089318761075
24632,0.48046953398657716
24633,0.7464648485910996
24634,0.5759825971359712
24635,0.021179268210200736
24636,0.015079730741418124
24637,0.21589371120567108
24638,0.7572064848225563
24639,0.33948656150284917
24640,0.009001024912073254
24641,0.48176902819946016
24642,0.15155924461866768
24643,0.01120540984266092
24644,0.2169964747658406
24645,0.020843307958321955
24646,0.8876104609254627
24647,0.2697858293805662
24648,0.5665519185190705
24649,0.022056362623808164
24650,0.018119304217016786
24651,0.6406675052846829
24652,0.6074123075981388
24653,0.7691623768924158
24654,0.0313553560278593
24655,0.43541245884297874
24656,0.15151274345598498
24657,0.010350559020202642
24658,0.012175888620616937
24659,0.037105580464803695
24660,0.711719709408112
24661,0.6641365203179063
24662,0.0172610627687455
24663,0.37575260609259437
24664,0.5879111941461344
24665,0.06350096941456539
24666,0.6062362643516773
24667,0.7982420133993259
24668,0.009206016609786889
24669,0.10320075380099278
24670,0.7888506923039851
24671,0.005326125985973263
24672,0.5749424196183544
24673,0.027899616264948485
24674,0.015435636947625878
24675,0.8908708136242207
24676,0.8421167130093967
24677,0.0257685559695413
24678,0.024240026219266433
24679,0.2791886615654925
24680,0.8507516602656668
24681,0.8895441629735067
24682,0.01130509155677768
24683,0.0201565941543941
24684,0.5892589042998992
24685,0.030183867488810787
24686,0.055170681955505264
24687,0.1283673746486787
24688,0.017777024154292328
24689,0.9257810003775352
24690,0.8527141219045077
24691,0.8689121289459755
24692,0.7085731891468119
24693,0.07858327173125093
24694,0.580826093301217
24695,0.04164440425304491
24696,0.03402590925193951
24697,0.2668107917105198
24698,0.059123991295848916
24699,0.03579752395942904
24700,0.6332965199418847
24701,0.5749594798470589
24702,0.021359677407956523
24703,0.7524396015406074
24704,0.6569448948923093
24705,0.5574010118943609
24706,0.09331763783720118
24707,0.01633273054050371
24708,0.4183838746545955
24709,0.008104966171583112
24710,0.08021830893791915
24711,0.22875169421409378
24712,0.584598925761575
24713,0.489884241392538
24714,0.008582493455092013
24715,0.026625858148626037
24716,0.00564881619481427
24717,0.561267353939182
24718,0.8445745784589764
24719,0.8333029940486361
24720,0.731176925214853
24721,0.5226722401957118
24722,0.08092756680857328
24723,0.03169324175705407
24724,0.007082495132450721
24725,0.2412271813295824
24726,0.25953208708082526
24727,0.023142495030005667
24728,0.014621509049908667
24729,0.27500632591958796
24730,0.017633862313311714
24731,0.7224622707402311
24732,0.6598597223793197
24733,0.0582458647534747
24734,0.5818077789914803
24735,0.023056253107019913
24736,0.511271023449095
24737,0.006612603990568181
24738,0.7149313866485321
24739,0.1765477377088227
24740,0.30242504334784703
24741,0.022880608887021262
24742,0.012317478401681962
24743,0.6988086395032636
24744,0.05004149168647556
24745,0.7966461979263342
24746,0.5270483522707519
24747,0.023247084611385416
24748,0.4894428610549131
24749,0.600580572168669
24750,0.11105628966254451
24751,0.7720722178813861
24752,0.531004405795863
24753,0.6882164373241714
24754,0.0346466426404235
24755,0.02261275591211556
24756,0.21376220742947122
24757,0.2612146724402339
24758,0.006090455557492247
24759,0.8322458875208744
24760,0.7529452759878742
24761,0.5071883071768599
24762,0.037284071214083885
24763,0.7977588222882522
24764,0.03249553128180301
24765,0.8756751998276429
24766,0.8129003547526855
24767,0.025580295404505696
24768,0.02134031080760665
24769,0.013595515861222096
24770,0.5942080420979797
24771,0.7493310452605078
24772,0.04120706836005615
24773,0.19410311030091587
24774,0.36010663493032324
24775,0.7159189970016265
24776,0.02023709074297175
24777,0.06662858134201301
24778,0.02782895227070099
24779,0.052367980518945915
24780,0.3392606994400448
24781,0.8891808537158721
24782,0.5102133902106285
24783,0.19412749362971624
24784,0.5939232396179002
24785,0.481896975617783
24786,0.24712373768902565
24787,0.6388231525695709
24788,0.16687650865240944
24789,0.1309801071467859
24790,0.012938284587081742
24791,0.031828515921270534
24792,0.020204168396991143
24793,0.006769172680774042
24794,0.4011081183134182
24795,0.010116340063127746
24796,0.007691397317371409
24797,0.564016252119699
24798,0.5410736403366916
24799,0.5144383795220089
24800,0.2579585634929331
24801,0.5104004053573108
24802,0.062482781596995524
24803,0.009907636758137673
24804,0.30109471298871676
24805,0.017765392925728197
24806,0.6685136488452204
24807,0.008554520674562582
24808,0.01816759339949547
24809,0.010470368310706317
24810,0.012688121334045024
24811,0.47802349320934767
24812,0.053607721105079664
24813,0.5165896906436334
24814,0.05427109939967781
24815,0.009136098662850102
24816,0.24874018876627346
24817,0.2731001784034427
24818,0.1654769174753149
24819,0.08534265249105599
24820,0.42978494517981086
24821,0.011807694616695832
24822,0.06511548287987816
24823,0.014605208874085611
24824,0.7621226242979975
24825,0.8040343550722098
24826,0.6846267185485608
24827,0.8490255370671866
24828,0.38196805874018896
24829,0.38230470193330296
24830,0.6554107740209076
24831,0.016641261875153825
24832,0.2122653136439398
24833,0.8146083951001535
24834,0.44028004595671616
24835,0.025409775614570897
24836,0.019818546758069586
24837,0.4071259044340638
24838,0.06548265314145346
24839,0.026219559609287072
24840,0.007588758714617729
24841,0.7290926645596162
24842,0.8155252515159321
24843,0.9224782458888283
24844,0.6214505127034929
24845,0.021617581877317313
24846,0.03379836565772888
24847,0.06978255627799099
24848,0.004967983978968957
24849,0.011595054445670805
24850,0.5382281384192799
24851,0.8320636684466407
24852,0.014844673452368883
24853,0.015432647056586146
24854,0.02349936296584814
24855,0.5198207607015445
24856,0.030280582518633588
24857,0.020663667283989866
24858,0.8561402998873248
24859,0.006204600823573131
24860,0.008361609252456707
24861,0.2157803830615817
24862,0.714159215061639
24863,0.005367460584214782
24864,0.7100877180787939
24865,0.06813181850331863
24866,0.2424822570697426
24867,0.4497742888620649
24868,0.5533234180721535
24869,0.6895280241830095
24870,0.837640805407014
24871,0.03359579131489387
24872,0.028733208337956378
24873,0.5519233471890642
24874,0.2032597618359956
24875,0.5234304961552385
24876,0.011993045854015763
24877,0.007479944200971157
24878,0.36535424169063635
24879,0.38540186093990725
24880,0.007760647731651659
24881,0.8550605370397247
24882,0.5839297644141143
24883,0.012363361800706128
24884,0.8118442377208476
24885,0.018909036259081764
24886,0.21458275584869657
24887,0.185473451607649
24888,0.6376712629689248
24889,0.010295644424489074
24890,0.5145369109147093
24891,0.24597056157503952
24892,0.013256466003708643
24893,0.3202702882117632
24894,0.008390930776555335
24895,0.020077488268608966
24896,0.025280357032617006
24897,0.02047218317315016
24898,0.339563666214161
24899,0.38378343188234176
24900,0.01255252425846859
24901,0.07363614790643613
24902,0.2663037073940507
24903,0.5028387492916412
24904,0.01833357042648768
24905,0.14671713921032073
24906,0.6357209783129779
24907,0.013755646874141941
24908,0.3083715329436737
24909,0.3428845591715174
24910,0.37559951455265594
24911,0.8186047349367545
24912,0.5646981862324024
24913,0.5442330993458184
24914,0.4699757954285255
24915,0.04829492743739318
24916,0.47152091450994293
24917,0.7124578205149308
24918,0.010751076073698853
24919,0.011714877164003613
24920,0.40438912046698056
24921,0.015446433029490218
24922,0.8628197692714763
24923,0.010696138493919984
24924,0.1923228127614017
24925,0.40203715047737754
24926,0.08350525477316535
24927,0.6996755865831327
24928,0.05250671881753498
24929,0.129099128510978
24930,0.014221801758572678
24931,0.039474845708553835
24932,0.6495190400553124
24933,0.5706005096869177
24934,0.009533760013576722
24935,0.4174728625617715
24936,0.7485455882629566
24937,0.6470343104724936
24938,0.01704102745944288
24939,0.009039242916393138
24940,0.011388810792429762
24941,0.017500168391030194
24942,0.1427050169244539
24943,0.7241965109246306
24944,0.10802656549684955
24945,0.7356836725313013
24946,0.015829471316925733
24947,0.004407995184168815
24948,0.4850375369725852
24949,0.024264889155621836
24950,0.6265704637648927
24951,0.7852176985157906
24952,0.79379468048592
24953,0.6724770504283542
24954,0.4894938820950373
24955,0.06334498818905762
24956,0.8376234841083672
24957,0.7008612944882506
24958,0.009341496764750958
24959,0.41206965879376106
24960,0.6689879475616289
24961,0.5410950701400481
24962,0.7117981880893394
24963,0.017266963832174936
24964,0.08413824400024128
24965,0.8168356571857611
24966,0.030662162650606794
24967,0.6210648400233412
24968,0.7034398007186546
24969,0.03759865365482628
24970,0.7704032352705354
24971,0.045412788672752016
24972,0.33707482613110973
24973,0.039105728266357116
24974,0.4056776455321105
24975,0.6521999450945853
24976,0.6806297835866331
24977,0.01138149845245117
24978,0.02401653567444939
24979,0.7856372680560108
24980,0.8575726750504871
24981,0.7070488517530382
24982,0.5455729958891958
24983,0.009091519016573063
24984,0.49323702830786176
24985,0.7766342158195646
24986,0.24997154777387737
24987,0.6789263598492242
24988,0.3830829947049054
24989,0.02200357565094313
24990,0.6407055348870224
24991,0.06566163869242421
24992,0.40749189829203
24993,0.09100919276831107
24994,0.26949759026427295
24995,0.0532861518158137
24996,0.7324443643211856
24997,0.026666053938905004
24998,0.431407198983028
24999,0.40615851573326134
